sequence_id,ligand,manifest_label,binds_this_ligand,eligible,in_selection,plddt_ligand,plddt_pocket,geometry_score,hbond_distance,n_valid_seeds
BA_PYR1_0001,LCA3S,nonbinder,0,1,0,0.74275,0.95315,0.34725,0.605,4
BA_PYR1_0001,LCAM,nonbinder,0,1,0,0.7496,0.9404,0.7076,2.736,5
BA_PYR1_0002,LCA3S,nonbinder,0,1,0,0.69845,0.9561,0.74025,3.468,2
BA_PYR1_0002,LCAM,nonbinder,0,1,0,0.558,0.942,0.4934,4.751,5
BA_PYR1_0003,LCA3S,nonbinder,0,1,0,0.7893,0.9535,0.2655,1.236,5
BA_PYR1_0003,LCAM,nonbinder,0,1,0,0.499,0.9364,0.4387,0.785,3
BA_PYR1_0004,LCA3S,LCA binder,0,1,1,0.8533,0.9633,0.1176,0.56,5
BA_PYR1_0004,LCAM,LCA binder,1,1,1,0.868,0.9545,0.6232,6.35,4
BA_PYR1_0005,LCA3S,nonbinder,0,0,0,0.924,0.958,0.1491,0.664,0
BA_PYR1_0005,LCAM,nonbinder,0,1,0,0.8147,0.9443,0.6338,3.2065,2
BA_PYR1_0006,LCA3S,nonbinder,0,1,0,0.7882,0.9605,0.2275,0.78,3
BA_PYR1_0006,LCAM,nonbinder,0,1,0,0.6867,0.9487,0.7252,3.041,5
BA_PYR1_0007,LCA3S,nonbinder,0,1,0,0.819,0.9468,0.1283,0.981,3
BA_PYR1_0007,LCAM,nonbinder,0,0,0,0.8914,0.936,0.7858,2.663,0
BA_PYR1_0008,LCA3S,nonbinder,0,1,0,0.7327,0.9409,0.3561,1.104,5
BA_PYR1_0008,LCAM,nonbinder,0,1,0,0.7372,0.9331,0.5708,2.337,5
BA_PYR1_0009,LCA3S,nonbinder,0,1,0,0.61115,0.93785,0.3808,1.3155,4
BA_PYR1_0009,LCAM,nonbinder,0,1,0,0.471,0.91875,0.34275,0.415,4
BA_PYR1_0010,LCA3S,nonbinder,0,1,0,0.7614,0.9463,0.2503,0.878,2
BA_PYR1_0010,LCAM,nonbinder,0,1,0,0.5303,0.9204,0.3244,4.536,3
BA_PYR1_0011,LCA3S,nonbinder,0,0,0,0.8401,0.9631,0.1975,1.4,0
BA_PYR1_0011,LCAM,nonbinder,0,1,0,0.8475,0.9512,0.4153,5.042,5
BA_PYR1_0012,LCA3S,nonbinder,0,1,0,0.7702,0.9486,0.4084,0.692,1
BA_PYR1_0012,LCAM,nonbinder,0,1,0,0.543,0.93385,0.8828,2.8355,4
BA_PYR1_0013,LCA3S,nonbinder,0,1,0,0.56335,0.9447,0.40975,6.095,4
BA_PYR1_0013,LCAM,nonbinder,0,1,0,0.6331,0.9466,0.539,2.865,5
BA_PYR1_0014,LCA3S,nonbinder,0,1,0,0.59195,0.94935,0.4147,1.4085,2
BA_PYR1_0014,LCAM,nonbinder,0,1,0,0.5132,0.9389,0.4004,4.827,3
BA_PYR1_0015,LCA3S,nonbinder,0,1,1,0.8522,0.97,0.40355,1.31,4
BA_PYR1_0015,LCAM,nonbinder,0,1,1,0.7666,0.9652,0.5515,1.1,5
BA_PYR1_0020,LCA3S,nonbinder,0,0,0,0.8468,0.9734,0.8654,2.34,0
BA_PYR1_0020,LCAM,nonbinder,0,1,1,0.8206,0.9646,0.8859,2.193,5
BA_PYR1_0021,LCA3S,nonbinder,0,1,0,0.74895,0.9614,0.083,1.102,4
BA_PYR1_0021,LCAM,nonbinder,0,1,0,0.6271,0.9557,0.7954,2.407,5
BA_PYR1_0022,LCA3S,nonbinder,0,1,0,0.8316,0.956,0.4431,1.478,5
BA_PYR1_0022,LCAM,nonbinder,0,1,0,0.7032,0.9432,0.5741,4.213,5
BA_PYR1_0023,LCA3S,nonbinder,0,1,0,0.8328,0.9591,0.5912,1.298,5
BA_PYR1_0023,LCAM,nonbinder,0,1,0,0.6082,0.9433,0.5904,3.971,5
BA_PYR1_0024,LCA3S,nonbinder,0,1,0,0.9053,0.9593,0.1809,1.512,1
BA_PYR1_0024,LCAM,nonbinder,0,1,0,0.86605,0.93555,0.27785,3.97,4
BA_PYR1_0025,LCA3S,nonbinder,0,1,1,0.8073,0.9512,0.1365,0.835,5
BA_PYR1_0025,LCAM,nonbinder,0,1,0,0.7919,0.9452,0.882,2.397,5
BA_PYR1_0026,LCA3S,nonbinder,0,1,0,0.8063,0.9555,0.3846,0.457,5
BA_PYR1_0026,LCAM,nonbinder,0,1,0,0.8105,0.949,0.7075,2.576,3
BA_PYR1_0027,LCA3S,nonbinder,0,0,0,0.8976,0.9568,0.0999,0.955,0
BA_PYR1_0027,LCAM,nonbinder,0,1,0,0.8772,0.9491,0.6642,3.2365,4
BA_PYR1_0028,LCA3S,nonbinder,0,0,0,0.5592,0.9427,0.873,2.161,0
BA_PYR1_0028,LCAM,nonbinder,0,1,0,0.5268,0.941,0.9478,2.632,5
BA_PYR1_0029,LCA3S,nonbinder,0,1,0,0.6533,0.9485,0.5378,1.692,4
BA_PYR1_0029,LCAM,nonbinder,0,1,0,0.618,0.9409,0.6616,3.468,5
BA_PYR1_0030,LCA3S,nonbinder,0,1,0,0.48245,0.9351,0.5385,1.4295,4
BA_PYR1_0030,LCAM,nonbinder,0,1,0,0.4534,0.9267,0.76445,3.1095,4
BA_PYR1_0031,LCA3S,nonbinder,0,1,1,0.8369,0.9598,0.3848,1.131,5
BA_PYR1_0031,LCAM,nonbinder,0,1,0,0.7781,0.9397,0.68,3.621,5
BA_PYR1_0032,LCA3S,nonbinder,0,1,0,0.6154,0.9361,0.3941,1.51,5
BA_PYR1_0032,LCAM,nonbinder,0,1,0,0.4357,0.9204,0.3935,7.843,3
BA_PYR1_0033,LCA3S,nonbinder,0,1,0,0.8688,0.9607,0.297,1.289,5
BA_PYR1_0033,LCAM,nonbinder,0,1,0,0.7608,0.9441,0.475,4.351,5
BA_PYR1_0034,LCA3S,nonbinder,0,1,0,0.6036,0.9319,0.4166,1.149,5
BA_PYR1_0034,LCAM,nonbinder,0,1,0,0.58015,0.923,0.57305,1.7225,4
BA_PYR1_0035,LCA3S,nonbinder,0,1,0,0.8866,0.9571,0.6211,1.417,5
BA_PYR1_0035,LCAM,nonbinder,0,1,0,0.7914,0.9429,0.7285,3.382,5
BA_PYR1_0036,LCA3S,nonbinder,0,1,0,0.6325,0.9411,0.3434,1.4845,4
BA_PYR1_0036,LCAM,nonbinder,0,1,0,0.7853,0.936,0.5007,5.541,5
BA_PYR1_0037,LCA3S,nonbinder,0,1,0,0.7464,0.9596,0.2829,1.21,5
BA_PYR1_0037,LCAM,nonbinder,0,1,0,0.8139,0.9474,0.8521,3.323,5
BA_PYR1_0038,LCA3S,nonbinder,0,1,0,0.6228,0.9471,0.2045,1.0255,2
BA_PYR1_0038,LCAM,nonbinder,0,1,0,0.85065,0.94385,0.5933,3.8695,4
BA_PYR1_0039,LCA3S,nonbinder,0,1,0,0.7511,0.9556,0.3594,1.362,5
BA_PYR1_0039,LCAM,nonbinder,0,1,0,0.63665,0.94085,0.5163,6.032,4
BA_PYR1_0040,LCA3S,nonbinder,0,1,0,0.6915,0.9403,0.558,1.061,3
BA_PYR1_0040,LCAM,nonbinder,0,1,0,0.5031,0.9303,0.4166,1.226,5
BA_PYR1_0041,LCA3S,nonbinder,0,0,0,0.5362,0.9476,0.4314,0.851,0
BA_PYR1_0041,LCAM,nonbinder,0,1,0,0.5088,0.9349,0.5135,1.474,3
BA_PYR1_0042,LCA3S,nonbinder,0,1,0,0.5861,0.9416,0.5928,1.359,5
BA_PYR1_0042,LCAM,nonbinder,0,1,0,0.4701,0.9284,0.7981,2.654,5
BA_PYR1_0043,LCA3S,nonbinder,0,1,0,0.7299,0.9437,0.7049,1.872,5
BA_PYR1_0043,LCAM,nonbinder,0,1,0,0.6074,0.9316,0.509,4.063,5
BA_PYR1_0044,LCA3S,nonbinder,0,1,0,0.5375,0.9344,0.2569,1.127,3
BA_PYR1_0044,LCAM,nonbinder,0,1,0,0.54505,0.92765,0.68745,3.5735,4
BA_PYR1_0045,LCA3S,nonbinder,0,1,0,0.53105,0.9392,0.55655,1.086,4
BA_PYR1_0045,LCAM,nonbinder,0,1,0,0.5963,0.9309,0.4637,5.057,5
BA_PYR1_0047,LCA3S,nonbinder,0,0,0,0.6675,0.9512,0.1977,0.543,0
BA_PYR1_0047,LCAM,nonbinder,0,0,0,0.5736,0.9401,0.8469,2.106,0
BA_PYR1_0048,LCA3S,nonbinder,0,0,0,0.8749,0.9632,0.5491,1.305,0
BA_PYR1_0048,LCAM,nonbinder,0,1,1,0.8354,0.9523,0.8619,2.591,5
BA_PYR1_0051,LCA3S,nonbinder,0,0,0,0.7665,0.9481,0.0514,0.649,0
BA_PYR1_0051,LCAM,nonbinder,0,0,0,0.8681,0.9377,0.7272,2.56,0
BA_PYR1_0052,LCA3S,nonbinder,0,1,0,0.8214,0.96325,0.2057,0.693,2
BA_PYR1_0052,LCAM,nonbinder,0,1,0,0.7539,0.9565,0.6801,2.955,3
BA_PYR1_0053,LCA3S,nonbinder,0,0,0,0.8108,0.9588,0.2285,1.22,0
BA_PYR1_0053,LCAM,nonbinder,0,1,0,0.564,0.9352,0.5761,2.951,5
BA_PYR1_0054,LCA3S,nonbinder,0,0,0,0.902,0.9625,0.4259,1.201,0
BA_PYR1_0054,LCAM,nonbinder,0,1,0,0.87065,0.948,0.3527,4.3835,4
BA_PYR1_0055,LCA3S,nonbinder,0,0,0,0.8929,0.9585,0.1478,0.657,0
BA_PYR1_0055,LCAM,nonbinder,0,0,0,0.8819,0.9442,0.7293,2.472,0
BA_PYR1_0056,LCA3S,nonbinder,0,0,0,0.9265,0.9629,0.1603,0.795,0
BA_PYR1_0056,LCAM,nonbinder,0,1,0,0.8446,0.9437,0.458,2.121,1
BA_PYR1_0057,LCA3S,nonbinder,0,0,0,0.9109,0.9579,0.3991,0.928,0
BA_PYR1_0057,LCAM,nonbinder,0,1,1,0.9461,0.9635,0.2395,3.962,1
BA_PYR1_0058,LCA3S,nonbinder,0,1,0,0.8864,0.9552,0.1203,1.088,1
BA_PYR1_0058,LCAM,nonbinder,0,1,1,0.9047,0.9448,0.492,4.253,5
BA_PYR1_0060,LCA3S,nonbinder,0,0,0,0.8781,0.9703,0.9404,2.43,0
BA_PYR1_0060,LCAM,nonbinder,0,1,0,0.76815,0.95635,0.39585,5.0825,2
BA_PYR1_0061,LCA3S,nonbinder,0,1,0,0.7774,0.9564,0.5916,1.413,3
BA_PYR1_0061,LCAM,nonbinder,0,1,0,0.5227,0.9345,0.6977,2.885,5
BA_PYR1_0062,LCA3S,nonbinder,0,0,0,0.7284,0.9484,0.4633,1.208,0
BA_PYR1_0062,LCAM,nonbinder,0,1,0,0.5695,0.9309,0.6912,2.964,3
BA_PYR1_0063,LCA3S,nonbinder,0,0,0,0.5911,0.9486,0.1928,1.123,0
BA_PYR1_0063,LCAM,nonbinder,0,1,0,0.4702,0.9345,0.5805,4.228,3
BA_PYR1_0064,LCA3S,nonbinder,0,0,0,0.6881,0.9358,0.3681,1.075,0
BA_PYR1_0064,LCAM,nonbinder,0,1,0,0.7259,0.9305,0.1349,4.689,5
BA_PYR1_0065,LCA3S,nonbinder,0,0,0,0.7643,0.9455,0.2826,0.827,0
BA_PYR1_0065,LCAM,nonbinder,0,1,0,0.7993,0.9342,0.16545,4.6685,4
BA_PYR1_0066,LCA3S,nonbinder,0,0,0,0.8062,0.9595,0.5753,1.376,0
BA_PYR1_0066,LCAM,nonbinder,0,1,0,0.6799,0.9397,0.3963,4.669,2
BA_PYR1_0067,LCA3S,nonbinder,0,0,0,0.5294,0.9464,0.4437,0.672,0
BA_PYR1_0067,LCAM,nonbinder,0,1,0,0.49975,0.9409,0.10065,0.7615,4
BA_PYR1_0068,LCA3S,nonbinder,0,1,0,0.6246,0.9453,0.2787,1.208,1
BA_PYR1_0068,LCAM,nonbinder,0,0,0,0.6107,0.9327,0.8653,2.16,0
BA_PYR1_0069,LCA3S,nonbinder,0,1,0,0.6352,0.94165,0.37615,1.0225,4
BA_PYR1_0069,LCAM,nonbinder,0,1,0,0.5998,0.9293,0.68895,2.231,4
BA_PYR1_0070,LCA3S,nonbinder,0,1,0,0.6927,0.9295,0.1721,1.065,5
BA_PYR1_0070,LCAM,nonbinder,0,1,0,0.6371,0.9185,0.7371,2.31,5
BA_PYR1_0071,LCA3S,nonbinder,0,0,0,0.8708,0.9546,0.441,1.323,0
BA_PYR1_0071,LCAM,nonbinder,0,0,0,0.794,0.9419,0.9105,2.442,0
BA_PYR1_0077,LCA3S,nonbinder,0,1,0,0.8482,0.953,0.351,0.998,5
BA_PYR1_0077,LCAM,nonbinder,0,1,0,0.8211,0.9383,0.8631,2.73,5
BA_PYR1_0078,LCA3S,nonbinder,0,1,0,0.8349,0.95935,0.4384,0.987,4
BA_PYR1_0078,LCAM,nonbinder,0,1,0,0.5862,0.9402,0.4195,4.936,3
BA_PYR1_0081,LCA3S,nonbinder,0,1,0,0.792,0.9627,0.1365,1.142,1
BA_PYR1_0081,LCAM,nonbinder,0,1,0,0.70115,0.95595,0.96575,2.761,4
BA_PYR1_0083,LCA3S,both binder,1,1,1,0.8336,0.9644,0.1644,1.196,5
BA_PYR1_0083,LCAM,both binder,1,1,1,0.8701,0.96175,0.38035,9.174,4
BA_PYR1_0084,LCA3S,both binder,1,1,1,0.8686,0.9653,0.0563,0.889,5
BA_PYR1_0084,LCAM,both binder,1,1,1,0.864,0.9595,0.8087,1.961,5
BA_PYR1_0085,LCA3S,both binder,1,1,1,0.8424,0.9673,0.022,0.628,3
BA_PYR1_0085,LCAM,both binder,1,1,1,0.8628,0.9618,0.6132,1.672,5
BA_PYR1_0086,LCA3S,LCA binder,0,1,1,0.8658,0.9624,0.0746,1.033,1
BA_PYR1_0086,LCAM,LCA binder,1,1,1,0.89445,0.9556,0.31955,8.967,4
BA_PYR1_0087,LCA3S,nonbinder,0,0,0,0.9419,0.9603,0.2591,0.573,0
BA_PYR1_0087,LCAM,nonbinder,0,1,0,0.8849,0.9461,0.6808,3.005,2
BA_PYR1_0088,LCA3S,nonbinder,0,1,0,0.9021,0.9588,0.2029,1.372,5
BA_PYR1_0088,LCAM,nonbinder,0,1,0,0.7238,0.9418,0.8463,3.019,5
BA_PYR1_0089,LCA3S,nonbinder,0,0,0,0.9221,0.9559,0.0579,0.412,0
BA_PYR1_0089,LCAM,nonbinder,0,1,0,0.91325,0.94565,0.33025,3.7085,2
BA_PYR1_0090,LCA3S,nonbinder,0,0,0,0.8796,0.9456,0.179,0.691,0
BA_PYR1_0090,LCAM,nonbinder,0,0,0,0.8813,0.9351,0.7532,2.505,0
BA_PYR1_0091,LCA3S,nonbinder,0,1,1,0.8834,0.9645,0.2002,0.615,1
BA_PYR1_0091,LCAM,nonbinder,0,1,0,0.855,0.9573,0.7621,2.346,5
BA_PYR1_0092,LCA3S,nonbinder,0,1,1,0.9353,0.9675,0.5137,0.782,5
BA_PYR1_0092,LCAM,nonbinder,0,1,1,0.9373,0.9643,0.6927,3.262,5
BA_PYR1_0093,LCA3S,nonbinder,0,0,0,0.8413,0.9609,0.0942,1.136,0
BA_PYR1_0093,LCAM,nonbinder,0,1,0,0.7323,0.9554,0.2147,0.345,1
BA_PYR1_0094,LCA3S,nonbinder,0,0,0,0.9,0.9594,0.0479,0.925,0
BA_PYR1_0094,LCAM,nonbinder,0,0,0,0.8683,0.9406,0.8721,2.326,0
BA_PYR1_0095,LCA3S,nonbinder,0,1,0,0.619,0.9415,0.2458,0.929,3
BA_PYR1_0095,LCAM,nonbinder,0,1,0,0.5639,0.9389,0.3061,0.5,3
BA_PYR1_0097,LCA3S,nonbinder,0,1,0,0.79,0.9554,0.6352,1.765,5
BA_PYR1_0097,LCAM,nonbinder,0,1,0,0.6528,0.9413,0.8472,3.234,5
BA_PYR1_0098,LCA3S,nonbinder,0,1,0,0.83015,0.9391,0.25165,1.008,4
BA_PYR1_0098,LCAM,nonbinder,0,0,0,0.7797,0.9334,0.3314,5.281,0
BA_PYR1_0099,LCA3S,nonbinder,0,1,0,0.7708,0.9361,0.4653,1.027,5
BA_PYR1_0099,LCAM,nonbinder,0,1,0,0.76035,0.9326,0.64895,1.9465,4
BA_PYR1_0101,LCA3S,nonbinder,0,1,0,0.7691,0.9455,0.1161,1.07,4
BA_PYR1_0101,LCAM,nonbinder,0,1,0,0.57545,0.9201,0.46535,5.313,4
BA_PYR1_0102,LCA3S,nonbinder,0,0,0,0.8858,0.9601,0.2831,1.446,0
BA_PYR1_0102,LCAM,nonbinder,0,1,0,0.8463,0.9475,0.3423,5.776,3
BA_PYR1_0103,LCA3S,nonbinder,0,1,0,0.7219,0.9421,0.5812,1.327,5
BA_PYR1_0103,LCAM,nonbinder,0,1,0,0.4954,0.9256,0.5538,4.342,5
BA_PYR1_0104,LCA3S,nonbinder,0,1,0,0.85895,0.9499,0.27205,1.4905,4
BA_PYR1_0104,LCAM,nonbinder,0,1,0,0.6135,0.9356,0.9245,2.822,5
BA_PYR1_0105,LCA3S,nonbinder,0,1,0,0.5538,0.9404,0.7959,1.948,1
BA_PYR1_0105,LCAM,nonbinder,0,1,0,0.6724,0.94755,0.31175,7.8385,4
BA_PYR1_0123,LCA3S,nonbinder,0,1,0,0.8884,0.9596,0.5951,1.4,5
BA_PYR1_0123,LCAM,nonbinder,0,1,0,0.5741,0.9352,0.6239,3.836,5
BA_PYR1_0124,LCA3S,nonbinder,0,1,0,0.8295,0.9621,0.2916,1.174,5
BA_PYR1_0124,LCAM,nonbinder,0,1,0,0.7237,0.9498,0.8331,2.792,5
BA_PYR1_0129,LCA3S,nonbinder,0,1,0,0.8468,0.9622,0.1459,1.272,5
BA_PYR1_0129,LCAM,nonbinder,0,1,0,0.6677,0.95105,0.8244,2.3585,4
BA_PYR1_0130,LCA3S,nonbinder,0,1,0,0.8938,0.9601,0.6899,1.624,5
BA_PYR1_0130,LCAM,nonbinder,0,1,0,0.8408,0.949,0.5963,4.139,5
BA_PYR1_0131,LCA3S,nonbinder,0,1,0,0.9133,0.96275,0.6048,1.4045,4
BA_PYR1_0131,LCAM,nonbinder,0,1,0,0.6878,0.9455,0.6823,3.78,5
BA_PYR1_0132,LCA3S,nonbinder,0,0,0,0.8977,0.9681,0.3003,1.066,0
BA_PYR1_0132,LCAM,nonbinder,0,1,0,0.7255,0.9507,0.8509,3.29,5
BA_PYR1_0133,LCA3S,nonbinder,0,1,0,0.8425,0.9635,0.534,1.358,3
BA_PYR1_0133,LCAM,nonbinder,0,1,0,0.5309,0.9248,0.5343,1.98,3
BA_PYR1_0134,LCA3S,nonbinder,0,1,0,0.798,0.941,0.1494,1.3125,4
BA_PYR1_0134,LCAM,nonbinder,0,1,0,0.7729,0.9324,0.6502,3.204,5
BA_PYR1_0135,LCA3S,nonbinder,0,1,0,0.83075,0.9545,0.25685,1.0765,4
BA_PYR1_0135,LCAM,nonbinder,0,1,0,0.7611,0.9399,0.5879,3.947,5
BA_PYR1_0137,LCA3S,nonbinder,0,1,0,0.8703,0.95665,0.282,0.9125,4
BA_PYR1_0137,LCAM,nonbinder,0,1,0,0.824,0.9456,0.7609,3.227,5
BA_PYR1_0138,LCA3S,nonbinder,0,0,0,0.8871,0.9587,0.0721,0.825,0
BA_PYR1_0138,LCAM,nonbinder,0,1,1,0.859,0.9502,0.5814,2.196,5
BA_PYR1_0139,LCA3S,nonbinder,0,1,0,0.8915,0.9579,0.1088,1.073,5
BA_PYR1_0139,LCAM,nonbinder,0,1,0,0.8522,0.9488,0.68555,3.099,2
BA_PYR1_0140,LCA3S,nonbinder,0,1,0,0.6407,0.9456,0.9408,2.48,1
BA_PYR1_0140,LCAM,nonbinder,0,1,0,0.5208,0.9435,0.6533,2.115,5
BA_PYR1_0151,LCA3S,nonbinder,0,1,1,0.9036,0.9658,0.4391,1.482,5
BA_PYR1_0151,LCAM,nonbinder,0,1,0,0.545,0.93755,0.2893,2.825,4
BA_PYR1_0156,LCA3S,nonbinder,0,1,0,0.6908,0.9519,0.6297,1.485,5
BA_PYR1_0156,LCAM,nonbinder,0,1,0,0.6409,0.9422,0.6994,2.849,5
BA_PYR1_0157,LCA3S,nonbinder,0,1,0,0.7072,0.9541,0.6314,1.574,3
BA_PYR1_0157,LCAM,nonbinder,0,1,0,0.5921,0.9397,0.4412,6.636,5
BA_PYR1_0159,LCA3S,nonbinder,0,1,0,0.8569,0.9562,0.6334,1.62,5
BA_PYR1_0159,LCAM,nonbinder,0,1,0,0.6838,0.9268,0.5868,1.628,5
BA_PYR1_0160,LCA3S,nonbinder,0,0,0,0.8302,0.9587,0.916,2.777,0
BA_PYR1_0160,LCAM,nonbinder,0,1,0,0.7776,0.9559,0.9328,2.319,5
BA_PYR1_0161,LCA3S,nonbinder,0,1,0,0.8686,0.95585,0.54195,0.992,4
BA_PYR1_0161,LCAM,nonbinder,0,1,0,0.8434,0.9378,0.71,3.433,5
BA_PYR1_0162,LCA3S,nonbinder,0,1,0,0.7837,0.942,0.5132,1.174,5
BA_PYR1_0162,LCAM,nonbinder,0,1,0,0.5016,0.9216,0.3178,5.021,5
BA_PYR1_0163,LCA3S,nonbinder,0,1,0,0.9028,0.95495,0.59135,1.3555,4
BA_PYR1_0163,LCAM,nonbinder,0,1,0,0.8018,0.9354,0.4464,7.064,3
BA_PYR1_0164,LCA3S,nonbinder,0,1,1,0.9072,0.967,0.5556,1.396,5
BA_PYR1_0164,LCAM,nonbinder,0,1,0,0.8032,0.9474,0.5018,3.69,5
BA_PYR1_0165,LCA3S,nonbinder,0,1,0,0.7541,0.9381,0.5455,0.973,5
BA_PYR1_0165,LCAM,nonbinder,0,1,0,0.6553,0.932,0.8583,2.982,5
BA_PYR1_0166,LCA3S,nonbinder,0,1,0,0.8208,0.9408,0.3423,1.143,5
BA_PYR1_0166,LCAM,nonbinder,0,1,0,0.6634,0.9285,0.78825,3.024,2
BA_PYR1_0167,LCA3S,nonbinder,0,1,0,0.8257,0.9499,0.6445,1.51,5
BA_PYR1_0167,LCAM,nonbinder,0,1,0,0.6721,0.9356,0.4368,5.051,5
BA_PYR1_0168,LCA3S,nonbinder,0,1,0,0.8705,0.9538,0.5828,1.221,5
BA_PYR1_0168,LCAM,nonbinder,0,1,0,0.6724,0.9354,0.2798,3.94,5
BA_PYR1_0169,LCA3S,nonbinder,0,1,0,0.8659,0.9603,0.6592,1.608,3
BA_PYR1_0169,LCAM,nonbinder,0,1,0,0.7937,0.9452,0.73705,3.6705,2
BA_PYR1_0170,LCA3S,nonbinder,0,1,0,0.8888,0.9632,0.8352,2.111,3
BA_PYR1_0170,LCAM,nonbinder,0,1,0,0.6405,0.937,0.6207,4.7785,4
BA_PYR1_0171,LCA3S,nonbinder,0,1,0,0.75835,0.9449,0.48775,1.213,4
BA_PYR1_0171,LCAM,nonbinder,0,1,0,0.7708,0.9389,0.4949,6.15,5
BA_PYR1_0172,LCA3S,nonbinder,0,1,0,0.7516,0.9489,0.4771,1.281,3
BA_PYR1_0172,LCAM,nonbinder,0,1,0,0.8305,0.941,0.56285,4.823,2
BA_PYR1_0173,LCA3S,nonbinder,0,1,0,0.686,0.9284,0.551,1.314,1
BA_PYR1_0173,LCAM,nonbinder,0,0,0,0.7288,0.9311,0.5415,4.228,0
BA_PYR1_0174,LCA3S,nonbinder,0,1,1,0.8619,0.9558,0.3778,1.284,5
BA_PYR1_0174,LCAM,nonbinder,0,1,0,0.7295,0.9348,0.4608,7.995,3
BA_PYR1_0175,LCA3S,nonbinder,0,1,0,0.6744,0.9351,0.1852,0.936,3
BA_PYR1_0175,LCAM,nonbinder,0,1,0,0.59185,0.9268,0.51885,4.7245,4
BA_PYR1_0176,LCA3S,nonbinder,0,1,0,0.8368,0.95215,0.3045,1.0285,4
BA_PYR1_0176,LCAM,nonbinder,0,1,0,0.8454,0.9439,0.8104,3.24,5
BA_PYR1_0177,LCA3S,nonbinder,0,1,0,0.82835,0.9617,0.41645,0.9545,2
BA_PYR1_0177,LCAM,nonbinder,0,1,0,0.8012,0.9499,0.7396,2.381,5
BA_PYR1_0178,LCA3S,nonbinder,0,1,0,0.83045,0.95245,0.2446,1.143,4
BA_PYR1_0178,LCAM,nonbinder,0,1,0,0.7678,0.9394,0.4395,8.54,1
BA_PYR1_0179,LCA3S,nonbinder,0,1,0,0.915,0.9647,0.5403,1.234,5
BA_PYR1_0179,LCAM,nonbinder,0,1,0,0.7839,0.9485,0.702,3.08,5
BA_PYR1_0180,LCA3S,nonbinder,0,1,1,0.8613,0.9555,0.189,1.156,5
BA_PYR1_0180,LCAM,nonbinder,0,1,0,0.8303,0.9437,0.4832,2.394,3
BA_PYR1_0181,LCA3S,nonbinder,0,1,0,0.84745,0.95295,0.3819,1.127,4
BA_PYR1_0181,LCAM,nonbinder,0,1,0,0.8161,0.9378,0.4393,4.888,1
BA_PYR1_0182,LCA3S,nonbinder,0,1,0,0.5663,0.9353,0.6878,1.597,3
BA_PYR1_0182,LCAM,nonbinder,0,1,0,0.5479,0.9302,0.5335,1.61,5
BA_PYR1_0183,LCA3S,nonbinder,0,1,0,0.6846,0.9377,0.6635,1.664,5
BA_PYR1_0183,LCAM,nonbinder,0,1,0,0.5145,0.9223,0.6924,3.637,5
BA_PYR1_0184,LCA3S,nonbinder,0,1,0,0.655,0.9425,0.8826,2.116,5
BA_PYR1_0184,LCAM,nonbinder,0,1,0,0.4826,0.9221,0.7746,3.499,5
BA_PYR1_0185,LCA3S,nonbinder,0,1,0,0.7789,0.9409,0.456,0.923,1
BA_PYR1_0185,LCAM,nonbinder,0,1,0,0.5255,0.9068,0.6793,3.827,5
BA_PYR1_0186,LCA3S,nonbinder,0,0,0,0.8365,0.9605,0.8815,2.609,0
BA_PYR1_0186,LCAM,nonbinder,0,1,0,0.7814,0.9494,0.2937,5.926,1
BA_PYR1_0187,LCA3S,nonbinder,0,0,0,0.8668,0.954,0.828,3.236,0
BA_PYR1_0187,LCAM,nonbinder,0,1,0,0.7417,0.9388,0.4901,8,1
BA_PYR1_0188,LCA3S,nonbinder,0,1,0,0.8115,0.9544,0.7754,1.918,5
BA_PYR1_0188,LCAM,nonbinder,0,1,0,0.59135,0.93405,0.61515,3.9345,4
BA_PYR1_0189,LCA3S,nonbinder,0,1,0,0.7442,0.9378,0.4128,1.047,3
BA_PYR1_0189,LCAM,nonbinder,0,1,0,0.60385,0.9276,0.54605,4.26,4
BA_PYR1_0190,LCA3S,nonbinder,0,1,0,0.9107,0.9602,0.3425,1.467,5
BA_PYR1_0190,LCAM,nonbinder,0,1,0,0.8414,0.9458,0.5258,3.323,5
BA_PYR1_0191,LCA3S,nonbinder,0,1,0,0.758,0.9474,0.3745,1.192,1
BA_PYR1_0191,LCAM,nonbinder,0,1,0,0.5675,0.93185,0.38065,6.3655,4
BA_PYR1_0192,LCA3S,nonbinder,0,1,0,0.6287,0.9105,0.7164,1.702,3
BA_PYR1_0192,LCAM,nonbinder,0,1,0,0.8037,0.9271,0.28575,4.2835,2
BA_PYR1_0194,LCA3S,nonbinder,0,1,1,0.88575,0.97345,0.2861,0.9395,2
BA_PYR1_0194,LCAM,nonbinder,0,1,1,0.8638,0.96445,0.22545,9.017,2
BA_PYR1_0198,LCA3S,nonbinder,0,0,0,0.8684,0.9676,0.0714,0.761,0
BA_PYR1_0198,LCAM,nonbinder,0,0,0,0.7692,0.9597,0.4966,1.884,0
BA_PYR1_0199,LCA3S,nonbinder,0,0,0,0.9213,0.9692,0.1974,1.357,0
BA_PYR1_0199,LCAM,nonbinder,0,0,0,0.8992,0.9646,0.8197,2.931,0
BA_PYR1_0200,LCA3S,nonbinder,0,0,0,0.8249,0.9551,0.2392,1.096,0
BA_PYR1_0200,LCAM,nonbinder,0,1,0,0.65155,0.94515,0.4855,2.962,2
BA_PYR1_0201,LCA3S,LCA binder,0,0,0,0.808,0.9508,0.6881,2.03,0
BA_PYR1_0201,LCAM,LCA binder,1,1,1,0.8966,0.9608,0.8114,1.943,5
BA_PYR1_0202,LCA3S,nonbinder,0,1,0,0.86135,0.96195,0.3135,0.757,2
BA_PYR1_0202,LCAM,nonbinder,0,1,0,0.7997,0.9558,0.8635,2.789,5
BA_PYR1_0207,LCA3S,nonbinder,0,0,0,0.8124,0.9426,0.3539,0.901,0
BA_PYR1_0207,LCAM,nonbinder,0,1,0,0.70555,0.9341,0.41585,5.0235,4
BA_PYR1_0209,LCA3S,nonbinder,0,1,0,0.7707,0.9578,0.2804,0.807,5
BA_PYR1_0209,LCAM,nonbinder,0,1,0,0.814,0.9538,0.6535,2.754,5
BA_PYR1_0210,LCA3S,nonbinder,0,1,1,0.836,0.9666,0.5086,1.368,5
BA_PYR1_0210,LCAM,nonbinder,0,1,0,0.8396,0.9565,0.7343,3.343,5
BA_PYR1_0213,LCA3S,nonbinder,0,0,0,0.8676,0.9558,0.3406,0.657,0
BA_PYR1_0213,LCAM,nonbinder,0,1,0,0.6038,0.9346,0.5303,1.525,5
BA_PYR1_0214,LCA3S,nonbinder,0,1,1,0.9417,0.966,0.4593,1.012,5
BA_PYR1_0214,LCAM,nonbinder,0,1,1,0.9341,0.964,0.7627,3.25,5
BA_PYR1_0215,LCA3S,nonbinder,0,0,0,0.9418,0.9701,0.1191,1.071,0
BA_PYR1_0215,LCAM,nonbinder,0,1,0,0.8333,0.9516,0.8043,2.721,3
BA_PYR1_0216,LCA3S,nonbinder,0,0,0,0.9219,0.9754,0.1502,0.997,0
BA_PYR1_0216,LCAM,nonbinder,0,1,0,0.6701,0.9522,0.885,2.803,3
BA_PYR1_0217,LCA3S,nonbinder,0,0,0,0.9106,0.9603,0.1342,0.987,0
BA_PYR1_0217,LCAM,nonbinder,0,1,0,0.84485,0.9437,0.7322,2.901,2
BA_PYR1_0218,LCA3S,nonbinder,0,0,0,0.9215,0.9616,0.1144,0.897,0
BA_PYR1_0218,LCAM,nonbinder,0,1,0,0.8426,0.95,0.7049,2.428,3
BA_PYR1_0219,LCA3S,nonbinder,0,1,1,0.8286,0.9724,0.5382,1.091,3
BA_PYR1_0219,LCAM,nonbinder,0,0,0,0.792,0.9531,0.3643,1.358,0
BA_PYR1_0220,LCA3S,nonbinder,0,0,0,0.8711,0.9622,0.4836,0.515,0
BA_PYR1_0220,LCAM,nonbinder,0,1,0,0.8738,0.9467,0.21585,4.168,4
BA_PYR1_0221,LCA3S,nonbinder,0,1,0,0.9096,0.9635,0.1064,1.027,1
BA_PYR1_0221,LCAM,nonbinder,0,1,0,0.9057,0.9513,0.36285,3.9395,2
BA_PYR1_0222,LCA3S,nonbinder,0,0,0,0.8547,0.9611,0.2753,0.972,0
BA_PYR1_0222,LCAM,nonbinder,0,1,0,0.8716,0.9471,0.1677,4.166,1
BA_PYR1_0223,LCA3S,nonbinder,0,0,0,0.9109,0.9667,0.3627,0.878,0
BA_PYR1_0223,LCAM,nonbinder,0,0,0,0.8832,0.9557,0.8149,2.394,0
BA_PYR1_0224,LCA3S,nonbinder,0,0,0,0.9214,0.9582,0.2344,1.044,0
BA_PYR1_0224,LCAM,nonbinder,0,0,0,0.86,0.938,0.8629,2.325,0
BA_PYR1_0225,LCA3S,nonbinder,0,0,0,0.9092,0.9531,0.1009,0.712,0
BA_PYR1_0225,LCAM,nonbinder,0,0,0,0.8995,0.9384,0.7569,2.594,0
BA_PYR1_0226,LCA3S,nonbinder,0,0,0,0.8328,0.9532,0.3235,1.037,0
BA_PYR1_0226,LCAM,nonbinder,0,0,0,0.8617,0.9435,0.6575,3.052,0
BA_PYR1_0227,LCA3S,nonbinder,0,0,0,0.9175,0.9615,0.2294,0.362,0
BA_PYR1_0227,LCAM,nonbinder,0,1,0,0.898,0.9418,0.34,3.998,1
BA_PYR1_0228,LCA3S,nonbinder,0,0,0,0.9005,0.9595,0.4694,0.974,0
BA_PYR1_0228,LCAM,nonbinder,0,1,0,0.8985,0.9449,0.4873,4.044,1
BA_PYR1_0229,LCA3S,nonbinder,0,0,0,0.9502,0.964,0.0492,0.899,0
BA_PYR1_0229,LCAM,nonbinder,0,0,0,0.9086,0.9482,0.8339,2.034,0
BA_PYR1_0230,LCA3S,nonbinder,0,0,0,0.9237,0.9596,0.0279,0.578,0
BA_PYR1_0230,LCAM,nonbinder,0,0,0,0.8837,0.9473,0.7655,2.362,0
BA_PYR1_0231,LCA3S,nonbinder,0,0,0,0.898,0.9737,0.9589,2.783,0
BA_PYR1_0231,LCAM,nonbinder,0,1,0,0.7198,0.9522,0.39295,5.8085,2
BA_PYR1_0232,LCA3S,nonbinder,0,0,0,0.7117,0.9493,0.3096,1.36,0
BA_PYR1_0232,LCAM,nonbinder,0,1,0,0.7154,0.939,0.23685,4.5845,4
BA_PYR1_0233,LCA3S,nonbinder,0,1,0,0.8664,0.9641,0.61615,1.364,4
BA_PYR1_0233,LCAM,nonbinder,0,1,0,0.60325,0.93845,0.8483,3.315,4
BA_PYR1_0234,LCA3S,nonbinder,0,1,0,0.8157,0.9639,0.3583,1.218,2
BA_PYR1_0234,LCAM,nonbinder,0,1,0,0.6521,0.9374,0.4975,5.673,3
BA_PYR1_0235,LCA3S,nonbinder,0,1,0,0.8427,0.95135,0.41555,0.9345,2
BA_PYR1_0235,LCAM,nonbinder,0,1,0,0.6207,0.933,0.7838,2.686,3
BA_PYR1_0236,LCA3S,nonbinder,0,0,0,0.8597,0.9577,0.2952,1.153,0
BA_PYR1_0236,LCAM,nonbinder,0,1,0,0.6728,0.9366,0.4091,4.031,3
BA_PYR1_0237,LCA3S,nonbinder,0,1,0,0.7387,0.94285,0.48885,1.2,2
BA_PYR1_0237,LCAM,nonbinder,0,1,0,0.5239,0.922,0.423,5.775,5
BA_PYR1_0238,LCA3S,nonbinder,0,1,0,0.76475,0.945,0.46685,1.3105,2
BA_PYR1_0238,LCAM,nonbinder,0,1,0,0.5283,0.9243,0.4658,4.71,3
BA_PYR1_0239,LCA3S,nonbinder,0,1,0,0.7868,0.9521,0.3476,1.278,1
BA_PYR1_0239,LCAM,nonbinder,0,1,0,0.5863,0.927,0.4963,4.954,3
BA_PYR1_0240,LCA3S,nonbinder,0,1,0,0.71055,0.9485,0.60765,1.541,4
BA_PYR1_0240,LCAM,nonbinder,0,1,0,0.50755,0.92935,0.4528,4.086,4
BA_PYR1_0241,LCA3S,nonbinder,0,1,0,0.8476,0.9538,0.137,1.381,1
BA_PYR1_0241,LCAM,nonbinder,0,1,0,0.80865,0.92885,0.21145,4.694,4
BA_PYR1_0242,LCA3S,nonbinder,0,1,0,0.751,0.9416,0.0909,0.99,3
BA_PYR1_0242,LCAM,nonbinder,0,1,0,0.6823,0.9353,0.3834,1.009,5
BA_PYR1_0243,LCA3S,nonbinder,0,1,0,0.6905,0.9483,0.3105,0.762,1
BA_PYR1_0243,LCAM,nonbinder,0,1,0,0.6228,0.9461,0.3038,0.531,1
BA_PYR1_0244,LCA3S,nonbinder,0,0,0,0.5971,0.9396,0.371,1.32,0
BA_PYR1_0244,LCAM,nonbinder,0,1,0,0.5523,0.937,0.6454,1.918,3
BA_PYR1_0245,LCA3S,nonbinder,0,1,0,0.7801,0.9521,0.6976,1.841,1
BA_PYR1_0245,LCAM,nonbinder,0,1,0,0.536,0.944,0.2697,0.988,3
BA_PYR1_0246,LCA3S,nonbinder,0,1,0,0.71825,0.94115,0.50875,1.4235,4
BA_PYR1_0246,LCAM,nonbinder,0,1,0,0.4828,0.928,0.5416,4.063,5
BA_PYR1_0247,LCA3S,nonbinder,0,0,0,0.8083,0.9458,0.1872,1.128,0
BA_PYR1_0247,LCAM,nonbinder,0,1,0,0.6573,0.9345,0.6315,2.449,5
BA_PYR1_0248,LCA3S,nonbinder,0,1,0,0.84245,0.96055,0.54015,1.3975,2
BA_PYR1_0248,LCAM,nonbinder,0,1,0,0.6953,0.9377,0.494,4.587,1
BA_PYR1_0258,LCA3S,nonbinder,0,1,0,0.6791,0.937,0.3314,1.484,3
BA_PYR1_0258,LCAM,nonbinder,0,1,0,0.49875,0.92445,0.5544,2.194,4
BA_PYR1_0259,LCA3S,nonbinder,0,1,0,0.6852,0.9477,0.2292,1.316,3
BA_PYR1_0259,LCAM,nonbinder,0,1,0,0.576,0.9417,0.5004,1.94,5
BA_PYR1_0260,LCA3S,nonbinder,0,1,0,0.66795,0.9331,0.53665,1.042,2
BA_PYR1_0260,LCAM,nonbinder,0,1,0,0.5988,0.9215,0.7697,2.483,5
BA_PYR1_0261,LCA3S,nonbinder,0,1,1,0.8634,0.9581,0.0913,0.394,3
BA_PYR1_0261,LCAM,nonbinder,0,1,0,0.80355,0.9448,0.9184,2.446,2
BA_PYR1_0262,LCA3S,nonbinder,0,1,0,0.8778,0.9564,0.06,0.824,1
BA_PYR1_0262,LCAM,nonbinder,0,1,0,0.8459,0.942,0.3112,4.867,1
BA_PYR1_0263,LCA3S,nonbinder,0,0,0,0.8681,0.9565,0.4252,0.784,0
BA_PYR1_0263,LCAM,nonbinder,0,1,0,0.76925,0.9436,0.65155,1.96,2
BA_PYR1_0264,LCA3S,nonbinder,0,0,0,0.9211,0.974,0.3298,0.15,0
BA_PYR1_0264,LCAM,nonbinder,0,1,1,0.8446,0.9614,0.4323,0.687,5
BA_PYR1_0265,LCA3S,both binder,1,1,1,0.8589,0.9688,0.1207,0.868,5
BA_PYR1_0265,LCAM,both binder,1,1,1,0.83095,0.9651,0.41465,1.088,4
BA_PYR1_0266,LCA3S,both binder,1,1,1,0.8025,0.966,0.0569,0.969,3
BA_PYR1_0266,LCAM,both binder,1,1,1,0.82885,0.9655,0.32485,1.374,4
BA_PYR1_0269,LCA3S,nonbinder,0,0,0,0.8543,0.9506,0.0895,0.999,0
BA_PYR1_0269,LCAM,nonbinder,0,1,0,0.7138,0.9442,0.1608,0.8575,2
BA_PYR1_0270,LCA3S,nonbinder,0,1,0,0.5888,0.9375,0.2235,1.306,3
BA_PYR1_0270,LCAM,nonbinder,0,1,0,0.6073,0.9185,0.4581,0.704,5
BA_PYR1_0272,LCA3S,nonbinder,0,0,0,0.8577,0.9513,0.1982,1.45,0
BA_PYR1_0272,LCAM,nonbinder,0,1,0,0.8022,0.9519,0.0999,1.09,5
BA_PYR1_0273,LCA3S,nonbinder,0,1,0,0.6161,0.929,0.6709,1.685,5
BA_PYR1_0273,LCAM,nonbinder,0,1,0,0.6668,0.9277,0.8226,2.552,3
BA_PYR1_0274,LCA3S,nonbinder,0,1,0,0.5363,0.9296,0.9665,2.953,1
BA_PYR1_0274,LCAM,nonbinder,0,1,0,0.6902,0.947,0.3045,7.864,5
BA_PYR1_0275,LCA3S,nonbinder,0,1,0,0.6848,0.9351,0.1998,1.234,5
BA_PYR1_0275,LCAM,nonbinder,0,1,0,0.7506,0.9424,0.5106,4.769,5
BA_PYR1_0276,LCA3S,nonbinder,0,1,0,0.80455,0.9615,0.3018,1.3885,4
BA_PYR1_0276,LCAM,nonbinder,0,1,1,0.8248,0.9608,0.5205,0.889,5
BA_PYR1_0277,LCA3S,nonbinder,0,1,0,0.7822,0.9444,0.1535,1.139,5
BA_PYR1_0277,LCAM,nonbinder,0,1,0,0.7054,0.9407,0.1827,0.732,5
BA_PYR1_0278,LCA3S,nonbinder,0,1,0,0.7945,0.9541,0.6731,1.567,5
BA_PYR1_0278,LCAM,nonbinder,0,1,0,0.4444,0.8995,0.6046,1.424,1
BA_PYR1_0279,LCA3S,nonbinder,0,1,0,0.7724,0.9444,0.0865,0.821,5
BA_PYR1_0279,LCAM,nonbinder,0,1,0,0.6671,0.9319,0.7751,2.134,5
BA_PYR1_0280,LCA3S,nonbinder,0,1,0,0.6648,0.94405,0.23705,1.09,4
BA_PYR1_0280,LCAM,nonbinder,0,1,0,0.6531,0.9263,0.5017,1.216,5
BA_PYR1_0281,LCA3S,nonbinder,0,1,0,0.8341,0.951,0.3955,1.087,5
BA_PYR1_0281,LCAM,nonbinder,0,1,0,0.7039,0.9346,0.6834,3.553,5
BA_PYR1_0282,LCA3S,nonbinder,0,1,0,0.6308,0.9436,0.4384,0.682,5
BA_PYR1_0282,LCAM,nonbinder,0,1,0,0.6061,0.9275,0.54525,1.2905,4
BA_PYR1_0283,LCA3S,nonbinder,0,1,0,0.6379,0.9311,0.4482,1.778,1
BA_PYR1_0283,LCAM,nonbinder,0,1,0,0.5701,0.9197,0.65745,1.928,2
BA_PYR1_0284,LCA3S,nonbinder,0,1,0,0.639,0.9402,0.59125,1.6075,4
BA_PYR1_0284,LCAM,nonbinder,0,1,0,0.6554,0.9301,0.6222,1.613,5
BA_PYR1_0285,LCA3S,nonbinder,0,1,0,0.7659,0.951,0.5151,1.16,5
BA_PYR1_0285,LCAM,nonbinder,0,1,0,0.6868,0.934,0.387,1.515,5
BA_PYR1_0286,LCA3S,nonbinder,0,1,0,0.6948,0.9448,0.4004,1.191,5
BA_PYR1_0286,LCAM,nonbinder,0,1,0,0.6347,0.9197,0.4435,0.914,5
BA_PYR1_0287,LCA3S,nonbinder,0,1,0,0.5759,0.9444,0.655,1.684,5
BA_PYR1_0287,LCAM,nonbinder,0,1,0,0.6081,0.915,0.491,1.496,5
BA_PYR1_0288,LCA3S,nonbinder,0,1,0,0.5664,0.9068,0.5042,1.806,1
BA_PYR1_0288,LCAM,nonbinder,0,1,0,0.51105,0.9026,0.2469,0.438,2
BA_PYR1_0289,LCA3S,nonbinder,0,0,0,0.6758,0.9302,0.3057,0.797,0
BA_PYR1_0289,LCAM,nonbinder,0,1,0,0.6072,0.9258,0.5142,0.684,5
BA_PYR1_0290,LCA3S,nonbinder,0,1,0,0.8161,0.9485,0.4664,0.966,5
BA_PYR1_0290,LCAM,nonbinder,0,1,0,0.7884,0.9401,0.6234,3.969,5
BA_PYR1_0291,LCA3S,nonbinder,0,0,0,0.7515,0.9503,0.301,0.857,0
BA_PYR1_0291,LCAM,nonbinder,0,1,0,0.68745,0.9348,0.19785,1.1535,4
BA_PYR1_0292,LCA3S,nonbinder,0,1,0,0.8411,0.9561,0.2448,1.468,5
BA_PYR1_0292,LCAM,nonbinder,0,1,0,0.6401,0.9216,0.7517,2.112,1
BA_PYR1_0293,LCA3S,nonbinder,0,1,0,0.5924,0.9283,0.4146,9.368,3
BA_PYR1_0293,LCAM,nonbinder,0,1,0,0.6464,0.93325,0.71,3.8375,4
BA_PYR1_0294,LCA3S,nonbinder,0,1,0,0.6205,0.9402,0.7446,1.814,5
BA_PYR1_0294,LCAM,nonbinder,0,1,0,0.5727,0.9324,0.5703,1.97,2
BA_PYR1_0295,LCA3S,nonbinder,0,1,0,0.8496,0.9594,0.3075,1.435,5
BA_PYR1_0295,LCAM,nonbinder,0,1,0,0.5878,0.9413,0.7277,2.802,3
BA_PYR1_0296,LCA3S,nonbinder,0,1,0,0.6624,0.9531,0.3796,1.283,3
BA_PYR1_0296,LCAM,nonbinder,0,1,0,0.666,0.9407,0.569,1.579,5
BA_PYR1_0297,LCA3S,nonbinder,0,1,0,0.6244,0.9062,0.8241,1.971,3
BA_PYR1_0297,LCAM,nonbinder,0,1,0,0.71365,0.917,0.44845,3.9735,4
BA_PYR1_0301,LCA3S,nonbinder,0,1,1,0.8311,0.9678,0.5733,1.357,5
BA_PYR1_0301,LCAM,nonbinder,0,1,1,0.8145,0.96105,0.52615,1.094,4
BA_PYR1_0302,LCA3S,nonbinder,0,1,0,0.8722,0.9609,0.5775,1.404,5
BA_PYR1_0302,LCAM,nonbinder,0,1,0,0.8322,0.9405,0.37405,4.789,4
BA_PYR1_0303,LCA3S,nonbinder,0,0,0,0.8443,0.9618,0.0878,0.769,0
BA_PYR1_0303,LCAM,nonbinder,0,1,0,0.7699,0.9479,0.3625,0.843,5
BA_PYR1_0304,LCA3S,nonbinder,0,0,0,0.7862,0.9638,0.14,0.905,0
BA_PYR1_0304,LCAM,nonbinder,0,1,0,0.73355,0.9445,0.17555,0.48,4
BA_PYR1_0305,LCA3S,nonbinder,0,1,0,0.8337,0.95705,0.10095,0.9145,2
BA_PYR1_0305,LCAM,nonbinder,0,1,0,0.6696,0.94835,0.4451,2.756,2
BA_PYR1_0306,LCA3S,nonbinder,0,0,0,0.8708,0.9643,0.3854,0.556,0
BA_PYR1_0306,LCAM,nonbinder,0,1,0,0.8692,0.9504,0.1911,3.957,1
BA_PYR1_0307,LCA3S,nonbinder,0,0,0,0.8627,0.9512,0.1895,0.462,0
BA_PYR1_0307,LCAM,nonbinder,0,1,0,0.6531,0.9303,0.1984,4.036,3
BA_PYR1_0308,LCA3S,nonbinder,0,0,0,0.8615,0.9555,0.2817,0.784,0
BA_PYR1_0308,LCAM,nonbinder,0,0,0,0.7854,0.9466,0.2635,1.196,0
BA_PYR1_0309,LCA3S,nonbinder,0,0,0,0.8527,0.9389,0.0824,0.364,0
BA_PYR1_0309,LCAM,nonbinder,0,1,0,0.607,0.9293,0.1747,0.546,1
BA_PYR1_0310,LCA3S,nonbinder,0,0,0,0.8815,0.9413,0.4609,1.016,0
BA_PYR1_0310,LCAM,nonbinder,0,1,0,0.8656,0.9286,0.1608,4.744,1
BA_PYR1_0311,LCA3S,nonbinder,0,0,0,0.8161,0.9584,0.9214,2.349,0
BA_PYR1_0311,LCAM,nonbinder,0,1,0,0.651,0.94145,0.42205,1.702,4
BA_PYR1_0312,LCA3S,nonbinder,0,0,0,0.6055,0.9389,0.5456,1.019,0
BA_PYR1_0312,LCAM,nonbinder,0,1,0,0.6737,0.9358,0.443,2.599,5
BA_PYR1_0313,LCA3S,nonbinder,0,0,0,0.7399,0.9496,0.1784,1.106,0
BA_PYR1_0313,LCAM,nonbinder,0,1,0,0.6559,0.9283,0.2747,0.48,5
BA_PYR1_0314,LCA3S,nonbinder,0,1,0,0.6837,0.95425,0.38845,1.0055,2
BA_PYR1_0314,LCAM,nonbinder,0,1,0,0.6164,0.93035,0.2708,0.6745,4
BA_PYR1_0315,LCA3S,nonbinder,0,1,0,0.564,0.94,0.3147,1.236,3
BA_PYR1_0315,LCAM,nonbinder,0,1,0,0.5265,0.9282,0.466,1.387,5
BA_PYR1_0316,LCA3S,nonbinder,0,1,0,0.5443,0.9368,0.1783,0.697,3
BA_PYR1_0316,LCAM,nonbinder,0,1,0,0.58305,0.93315,0.44155,0.5935,4
BA_PYR1_0317,LCA3S,nonbinder,0,1,0,0.5313,0.9372,0.1216,0.888,2
BA_PYR1_0317,LCAM,nonbinder,0,1,0,0.5598,0.9382,0.4788,2.187,5
BA_PYR1_0318,LCA3S,nonbinder,0,1,0,0.6368,0.9503,0.2887,6.424,4
BA_PYR1_0318,LCAM,nonbinder,0,1,0,0.6552,0.95305,0.4808,4.42,4
BA_PYR1_0319,LCA3S,nonbinder,0,0,0,0.6796,0.9397,0.3593,0.686,0
BA_PYR1_0319,LCAM,nonbinder,0,1,0,0.64285,0.9213,0.46325,1.215,4
BA_PYR1_0325,LCA3S,LCA binder,0,0,0,0.8214,0.9622,0.511,0.895,0
BA_PYR1_0325,LCAM,LCA binder,1,1,1,0.8394,0.967,0.3526,1.968,5
BA_PYR1_0326,LCA3S,nonbinder,0,1,0,0.8201,0.955,0.4432,1.05,3
BA_PYR1_0326,LCAM,nonbinder,0,1,0,0.56695,0.93785,0.545,0.971,4
BA_PYR1_0327,LCA3S,nonbinder,0,0,0,0.8841,0.9485,0.1458,0.59,0
BA_PYR1_0327,LCAM,nonbinder,0,1,0,0.6293,0.9259,0.05935,0.3975,4
BA_PYR1_0328,LCA3S,nonbinder,0,0,0,0.9169,0.956,0.0757,1.011,0
BA_PYR1_0328,LCAM,nonbinder,0,1,0,0.763,0.9475,0.0896,0.908,5
BA_PYR1_0329,LCA3S,nonbinder,0,1,0,0.6964,0.951,0.4696,1.171,1
BA_PYR1_0329,LCAM,nonbinder,0,1,0,0.6781,0.955,0.5842,1.353,5
BA_PYR1_0330,LCA3S,nonbinder,0,1,0,0.5846,0.9347,0.3742,0.908,1
BA_PYR1_0330,LCAM,nonbinder,0,1,0,0.7054,0.9426,0.5398,0.992,5
BA_PYR1_0331,LCA3S,nonbinder,0,1,0,0.8428,0.958,0.5089,0.457,1
BA_PYR1_0331,LCAM,nonbinder,0,1,0,0.7241,0.9464,0.1,0.553,3
BA_PYR1_0332,LCA3S,nonbinder,0,0,0,0.6422,0.9281,0.4056,0.439,0
BA_PYR1_0332,LCAM,nonbinder,0,1,0,0.777,0.9406,0.4117,0.659,5
BA_PYR1_0333,LCA3S,nonbinder,0,1,1,0.8615,0.9644,0.1085,0.758,5
BA_PYR1_0333,LCAM,nonbinder,0,1,0,0.6741,0.9539,0.4066,0.578,5
BA_PYR1_0334,LCA3S,nonbinder,0,1,0,0.9294,0.9616,0.3826,0.695,5
BA_PYR1_0334,LCAM,nonbinder,0,1,0,0.7875,0.9509,0.11575,0.691,4
BA_PYR1_0335,LCA3S,nonbinder,0,1,0,0.837,0.9519,0.4971,0.93,3
BA_PYR1_0335,LCAM,nonbinder,0,1,0,0.7487,0.9509,0.5523,1.24,4
BA_PYR1_0336,LCA3S,nonbinder,0,1,0,0.6767,0.9441,0.3417,1.341,5
BA_PYR1_0336,LCAM,nonbinder,0,1,0,0.59595,0.9387,0.56305,1.3135,4
BA_PYR1_0337,LCA3S,nonbinder,0,1,0,0.6131,0.92635,0.2664,1.0675,2
BA_PYR1_0337,LCAM,nonbinder,0,1,0,0.52545,0.9226,0.42845,1.37,4
BA_PYR1_0338,LCA3S,nonbinder,0,0,0,0.5678,0.933,0.2539,1.152,0
BA_PYR1_0338,LCAM,nonbinder,0,1,0,0.6131,0.93605,0.23885,0.678,4
BA_PYR1_0339,LCA3S,nonbinder,0,1,0,0.663,0.9344,0.4013,0.896,5
BA_PYR1_0339,LCAM,nonbinder,0,1,0,0.4614,0.9196,0.6186,1.346,5
BA_PYR1_0340,LCA3S,nonbinder,0,0,0,0.5153,0.9189,0.603,1.713,0
BA_PYR1_0340,LCAM,nonbinder,0,1,0,0.5896,0.91435,0.5345,1.5455,4
BA_PYR1_0341,LCA3S,nonbinder,0,1,0,0.5615,0.9166,0.3382,1.031,5
BA_PYR1_0341,LCAM,nonbinder,0,1,0,0.6711,0.9227,0.2726,0.592,5
BA_PYR1_0342,LCA3S,nonbinder,0,1,0,0.52025,0.9251,0.42895,1.22,4
BA_PYR1_0342,LCAM,nonbinder,0,1,0,0.6601,0.9258,0.3618,0.514,5
BA_PYR1_0343,LCA3S,nonbinder,0,1,0,0.7019,0.9262,0.6027,1.466,5
BA_PYR1_0343,LCAM,nonbinder,0,1,0,0.52225,0.89655,0.48745,6.309,4
BA_PYR1_0344,LCA3S,nonbinder,0,1,0,0.62515,0.9387,0.1815,0.797,4
BA_PYR1_0344,LCAM,nonbinder,0,1,0,0.7052,0.9412,0.4067,0.678,5
BA_PYR1_0345,LCA3S,nonbinder,0,1,0,0.654,0.9485,0.4928,1.981,5
BA_PYR1_0345,LCAM,nonbinder,0,1,0,0.7,0.9479,0.4823,0.928,5
BA_PYR1_0346,LCA3S,nonbinder,0,1,0,0.6177,0.943,0.1196,1.13,5
BA_PYR1_0346,LCAM,nonbinder,0,1,0,0.5243,0.93415,0.25485,1.049,4
BA_PYR1_0347,LCA3S,nonbinder,0,1,0,0.6719,0.9457,0.357,1.481,5
BA_PYR1_0347,LCAM,nonbinder,0,1,0,0.6119,0.9368,0.5941,1.458,3
BA_PYR1_0348,LCA3S,nonbinder,0,1,0,0.69845,0.9465,0.3001,1.3945,4
BA_PYR1_0348,LCAM,nonbinder,0,1,0,0.7766,0.9418,0.6457,1.654,4
BA_PYR1_0349,LCA3S,nonbinder,0,1,0,0.5157,0.9417,0.8259,2.174,3
BA_PYR1_0349,LCAM,nonbinder,0,1,0,0.7158,0.9499,0.3239,6.452,5
BA_PYR1_0350,LCA3S,nonbinder,0,1,0,0.5265,0.9373,0.2708,0.857,3
BA_PYR1_0350,LCAM,nonbinder,0,1,0,0.7118,0.9424,0.4216,1.156,5
BA_PYR1_0351,LCA3S,nonbinder,0,1,0,0.4985,0.9267,0.7449,2.165,5
BA_PYR1_0351,LCAM,nonbinder,0,1,0,0.6683,0.9401,0.4955,6.028,5
BA_PYR1_0352,LCA3S,nonbinder,0,1,0,0.7803,0.9681,0.4087,1.609,5
BA_PYR1_0352,LCAM,nonbinder,0,1,1,0.797,0.9634,0.5513,1.464,5
BA_PYR1_0353,LCA3S,nonbinder,0,1,0,0.6067,0.95725,0.8568,2.583,2
BA_PYR1_0353,LCAM,nonbinder,0,1,0,0.8126,0.9583,0.7622,2.152,5
BA_PYR1_0354,LCA3S,nonbinder,0,1,0,0.635,0.9507,0.1087,0.974,5
BA_PYR1_0354,LCAM,nonbinder,0,1,0,0.6556,0.9513,0.3208,1.095,5
BA_PYR1_0355,LCA3S,nonbinder,0,1,0,0.57245,0.9377,0.45855,0.985,4
BA_PYR1_0355,LCAM,nonbinder,0,1,0,0.6509,0.9313,0.4542,1.3395,4
BA_PYR1_0356,LCA3S,nonbinder,0,1,0,0.7592,0.955,0.3289,0.991,5
BA_PYR1_0356,LCAM,nonbinder,0,1,0,0.719,0.9484,0.3177,0.639,5
BA_PYR1_0357,LCA3S,nonbinder,0,1,0,0.64725,0.9398,0.6955,3.6055,4
BA_PYR1_0357,LCAM,nonbinder,0,1,0,0.6124,0.9315,0.6973,1.878,5
BA_PYR1_0358,LCA3S,nonbinder,0,1,0,0.8118,0.9499,0.2838,0.91,5
BA_PYR1_0358,LCAM,nonbinder,0,1,0,0.7149,0.9429,0.5892,1.47,5
BA_PYR1_0359,LCA3S,nonbinder,0,1,0,0.6253,0.9402,0.629,1.489,3
BA_PYR1_0359,LCAM,nonbinder,0,1,0,0.5433,0.9265,0.5148,2.626,5
BA_PYR1_0360,LCA3S,nonbinder,0,1,0,0.718,0.9516,0.5121,1.212,5
BA_PYR1_0360,LCAM,nonbinder,0,1,0,0.6659,0.9414,0.5723,1.4595,4
BA_PYR1_0361,LCA3S,nonbinder,0,1,0,0.7726,0.9604,0.229,1.231,3
BA_PYR1_0361,LCAM,nonbinder,0,1,0,0.6931,0.9495,0.4606,0.836,5
BA_PYR1_0362,LCA3S,nonbinder,0,1,0,0.75755,0.94715,0.37055,0.9845,4
BA_PYR1_0362,LCAM,nonbinder,0,1,0,0.4907,0.93345,0.65375,3.172,4
BA_PYR1_0363,LCA3S,nonbinder,0,1,0,0.68605,0.93845,0.6569,1.9125,2
BA_PYR1_0363,LCAM,nonbinder,0,1,0,0.7834,0.9432,0.9281,2.987,5
BA_PYR1_0364,LCA3S,nonbinder,0,1,0,0.7989,0.9526,0.3461,1.425,5
BA_PYR1_0364,LCAM,nonbinder,0,1,0,0.6542,0.9275,0.3742,1.151,3
BA_PYR1_0365,LCA3S,nonbinder,0,1,0,0.6433,0.9515,0.4555,1.203,5
BA_PYR1_0365,LCAM,nonbinder,0,1,0,0.6346,0.9445,0.49,1.323,5
BA_PYR1_0366,LCA3S,nonbinder,0,1,0,0.7005,0.9546,0.3549,0.859,5
BA_PYR1_0366,LCAM,nonbinder,0,1,0,0.73665,0.9346,0.2517,0.7715,4
BA_PYR1_0367,LCA3S,nonbinder,0,1,0,0.4807,0.9327,0.57575,1.2405,4
BA_PYR1_0367,LCAM,nonbinder,0,1,0,0.4912,0.929,0.4973,1.493,5
BA_PYR1_0368,LCA3S,nonbinder,0,1,0,0.59965,0.94175,0.5075,0.9845,4
BA_PYR1_0368,LCAM,nonbinder,0,1,0,0.70615,0.93525,0.35345,0.654,4
BA_PYR1_0369,LCA3S,nonbinder,0,1,0,0.8212,0.9511,0.2592,1.12,5
BA_PYR1_0369,LCAM,nonbinder,0,1,0,0.6926,0.9326,0.7785,3.016,5
BA_PYR1_0370,LCA3S,nonbinder,0,1,0,0.60365,0.9224,0.5037,1.5645,4
BA_PYR1_0370,LCAM,nonbinder,0,1,0,0.6425,0.9308,0.587,1.216,5
BA_PYR1_0371,LCA3S,nonbinder,0,1,0,0.7683,0.9447,0.4413,1.201,5
BA_PYR1_0371,LCAM,nonbinder,0,1,0,0.5472,0.9235,0.5975,3.094,5
BA_PYR1_0372,LCA3S,nonbinder,0,1,0,0.63935,0.93205,0.4331,0.966,4
BA_PYR1_0372,LCAM,nonbinder,0,1,0,0.6161,0.9309,0.3742,1.141,5
BA_PYR1_0373,LCA3S,nonbinder,0,1,0,0.6934,0.9379,0.427,1.31,5
BA_PYR1_0373,LCAM,nonbinder,0,1,0,0.6311,0.93145,0.26035,1.1,4
BA_PYR1_0374,LCA3S,nonbinder,0,1,0,0.6025,0.9395,0.36175,1.0415,4
BA_PYR1_0374,LCAM,nonbinder,0,1,0,0.6787,0.9336,0.3373,1.003,3
BA_PYR1_0375,LCA3S,nonbinder,0,1,0,0.621,0.9424,0.3238,1.04,5
BA_PYR1_0375,LCAM,nonbinder,0,1,0,0.6849,0.9336,0.1211,0.492,5
BA_PYR1_0376,LCA3S,nonbinder,0,1,0,0.7805,0.9578,0.4267,1.385,5
BA_PYR1_0376,LCAM,nonbinder,0,0,0,0.6202,0.9329,0.5153,1.437,0
BA_PYR1_0377,LCA3S,nonbinder,0,1,0,0.62975,0.9227,0.6086,1.382,4
BA_PYR1_0377,LCAM,nonbinder,0,1,0,0.6134,0.9198,0.0629,1.065,3
BA_PYR1_0378,LCA3S,nonbinder,0,1,0,0.5972,0.94105,0.42435,1.127,4
BA_PYR1_0378,LCAM,nonbinder,0,1,0,0.6402,0.9287,0.3957,1.124,5
BA_PYR1_0379,LCA3S,nonbinder,0,1,0,0.6379,0.9318,0.2123,0.959,5
BA_PYR1_0379,LCAM,nonbinder,0,1,0,0.68275,0.93185,0.63035,1.6215,4
BA_PYR1_0380,LCA3S,nonbinder,0,1,0,0.7358,0.941,0.3269,1.128,5
BA_PYR1_0380,LCAM,nonbinder,0,1,0,0.6016,0.933,0.6576,2.202,5
BA_PYR1_0381,LCA3S,nonbinder,0,1,0,0.6138,0.9356,0.5339,1.335,5
BA_PYR1_0381,LCAM,nonbinder,0,1,0,0.6189,0.934,0.39025,0.99,2
BA_PYR1_0382,LCA3S,nonbinder,0,1,0,0.7279,0.9452,0.4518,1.226,5
BA_PYR1_0382,LCAM,nonbinder,0,1,0,0.6743,0.9313,0.4909,1.5145,2
BA_PYR1_0383,LCA3S,nonbinder,0,1,0,0.5946,0.9359,0.4836,1.049,5
BA_PYR1_0383,LCAM,nonbinder,0,1,0,0.7135,0.9341,0.6532,1.642,5
BA_PYR1_0384,LCA3S,nonbinder,0,1,0,0.6256,0.9359,0.552,1.178,5
BA_PYR1_0384,LCAM,nonbinder,0,1,0,0.67085,0.92885,0.12195,1.0435,4
BA_PYR1_0385,LCA3S,nonbinder,0,1,0,0.652,0.9437,0.5962,1.376,5
BA_PYR1_0385,LCAM,nonbinder,0,1,0,0.6733,0.934,0.2901,1.486,5
BA_PYR1_0386,LCA3S,nonbinder,0,1,0,0.4778,0.9178,0.5321,1.789,1
BA_PYR1_0386,LCAM,nonbinder,0,1,0,0.5593,0.9318,0.4254,1.318,5
BA_PYR1_0387,LCA3S,nonbinder,0,1,0,0.7349,0.9558,0.3245,1.232,5
BA_PYR1_0387,LCAM,nonbinder,0,1,0,0.5081,0.9389,0.2489,0.783,3
BA_PYR1_0388,LCA3S,nonbinder,0,1,0,0.5105,0.933,0.3765,1.325,3
BA_PYR1_0388,LCAM,nonbinder,0,1,0,0.6606,0.9424,0.0784,1.135,1
BA_PYR1_0389,LCA3S,nonbinder,0,1,0,0.6076,0.9492,0.5333,1.355,5
BA_PYR1_0389,LCAM,nonbinder,0,1,0,0.72365,0.93915,0.3819,1.3075,2
BA_PYR1_0390,LCA3S,nonbinder,0,1,0,0.7616,0.9471,0.308,1.405,5
BA_PYR1_0390,LCAM,nonbinder,0,0,0,0.6948,0.9313,0.3702,1.391,0
BA_PYR1_0391,LCA3S,nonbinder,0,1,0,0.5442,0.9345,0.5215,0.927,3
BA_PYR1_0391,LCAM,nonbinder,0,1,0,0.6434,0.9364,0.5659,1.425,5
BA_PYR1_0392,LCA3S,nonbinder,0,1,0,0.6759,0.9362,0.5206,1.335,5
BA_PYR1_0392,LCAM,nonbinder,0,1,0,0.51425,0.925,0.3613,1.5015,4
BA_PYR1_0393,LCA3S,nonbinder,0,1,0,0.5499,0.9337,0.3889,1.297,3
BA_PYR1_0393,LCAM,nonbinder,0,1,0,0.7222,0.9352,0.3429,1.273,5
BA_PYR1_0394,LCA3S,nonbinder,0,1,0,0.6603,0.9327,0.4923,1.029,1
BA_PYR1_0394,LCAM,nonbinder,0,1,0,0.70855,0.938,0.874,2.1115,4
BA_PYR1_0395,LCA3S,nonbinder,0,1,0,0.6506,0.9395,0.5597,1.463,5
BA_PYR1_0395,LCAM,nonbinder,0,1,0,0.57455,0.93045,0.3331,1.1475,2
BA_PYR1_0396,LCA3S,nonbinder,0,1,0,0.7997,0.9518,0.3703,1.407,5
BA_PYR1_0396,LCAM,nonbinder,0,1,0,0.5516,0.929,0.1875,0.566,1
BA_PYR1_0397,LCA3S,nonbinder,0,1,0,0.5883,0.94405,0.30445,1.1185,4
BA_PYR1_0397,LCAM,nonbinder,0,1,0,0.6568,0.9335,0.09905,0.824,2
BA_PYR1_0398,LCA3S,nonbinder,0,0,0,0.8405,0.9622,0.4523,0.788,0
BA_PYR1_0398,LCAM,nonbinder,0,1,0,0.81895,0.9651,0.3182,0.5185,4
BA_PYR1_0399,LCA3S,nonbinder,0,0,0,0.6468,0.9518,0.1033,0.757,0
BA_PYR1_0399,LCAM,nonbinder,0,1,0,0.8013,0.9574,0.3673,0.968,2
BA_PYR1_0400,LCA3S,nonbinder,0,1,0,0.8026,0.961,0.3535,0.985,1
BA_PYR1_0400,LCAM,nonbinder,0,1,1,0.7847,0.9626,0.1801,0.771,5
BA_PYR1_0401,LCA3S,nonbinder,0,1,0,0.5627,0.9386,0.4268,1.24,3
BA_PYR1_0401,LCAM,nonbinder,0,1,0,0.53935,0.9312,0.29675,1.3745,4
BA_PYR1_0402,LCA3S,nonbinder,0,1,1,0.7796,0.964,0.2052,1.229,3
BA_PYR1_0402,LCAM,nonbinder,0,1,1,0.8361,0.9653,0.4293,0.668,5
BA_PYR1_0403,LCA3S,nonbinder,0,1,0,0.5501,0.93415,0.49125,3.109,2
BA_PYR1_0403,LCAM,nonbinder,0,1,0,0.756,0.9447,0.3714,3.247,5
BA_PYR1_0404,LCA3S,nonbinder,0,1,1,0.81675,0.9689,0.50355,1.659,4
BA_PYR1_0404,LCAM,nonbinder,0,1,0,0.8181,0.9639,0.4978,0.556,5
BA_PYR1_0405,LCA3S,nonbinder,0,0,0,0.6701,0.9319,0.3258,0.452,0
BA_PYR1_0405,LCAM,nonbinder,0,1,0,0.6562,0.9379,0.6862,1.684,5
BA_PYR1_0406,LCA3S,nonbinder,0,1,0,0.5805,0.9358,0.30265,1.1815,2
BA_PYR1_0406,LCAM,nonbinder,0,1,0,0.6834,0.9478,0.3589,0.869,5
BA_PYR1_0407,LCA3S,nonbinder,0,1,1,0.7492,0.9652,0.3347,1.255,3
BA_PYR1_0407,LCAM,nonbinder,0,1,1,0.6374,0.9613,0.484,0.84,5
BA_PYR1_0408,LCA3S,nonbinder,0,1,0,0.90555,0.9548,0.3761,0.9385,2
BA_PYR1_0408,LCAM,nonbinder,0,1,0,0.7275,0.9479,0.3006,0.636,5
BA_PYR1_0409,LCA3S,nonbinder,0,1,0,0.9193,0.9562,0.4847,0.838,4
BA_PYR1_0409,LCAM,nonbinder,0,1,0,0.7311,0.94505,0.4048,1.237,4
BA_PYR1_0410,LCA3S,nonbinder,0,0,0,0.8663,0.9615,0.5049,1.43,0
BA_PYR1_0410,LCAM,nonbinder,0,1,0,0.8608,0.9445,0.4449,5.114,5
BA_PYR1_0411,LCA3S,nonbinder,0,1,1,0.7627,0.9664,0.1081,0.842,1
BA_PYR1_0411,LCAM,nonbinder,0,1,0,0.7538,0.95475,0.27045,0.3735,4
BA_PYR1_0412,LCA3S,nonbinder,0,0,0,0.8147,0.949,0.1472,0.507,0
BA_PYR1_0412,LCAM,nonbinder,0,1,0,0.6821,0.9538,0.4871,1.012,1
BA_PYR1_0413,LCA3S,nonbinder,0,0,0,0.8377,0.9484,0.2284,0.738,0
BA_PYR1_0413,LCAM,nonbinder,0,1,0,0.7103,0.93525,0.27715,3.9555,2
BA_PYR1_0414,LCA3S,nonbinder,0,0,0,0.8698,0.965,0.4538,0.66,0
BA_PYR1_0414,LCAM,nonbinder,0,1,0,0.88145,0.9502,0.10705,4.4965,2
BA_PYR1_0415,LCA3S,nonbinder,0,1,0,0.8661,0.95115,0.3085,0.8965,2
BA_PYR1_0415,LCAM,nonbinder,0,1,0,0.6969,0.9388,0.2644,0.721,4
BA_PYR1_0416,LCA3S,nonbinder,0,0,0,0.7975,0.9531,0.1786,0.848,0
BA_PYR1_0416,LCAM,nonbinder,0,1,0,0.7974,0.9443,0.3492,3.7,3
BA_PYR1_0417,LCA3S,nonbinder,0,0,0,0.8549,0.9594,0.1479,0.835,0
BA_PYR1_0417,LCAM,nonbinder,0,1,0,0.8633,0.94665,0.2286,4.365,2
BA_PYR1_0418,LCA3S,nonbinder,0,1,0,0.9134,0.9578,0.4536,0.5385,2
BA_PYR1_0418,LCAM,nonbinder,0,1,1,0.7787,0.9589,0.3054,0.9,4
BA_PYR1_0419,LCA3S,nonbinder,0,0,0,0.7249,0.9329,0.2095,0.741,0
BA_PYR1_0419,LCAM,nonbinder,0,1,0,0.662,0.9369,0.54745,1.0315,2
BA_PYR1_0420,LCA3S,nonbinder,0,0,0,0.8302,0.9531,0.4584,0.951,0
BA_PYR1_0420,LCAM,nonbinder,0,1,0,0.86275,0.9426,0.19345,4.6025,4
BA_PYR1_0421,LCA3S,nonbinder,0,0,0,0.8931,0.9479,0.0461,0.921,0
BA_PYR1_0421,LCAM,nonbinder,0,1,0,0.782,0.9537,0.0833,1.044,5
BA_PYR1_0422,LCA3S,nonbinder,0,0,0,0.8825,0.9478,0.0613,1.028,0
BA_PYR1_0422,LCAM,nonbinder,0,1,0,0.7495,0.9446,0.1861,0.776,5
BA_PYR1_0423,LCA3S,nonbinder,0,0,0,0.7841,0.9596,0.4969,2.031,0
BA_PYR1_0423,LCAM,nonbinder,0,1,1,0.8148,0.9622,0.82405,1.9885,4
BA_PYR1_0424,LCA3S,nonbinder,0,1,0,0.4684,0.9278,0.5241,1.569,3
BA_PYR1_0424,LCAM,nonbinder,0,1,0,0.63755,0.9437,0.31635,7.102,4
BA_PYR1_0425,LCA3S,nonbinder,0,1,0,0.51355,0.9233,0.4984,1.8305,2
BA_PYR1_0425,LCAM,nonbinder,0,1,0,0.47965,0.93615,0.7741,2.725,4
BA_PYR1_0426,LCA3S,nonbinder,0,1,0,0.6556,0.94895,0.3563,1.2245,2
BA_PYR1_0426,LCAM,nonbinder,0,1,0,0.5328,0.9348,0.3528,0.346,3
BA_PYR1_0427,LCA3S,nonbinder,0,1,0,0.5944,0.9406,0.304,0.874,3
BA_PYR1_0427,LCAM,nonbinder,0,1,0,0.681,0.9353,0.4699,0.654,5
BA_PYR1_0428,LCA3S,nonbinder,0,1,0,0.703,0.9466,0.2015,1.203,1
BA_PYR1_0428,LCAM,nonbinder,0,1,0,0.6766,0.9401,0.4308,0.696,5
BA_PYR1_0429,LCA3S,nonbinder,0,1,0,0.623,0.9415,0.3901,1.167,4
BA_PYR1_0429,LCAM,nonbinder,0,1,0,0.5491,0.9267,0.4955,1.211,5
BA_PYR1_0430,LCA3S,nonbinder,0,1,0,0.6559,0.9485,0.4915,1.139,5
BA_PYR1_0430,LCAM,nonbinder,0,1,0,0.5483,0.93615,0.2897,1.1345,4
BA_PYR1_0431,LCA3S,nonbinder,0,1,0,0.6052,0.9527,0.49235,1.4425,4
BA_PYR1_0431,LCAM,nonbinder,0,1,0,0.5468,0.9477,0.18865,0.6915,4
BA_PYR1_0432,LCA3S,nonbinder,0,1,0,0.5551,0.9462,0.4951,1.083,3
BA_PYR1_0432,LCAM,nonbinder,0,1,0,0.5104,0.9374,0.3406,1.263,5
BA_PYR1_0433,LCA3S,nonbinder,0,0,0,0.7572,0.9468,0.3033,0.628,0
BA_PYR1_0433,LCAM,nonbinder,0,1,0,0.5886,0.9225,0.31795,3.961,4
BA_PYR1_0434,LCA3S,nonbinder,0,1,0,0.55455,0.93885,0.39495,7.681,2
BA_PYR1_0434,LCAM,nonbinder,0,1,0,0.5698,0.9431,0.3845,1.467,4
BA_PYR1_0435,LCA3S,nonbinder,0,1,0,0.569,0.9495,0.4359,5.526,3
BA_PYR1_0435,LCAM,nonbinder,0,1,0,0.6305,0.9494,0.0618,0.584,5
BA_PYR1_0436,LCA3S,nonbinder,0,1,0,0.64325,0.94075,0.468,1.316,4
BA_PYR1_0436,LCAM,nonbinder,0,1,0,0.57885,0.93605,0.82245,2.2145,2
BA_PYR1_0437,LCA3S,nonbinder,0,1,0,0.5994,0.9373,0.3616,1.041,3
BA_PYR1_0437,LCAM,nonbinder,0,1,0,0.6703,0.9337,0.3372,0.767,5
BA_PYR1_0438,LCA3S,nonbinder,0,1,0,0.5832,0.9454,0.33395,1.0745,4
BA_PYR1_0438,LCAM,nonbinder,0,1,0,0.524,0.9368,0.3205,1.18,5
BA_PYR1_0439,LCA3S,nonbinder,0,1,0,0.5989,0.9382,0.3987,1.253,3
BA_PYR1_0439,LCAM,nonbinder,0,1,0,0.5514,0.9306,0.28585,0.902,4
BA_PYR1_0440,LCA3S,nonbinder,0,1,0,0.8462,0.9514,0.1653,0.828,5
BA_PYR1_0440,LCAM,nonbinder,0,1,0,0.681,0.9357,0.5261,2.927,5
BA_PYR1_0441,LCA3S,nonbinder,0,1,0,0.82635,0.95185,0.09075,0.655,4
BA_PYR1_0441,LCAM,nonbinder,0,1,0,0.7799,0.9375,0.5816,2.338,3
BA_PYR1_0442,LCA3S,nonbinder,0,1,0,0.7306,0.9493,0.07425,0.846,2
BA_PYR1_0442,LCAM,nonbinder,0,1,0,0.74315,0.9512,0.6457,1.4475,4
BA_PYR1_0443,LCA3S,nonbinder,0,1,0,0.7024,0.9442,0.7157,3.495,5
BA_PYR1_0443,LCAM,nonbinder,0,1,0,0.49595,0.9281,0.66485,4.262,4
BA_PYR1_0444,LCA3S,nonbinder,0,0,0,0.7691,0.9287,0.1302,0.679,0
BA_PYR1_0444,LCAM,nonbinder,0,1,0,0.549,0.9115,0.4248,0.753,5
BA_PYR1_0445,LCA3S,nonbinder,0,1,0,0.8853,0.9644,0.0929,0.934,5
BA_PYR1_0445,LCAM,nonbinder,0,1,1,0.8422,0.9589,0.7649,2.025,5
BA_PYR1_0446,LCA3S,nonbinder,0,1,0,0.6117,0.9234,0.4579,0.887,5
BA_PYR1_0446,LCAM,nonbinder,0,1,0,0.5979,0.9158,0.5194,2.244,5
BA_PYR1_0447,LCA3S,nonbinder,0,1,0,0.7065,0.9253,0.8033,2.036,5
BA_PYR1_0447,LCAM,nonbinder,0,1,0,0.6647,0.914,0.5102,4.697,5
BA_PYR1_0448,LCA3S,nonbinder,0,1,0,0.6083,0.9361,0.1,1.1155,4
BA_PYR1_0448,LCAM,nonbinder,0,1,0,0.5668,0.9197,0.2305,1.662,5
BA_PYR1_0449,LCA3S,nonbinder,0,1,0,0.681,0.9389,0.4457,1.166,3
BA_PYR1_0449,LCAM,nonbinder,0,1,0,0.55185,0.9298,0.8685,2.2825,2
BA_PYR1_0450,LCA3S,nonbinder,0,1,0,0.7655,0.9585,0.5985,1.355,3
BA_PYR1_0450,LCAM,nonbinder,0,1,1,0.7877,0.9601,0.7879,1.871,5
BA_PYR1_0452,LCA3S,nonbinder,0,1,0,0.6603,0.9428,0.3979,1.647,1
BA_PYR1_0452,LCAM,nonbinder,0,1,0,0.50735,0.9416,0.3385,0.7515,4
BA_PYR1_0453,LCA3S,nonbinder,0,0,0,0.7638,0.9463,0.892,2.897,0
BA_PYR1_0453,LCAM,nonbinder,0,1,0,0.519,0.9335,0.5192,2.283,5
BA_PYR1_0454,LCA3S,nonbinder,0,1,0,0.6384,0.9417,0.6774,1.831,5
BA_PYR1_0454,LCAM,nonbinder,0,1,0,0.46195,0.92545,0.6836,2.792,4
BA_PYR1_0455,LCA3S,nonbinder,0,0,0,0.6881,0.9274,0.384,0.901,0
BA_PYR1_0455,LCAM,nonbinder,0,1,0,0.66425,0.9169,0.33115,4.4235,4
BA_PYR1_0456,LCA3S,nonbinder,0,1,1,0.7771,0.9416,0.1802,0.697,5
BA_PYR1_0456,LCAM,nonbinder,0,1,1,0.7737,0.9327,0.7051,1.882,5
BA_PYR1_0457,LCA3S,nonbinder,0,1,0,0.82875,0.9412,0.1606,0.603,4
BA_PYR1_0457,LCAM,nonbinder,0,1,0,0.7843,0.9409,0.6963,2.971,5
BA_PYR1_0458,LCA3S,nonbinder,0,1,0,0.5488,0.9308,0.9064,2.948,3
BA_PYR1_0458,LCAM,nonbinder,0,1,0,0.4963,0.9335,0.423,5.165,5
BA_PYR1_0459,LCA3S,nonbinder,0,1,0,0.64615,0.93965,0.2533,0.7365,2
BA_PYR1_0459,LCAM,nonbinder,0,1,0,0.5623,0.93295,0.48025,1.2075,4
BA_PYR1_0460,LCA3S,nonbinder,0,1,0,0.66035,0.9427,0.167,0.487,2
BA_PYR1_0460,LCAM,nonbinder,0,1,0,0.50155,0.93005,0.5614,1.253,4
BA_PYR1_0461,LCA3S,nonbinder,0,1,0,0.63725,0.94975,0.66665,1.583,4
BA_PYR1_0461,LCAM,nonbinder,0,1,0,0.6833,0.9312,0.4516,1.067,5
BA_PYR1_0462,LCA3S,nonbinder,0,1,0,0.5915,0.9147,0.56515,1.533,4
BA_PYR1_0462,LCAM,nonbinder,0,1,0,0.4944,0.9004,0.4809,5.728,5
BA_PYR1_0463,LCA3S,nonbinder,0,1,0,0.6946,0.931,0.3098,1.033,5
BA_PYR1_0463,LCAM,nonbinder,0,1,0,0.591,0.9255,0.7921,2.075,5
BA_PYR1_0464,LCA3S,nonbinder,0,1,0,0.6271,0.93715,0.77435,1.819,2
BA_PYR1_0464,LCAM,nonbinder,0,1,0,0.6057,0.92645,0.7181,3.137,2
BA_PYR1_0465,LCA3S,nonbinder,0,1,0,0.6228,0.9411,0.6178,1.39,5
BA_PYR1_0465,LCAM,nonbinder,0,1,0,0.5678,0.9261,0.4936,7.216,5
BA_PYR1_0466,LCA3S,nonbinder,0,1,0,0.58525,0.9223,0.4752,1.302,2
BA_PYR1_0466,LCAM,nonbinder,0,1,0,0.6865,0.9168,0.4738,5.195,3
BA_PYR1_0467,LCA3S,nonbinder,0,1,0,0.72215,0.9345,0.34055,0.8685,4
BA_PYR1_0467,LCAM,nonbinder,0,1,0,0.7522,0.9298,0.4827,5.114,5
BA_PYR1_0468,LCA3S,nonbinder,0,0,0,0.5539,0.9293,0.4316,1.063,0
BA_PYR1_0468,LCAM,nonbinder,0,1,0,0.5671,0.91485,0.3051,5.0185,2
BA_PYR1_0469,LCA3S,nonbinder,0,1,0,0.72255,0.94,0.16075,0.813,2
BA_PYR1_0469,LCAM,nonbinder,0,1,0,0.5406,0.9135,0.4698,5.077,3
BA_PYR1_0470,LCA3S,nonbinder,0,1,0,0.58165,0.93025,0.4413,7.6115,4
BA_PYR1_0470,LCAM,nonbinder,0,1,0,0.5141,0.9277,0.614,2.782,5
BA_PYR1_0471,LCA3S,nonbinder,0,1,0,0.76435,0.938,0.3899,0.96,2
BA_PYR1_0471,LCAM,nonbinder,0,1,0,0.565,0.9144,0.6854,2.723,5
BA_PYR1_0472,LCA3S,nonbinder,0,0,0,0.7487,0.9323,0.6962,3.632,0
BA_PYR1_0472,LCAM,nonbinder,0,1,0,0.6231,0.9202,0.4523,6.525,3
BA_PYR1_0473,LCA3S,nonbinder,0,1,0,0.6402,0.9384,0.2493,0.913,3
BA_PYR1_0473,LCAM,nonbinder,0,1,0,0.58575,0.9332,0.24125,0.7175,4
BA_PYR1_0474,LCA3S,nonbinder,0,0,0,0.5679,0.9051,0.4843,1.253,0
BA_PYR1_0474,LCAM,nonbinder,0,1,0,0.72545,0.92025,0.2824,5.729,2
BA_PYR1_0475,LCA3S,nonbinder,0,1,1,0.8045,0.9625,0.1047,1.167,1
BA_PYR1_0475,LCAM,nonbinder,0,1,0,0.8277,0.9566,0.1604,9.403,5
BA_PYR1_0476,LCA3S,nonbinder,0,0,0,0.858,0.9635,0.0941,0.353,0
BA_PYR1_0476,LCAM,nonbinder,0,0,0,0.7182,0.9573,0.4985,1.8,0
BA_PYR1_0477,LCA3S,nonbinder,0,0,0,0.8648,0.9656,0.4043,0.909,0
BA_PYR1_0477,LCAM,nonbinder,0,1,0,0.8233,0.9619,0.4679,3.967,2
BA_PYR1_0478,LCA3S,nonbinder,0,0,0,0.7895,0.9562,0.1658,1.166,0
BA_PYR1_0478,LCAM,nonbinder,0,0,0,0.7271,0.9488,0.5255,2.501,0
BA_PYR1_0479,LCA3S,nonbinder,0,0,0,0.5891,0.9447,0.2036,1.118,0
BA_PYR1_0479,LCAM,nonbinder,0,1,0,0.6689,0.9491,0.4265,0.633,4
BA_PYR1_0480,LCA3S,nonbinder,0,1,0,0.78765,0.9578,0.41865,0.7025,4
BA_PYR1_0480,LCAM,nonbinder,0,1,0,0.721,0.9492,0.8733,2.863,5
BA_PYR1_0481,LCA3S,nonbinder,0,0,0,0.7075,0.9549,0.3342,0.837,0
BA_PYR1_0481,LCAM,nonbinder,0,1,0,0.5025,0.9412,0.4898,4.119,3
BA_PYR1_0482,LCA3S,nonbinder,0,0,0,0.7542,0.9538,0.4206,1.367,0
BA_PYR1_0482,LCAM,nonbinder,0,1,0,0.76605,0.95085,0.2589,4.6815,4
BA_PYR1_0483,LCA3S,nonbinder,0,1,0,0.63165,0.9486,0.1534,1.271,2
BA_PYR1_0483,LCAM,nonbinder,0,1,0,0.6456,0.9426,0.6433,2.625,5
BA_PYR1_0484,LCA3S,nonbinder,0,1,0,0.688,0.94015,0.1182,0.9605,2
BA_PYR1_0484,LCAM,nonbinder,0,1,0,0.6776,0.9409,0.62665,1.44,2
BA_PYR1_0485,LCA3S,nonbinder,0,0,0,0.8142,0.9458,0.4226,0.921,0
BA_PYR1_0485,LCAM,nonbinder,0,1,0,0.75795,0.92495,0.26335,5.1105,4
BA_PYR1_0486,LCA3S,nonbinder,0,0,0,0.771,0.9515,0.2317,0.828,0
BA_PYR1_0486,LCAM,nonbinder,0,1,0,0.6997,0.9408,0.5082,0.985,5
BA_PYR1_0487,LCA3S,nonbinder,0,1,0,0.7705,0.9449,0.3252,1.178,1
BA_PYR1_0487,LCAM,nonbinder,0,0,0,0.7878,0.9327,0.8453,2.119,0
BA_PYR1_0488,LCA3S,nonbinder,0,0,0,0.6594,0.9588,0.3226,1.124,0
BA_PYR1_0488,LCAM,nonbinder,0,0,0,0.7408,0.946,0.4493,0.761,0
BA_PYR1_0489,LCA3S,nonbinder,0,0,0,0.7333,0.9384,0.3001,0.885,0
BA_PYR1_0489,LCAM,nonbinder,0,1,0,0.76415,0.9326,0.23065,4.2745,4
BA_PYR1_0490,LCA3S,nonbinder,0,0,0,0.7763,0.9451,0.2092,1.038,0
BA_PYR1_0490,LCAM,nonbinder,0,1,0,0.72865,0.92915,0.2805,4.455,2
BA_PYR1_0491,LCA3S,nonbinder,0,0,0,0.6617,0.9172,0.5141,1.064,0
BA_PYR1_0491,LCAM,nonbinder,0,0,0,0.6925,0.9128,0.8327,3.096,0
BA_PYR1_0492,LCA3S,nonbinder,0,0,0,0.8119,0.9325,0.545,1.096,0
BA_PYR1_0492,LCAM,nonbinder,0,0,0,0.7975,0.9225,0.5973,2.954,0
BA_PYR1_0493,LCA3S,nonbinder,0,0,0,0.8903,0.9501,0.2365,1.308,0
BA_PYR1_0493,LCAM,nonbinder,0,1,0,0.82885,0.94315,0.41215,5.2605,2
BA_PYR1_0494,LCA3S,nonbinder,0,0,0,0.7867,0.937,0.5468,1.586,0
BA_PYR1_0494,LCAM,nonbinder,0,1,0,0.8023,0.92485,0.22735,4.688,2
BA_PYR1_0495,LCA3S,nonbinder,0,0,0,0.8031,0.962,0.387,1.255,0
BA_PYR1_0495,LCAM,nonbinder,0,1,0,0.69335,0.94505,0.82905,2.864,4
BA_PYR1_0496,LCA3S,nonbinder,0,0,0,0.7637,0.9238,0.4435,0.726,0
BA_PYR1_0496,LCAM,nonbinder,0,1,0,0.7338,0.9135,0.2713,4.93,1
BA_PYR1_0497,LCA3S,nonbinder,0,0,0,0.7392,0.9489,0.8891,2.495,0
BA_PYR1_0497,LCAM,nonbinder,0,1,0,0.583,0.9358,0.1818,1.176,1
BA_PYR1_0498,LCA3S,nonbinder,0,1,0,0.5819,0.9354,0.0497,0.96,1
BA_PYR1_0498,LCAM,nonbinder,0,1,0,0.5343,0.9344,0.3514,4.37,3
BA_PYR1_0499,LCA3S,nonbinder,0,1,0,0.6631,0.9379,0.2194,1.214,3
BA_PYR1_0499,LCAM,nonbinder,0,1,0,0.6062,0.9313,0.5006,0.831,3
BA_PYR1_0500,LCA3S,nonbinder,0,0,0,0.7269,0.9461,0.207,1.112,0
BA_PYR1_0500,LCAM,nonbinder,0,1,0,0.56955,0.9255,0.4722,0.8115,4
BA_PYR1_0501,LCA3S,nonbinder,0,1,0,0.706,0.9552,0.2489,1.074,1
BA_PYR1_0501,LCAM,nonbinder,0,1,0,0.63665,0.934,0.50225,0.502,4
BA_PYR1_0502,LCA3S,nonbinder,0,1,0,0.59145,0.93495,0.4494,1.122,2
BA_PYR1_0502,LCAM,nonbinder,0,1,0,0.46925,0.91865,0.5199,1.784,4
BA_PYR1_0503,LCA3S,nonbinder,0,1,0,0.69495,0.95195,0.30035,1.1175,4
BA_PYR1_0503,LCAM,nonbinder,0,1,0,0.63025,0.9339,0.4991,4.379,4
BA_PYR1_0504,LCA3S,nonbinder,0,0,0,0.6386,0.9387,0.4964,1.115,0
BA_PYR1_0504,LCAM,nonbinder,0,1,0,0.6978,0.9251,0.247,4.545,3
BA_PYR1_0505,LCA3S,nonbinder,0,1,0,0.5723,0.9395,0.2793,7.437,5
BA_PYR1_0505,LCAM,nonbinder,0,1,0,0.5033,0.9387,0.0938,0.561,3
BA_PYR1_0506,LCA3S,nonbinder,0,1,0,0.7055,0.93695,0.45305,1.197,4
BA_PYR1_0506,LCAM,nonbinder,0,1,0,0.5174,0.9156,0.9131,3.174,5
BA_PYR1_0507,LCA3S,nonbinder,0,1,0,0.6326,0.9302,0.6012,1.472,1
BA_PYR1_0507,LCAM,nonbinder,0,1,0,0.5108,0.9179,0.7729,2.764,5
BA_PYR1_0508,LCA3S,nonbinder,0,1,0,0.601,0.931,0.5028,0.812,1
BA_PYR1_0508,LCAM,nonbinder,0,1,0,0.5801,0.9273,0.437,0.702,3
BA_PYR1_0509,LCA3S,nonbinder,0,1,0,0.7036,0.9334,0.32065,0.964,2
BA_PYR1_0509,LCAM,nonbinder,0,1,0,0.5262,0.9257,0.4915,1.472,5
BA_PYR1_0510,LCA3S,nonbinder,0,1,0,0.6182,0.9263,0.5893,1.248,3
BA_PYR1_0510,LCAM,nonbinder,0,1,0,0.4765,0.9044,0.606,4.0295,4
BA_PYR1_0511,LCA3S,nonbinder,0,1,0,0.8315,0.947,0.4154,0.619,5
BA_PYR1_0511,LCAM,nonbinder,0,1,0,0.7419,0.9367,0.8254,2.559,5
BA_PYR1_0512,LCA3S,nonbinder,0,1,0,0.8112,0.9603,0.8732,3.21,5
BA_PYR1_0512,LCAM,nonbinder,0,1,0,0.4821,0.93375,0.4231,5.367,4
BA_PYR1_0513,LCA3S,nonbinder,0,1,0,0.8136,0.9514,0.3233,0.897,5
BA_PYR1_0513,LCAM,nonbinder,0,1,0,0.5257,0.9309,0.657,2.946,5
BA_PYR1_0515,LCA3S,nonbinder,0,0,0,0.854,0.9462,0.1169,0.499,0
BA_PYR1_0515,LCAM,nonbinder,0,1,0,0.7756,0.9362,0.5932,3.313,3
BA_PYR1_0516,LCA3S,nonbinder,0,1,0,0.8384,0.9581,0.2095,1.41,3
BA_PYR1_0516,LCAM,nonbinder,0,1,0,0.618,0.9436,0.6109,1.821,3
BA_PYR1_0517,LCA3S,nonbinder,0,1,0,0.71395,0.94945,0.6494,1.358,2
BA_PYR1_0517,LCAM,nonbinder,0,1,0,0.64,0.937,0.5224,4.45,3
BA_PYR1_0518,LCA3S,nonbinder,0,1,0,0.7657,0.9547,0.2559,1.367,1
BA_PYR1_0518,LCAM,nonbinder,0,1,0,0.84835,0.9431,0.52845,3.385,2
BA_PYR1_0519,LCA3S,nonbinder,0,1,0,0.82735,0.94935,0.61215,1.436,4
BA_PYR1_0519,LCAM,nonbinder,0,0,0,0.8723,0.9325,0.717,2.976,0
BA_PYR1_0520,LCA3S,nonbinder,0,0,0,0.889,0.9649,0.1525,0.885,0
BA_PYR1_0520,LCAM,nonbinder,0,1,0,0.7545,0.94695,0.4761,4.172,2
BA_PYR1_0521,LCA3S,nonbinder,0,1,0,0.7771,0.9456,0.136,1.138,5
BA_PYR1_0521,LCAM,nonbinder,0,1,0,0.5092,0.929,0.4942,3.108,5
BA_PYR1_0522,LCA3S,nonbinder,0,1,0,0.69925,0.93825,0.3041,1.162,4
BA_PYR1_0522,LCAM,nonbinder,0,1,0,0.7441,0.93335,0.5513,4.4025,4
BA_PYR1_0523,LCA3S,nonbinder,0,1,0,0.6426,0.9388,0.6752,1.571,3
BA_PYR1_0523,LCAM,nonbinder,0,1,0,0.4859,0.9249,0.4782,5.164,5
BA_PYR1_0524,LCA3S,nonbinder,0,1,0,0.7612,0.9452,0.4032,1.418,3
BA_PYR1_0524,LCAM,nonbinder,0,1,0,0.5584,0.9312,0.8024,3.143,5
BA_PYR1_0525,LCA3S,nonbinder,0,1,0,0.8365,0.9565,0.2945,1.275,5
BA_PYR1_0525,LCAM,nonbinder,0,1,0,0.7478,0.9425,0.4503,4.022,5
BA_PYR1_0526,LCA3S,nonbinder,0,1,0,0.8411,0.9608,0.4522,1.148,5
BA_PYR1_0526,LCAM,nonbinder,0,1,0,0.6951,0.9437,0.7761,3.44,3
BA_PYR1_0527,LCA3S,nonbinder,0,1,0,0.7206,0.956,0.1025,0.993,5
BA_PYR1_0527,LCAM,nonbinder,0,1,0,0.6574,0.95,0.7771,3.521,5
BA_PYR1_0528,LCA3S,nonbinder,0,1,0,0.80605,0.9551,0.8166,2.072,2
BA_PYR1_0528,LCAM,nonbinder,0,1,0,0.5235,0.9225,0.7944,3.278,3
BA_PYR1_0529,LCA3S,nonbinder,0,1,0,0.9016,0.9612,0.2681,1.192,1
BA_PYR1_0529,LCAM,nonbinder,0,1,1,0.8665,0.9402,0.58,3.764,5
BA_PYR1_0530,LCA3S,nonbinder,0,1,0,0.8087,0.9478,0.1517,0.746,5
BA_PYR1_0530,LCAM,nonbinder,0,1,0,0.7768,0.9368,0.757,2.324,5
BA_PYR1_0531,LCA3S,nonbinder,0,1,0,0.7191,0.9545,0.2032,1.171,1
BA_PYR1_0531,LCAM,nonbinder,0,1,0,0.8508,0.9505,0.52045,4.3525,4
BA_PYR1_0532,LCA3S,nonbinder,0,1,0,0.5208,0.9351,0.789,2.55,3
BA_PYR1_0532,LCAM,nonbinder,0,1,0,0.4803,0.93685,0.8592,2.292,4
BA_PYR1_0533,LCA3S,nonbinder,0,0,0,0.8764,0.9729,0.6129,1.968,0
BA_PYR1_0533,LCAM,nonbinder,0,1,0,0.7604,0.9536,0.50685,4.914,4
BA_PYR1_0534,LCA3S,nonbinder,0,1,0,0.6613,0.9482,0.2961,1.169,5
BA_PYR1_0534,LCAM,nonbinder,0,1,0,0.606,0.9391,0.4839,3.922,5
BA_PYR1_0535,LCA3S,nonbinder,0,1,0,0.76085,0.9577,0.29955,0.5485,2
BA_PYR1_0535,LCAM,nonbinder,0,0,0,0.7363,0.9339,0.7118,2.08,0
BA_PYR1_0536,LCA3S,nonbinder,0,1,0,0.6448,0.9427,0.6432,1.77,5
BA_PYR1_0536,LCAM,nonbinder,0,1,0,0.6727,0.9218,0.5174,1.772,3
BA_PYR1_0537,LCA3S,nonbinder,0,1,0,0.7758,0.9589,0.4684,1.129,5
BA_PYR1_0537,LCAM,nonbinder,0,1,0,0.79,0.942,0.6602,3.816,5
BA_PYR1_0538,LCA3S,nonbinder,0,1,0,0.7656,0.9445,0.5384,1.589,5
BA_PYR1_0538,LCAM,nonbinder,0,1,0,0.5279,0.9233,0.4651,5.026,5
BA_PYR1_0539,LCA3S,nonbinder,0,1,0,0.7665,0.9427,0.6164,2.029,3
BA_PYR1_0539,LCAM,nonbinder,0,1,0,0.6023,0.9186,0.3947,5.731,5
BA_PYR1_0540,LCA3S,nonbinder,0,1,0,0.8121,0.94825,0.497,1.345,4
BA_PYR1_0540,LCAM,nonbinder,0,1,0,0.8511,0.9398,0.623,3.91,5
BA_PYR1_0541,LCA3S,nonbinder,0,1,0,0.747,0.9414,0.3055,1.455,5
BA_PYR1_0541,LCAM,nonbinder,0,1,0,0.6994,0.9298,0.4978,4.851,3
BA_PYR1_0542,LCA3S,nonbinder,0,1,0,0.758,0.9422,0.3918,1.299,5
BA_PYR1_0542,LCAM,nonbinder,0,1,0,0.6799,0.9314,0.6642,3.891,5
BA_PYR1_0543,LCA3S,nonbinder,0,1,0,0.67495,0.9381,0.79025,1.911,4
BA_PYR1_0543,LCAM,nonbinder,0,1,0,0.568,0.9235,0.37,6.011,5
BA_PYR1_0544,LCA3S,nonbinder,0,1,0,0.8334,0.96095,0.54685,1.817,2
BA_PYR1_0544,LCAM,nonbinder,0,1,0,0.6038,0.9352,0.4959,5.353,5
BA_PYR1_0545,LCA3S,nonbinder,0,1,0,0.6347,0.9316,0.567,1.615,3
BA_PYR1_0545,LCAM,nonbinder,0,1,0,0.6628,0.92315,0.464,6.3345,2
BA_PYR1_0546,LCA3S,nonbinder,0,1,0,0.78625,0.954,0.35685,1.0525,4
BA_PYR1_0546,LCAM,nonbinder,0,1,0,0.8412,0.94425,0.6362,4.6495,4
BA_PYR1_0547,LCA3S,nonbinder,0,1,0,0.7117,0.9495,0.1979,1.26,5
BA_PYR1_0547,LCAM,nonbinder,0,1,0,0.8078,0.93885,0.5658,4.292,4
BA_PYR1_0548,LCA3S,nonbinder,0,1,0,0.6907,0.9403,0.6409,1.69,5
BA_PYR1_0548,LCAM,nonbinder,0,1,0,0.5261,0.9265,0.4999,7.378,5
BA_PYR1_0549,LCA3S,nonbinder,0,1,0,0.6696,0.9421,0.6119,1.47,5
BA_PYR1_0549,LCAM,nonbinder,0,1,0,0.4713,0.922,0.7148,3.524,5
BA_PYR1_0550,LCA3S,nonbinder,0,1,0,0.72655,0.9343,0.44765,1.401,2
BA_PYR1_0550,LCAM,nonbinder,0,1,0,0.5075,0.902,0.4699,7.791,5
BA_PYR1_0551,LCA3S,nonbinder,0,0,0,0.8701,0.9508,0.7246,3.199,0
BA_PYR1_0551,LCAM,nonbinder,0,1,0,0.8301,0.9375,0.4793,6.221,3
BA_PYR1_0552,LCA3S,nonbinder,0,1,0,0.6958,0.9382,0.646,1.887,5
BA_PYR1_0552,LCAM,nonbinder,0,1,0,0.60545,0.9274,0.5337,4.178,4
BA_PYR1_0553,LCA3S,nonbinder,0,1,0,0.8599,0.9586,0.5002,1.388,5
BA_PYR1_0553,LCAM,nonbinder,0,1,0,0.8479,0.9502,0.7867,3.145,5
BA_PYR1_0554,LCA3S,nonbinder,0,0,0,0.8875,0.969,0.4241,1.198,0
BA_PYR1_0554,LCAM,nonbinder,0,1,0,0.8265,0.9591,0.2061,7.709,2
BA_PYR1_0555,LCA3S,nonbinder,0,1,0,0.7925,0.9631,0.2922,1.531,1
BA_PYR1_0555,LCAM,nonbinder,0,1,0,0.7613,0.9551,0.3917,3.965,3
BA_PYR1_0556,LCA3S,nonbinder,0,0,0,0.7172,0.9554,0.384,0.86,0
BA_PYR1_0556,LCAM,nonbinder,0,1,0,0.6258,0.9429,0.3082,6.043,1
BA_PYR1_0557,LCA3S,nonbinder,0,0,0,0.8506,0.9629,0.4571,1.596,0
BA_PYR1_0557,LCAM,nonbinder,0,1,0,0.8133,0.9531,0.8967,2.661,5
BA_PYR1_0559,LCA3S,nonbinder,0,1,1,0.8723,0.9698,0.3671,0.873,5
BA_PYR1_0559,LCAM,nonbinder,0,1,0,0.8091,0.9592,0.6537,2.809,3
BA_PYR1_0560,LCA3S,nonbinder,0,1,0,0.7912,0.954,0.5204,2.424,5
BA_PYR1_0560,LCAM,nonbinder,0,1,0,0.64595,0.9314,0.4172,3.9935,4
BA_PYR1_0561,LCA3S,nonbinder,0,1,0,0.8342,0.9566,0.4944,0.454,5
BA_PYR1_0561,LCAM,nonbinder,0,1,0,0.6362,0.9339,0.4189,0.545,5
BA_PYR1_0562,LCA3S,nonbinder,0,1,0,0.7007,0.9589,0.48415,0.985,2
BA_PYR1_0562,LCAM,nonbinder,0,1,0,0.7572,0.9569,0.8062,3.144,3
BA_PYR1_0563,LCA3S,nonbinder,0,0,0,0.8297,0.9679,0.1962,0.923,0
BA_PYR1_0563,LCAM,nonbinder,0,1,0,0.6421,0.9446,0.6986,3.711,5
BA_PYR1_0564,LCA3S,nonbinder,0,0,0,0.8551,0.9554,0.4007,1.163,0
BA_PYR1_0564,LCAM,nonbinder,0,1,0,0.833,0.9337,0.519,4.746,1
BA_PYR1_0565,LCA3S,nonbinder,0,1,0,0.8279,0.9643,0.0911,1.165,1
BA_PYR1_0565,LCAM,nonbinder,0,1,1,0.8841,0.9601,0.5615,1.103,1
BA_PYR1_0566,LCA3S,nonbinder,0,1,0,0.7989,0.9645,0.5572,1.104,1
BA_PYR1_0566,LCAM,nonbinder,0,1,0,0.7865,0.9472,0.2411,4.102,4
BA_PYR1_0567,LCA3S,nonbinder,0,0,0,0.8988,0.9596,0.3075,0.643,0
BA_PYR1_0567,LCAM,nonbinder,0,0,0,0.9203,0.9567,0.6723,2.879,0
BA_PYR1_0568,LCA3S,nonbinder,0,0,0,0.9015,0.9648,0.4214,0.671,0
BA_PYR1_0568,LCAM,nonbinder,0,1,0,0.88415,0.95165,0.59475,3.3975,2
BA_PYR1_0569,LCA3S,nonbinder,0,0,0,0.9214,0.9729,0.0923,1.137,0
BA_PYR1_0569,LCAM,nonbinder,0,1,1,0.9008,0.9546,0.8699,2.681,1
BA_PYR1_0570,LCA3S,nonbinder,0,0,0,0.9126,0.9624,0.1319,0.292,0
BA_PYR1_0570,LCAM,nonbinder,0,1,0,0.8853,0.9455,0.5151,3.667,1
BA_PYR1_0571,LCA3S,nonbinder,0,1,1,0.9206,0.9667,0.2786,0.968,3
BA_PYR1_0571,LCAM,nonbinder,0,1,1,0.8946,0.9509,0.4811,3.711,5
BA_PYR1_0572,LCA3S,nonbinder,0,0,0,0.9051,0.962,0.036,0.571,0
BA_PYR1_0572,LCAM,nonbinder,0,0,0,0.8452,0.9454,0.788,2.337,0
BA_PYR1_0573,LCA3S,nonbinder,0,0,0,0.8497,0.9618,0.9312,2.362,0
BA_PYR1_0573,LCAM,nonbinder,0,1,0,0.72225,0.95085,0.2733,5.1515,2
BA_PYR1_0574,LCA3S,nonbinder,0,1,0,0.6878,0.9439,0.2191,1.073,3
BA_PYR1_0574,LCAM,nonbinder,0,1,0,0.6259,0.9302,0.1887,6.364,5
BA_PYR1_0575,LCA3S,nonbinder,0,1,0,0.7537,0.9588,0.4851,1.438,3
BA_PYR1_0575,LCAM,nonbinder,0,1,0,0.6648,0.9337,0.4897,6.497,1
BA_PYR1_0576,LCA3S,nonbinder,0,1,0,0.6218,0.9373,0.2706,1.638,1
BA_PYR1_0576,LCAM,nonbinder,0,1,0,0.5071,0.9186,0.4654,5.929,5
BA_PYR1_0577,LCA3S,nonbinder,0,1,0,0.5773,0.9446,0.2056,1.166,1
BA_PYR1_0577,LCAM,nonbinder,0,1,0,0.5389,0.9356,0.49835,0.8755,4
BA_PYR1_0578,LCA3S,nonbinder,0,1,0,0.5336,0.9364,0.21005,9.8675,2
BA_PYR1_0578,LCAM,nonbinder,0,1,0,0.4941,0.9332,0.4789,3.358,5
BA_PYR1_0579,LCA3S,nonbinder,0,1,0,0.7019,0.9442,0.62,1.8225,4
BA_PYR1_0579,LCAM,nonbinder,0,1,0,0.4776,0.9281,0.5148,4.562,5
BA_PYR1_0580,LCA3S,nonbinder,0,1,0,0.6323,0.9439,0.3929,1.283,1
BA_PYR1_0580,LCAM,nonbinder,0,1,0,0.564,0.9241,0.3372,5.921,3
BA_PYR1_0581,LCA3S,nonbinder,0,0,0,0.6857,0.9503,0.5666,1.561,0
BA_PYR1_0581,LCAM,nonbinder,0,1,0,0.63085,0.9353,0.5608,4.347,4
BA_PYR1_0582,LCA3S,nonbinder,0,1,0,0.6058,0.93235,0.5876,1.2405,2
BA_PYR1_0582,LCAM,nonbinder,0,1,0,0.5685,0.9154,0.4797,4.054,3
BA_PYR1_0583,LCA3S,nonbinder,0,1,0,0.6719,0.9216,0.2256,0.706,5
BA_PYR1_0583,LCAM,nonbinder,0,1,0,0.70075,0.9176,0.50995,4.3205,4
BA_PYR1_0584,LCA3S,nonbinder,0,0,0,0.8696,0.947,0.3783,0.924,0
BA_PYR1_0584,LCAM,nonbinder,0,1,0,0.7833,0.9294,0.7313,2.827,3
BA_PYR1_0585,LCA3S,nonbinder,0,1,0,0.73105,0.94295,0.3386,1.243,4
BA_PYR1_0585,LCAM,nonbinder,0,1,1,0.8323,0.9397,0.6504,1.864,5
BA_PYR1_0592,LCA3S,both binder,1,1,1,0.8637,0.9667,0.1522,1.091,5
BA_PYR1_0592,LCAM,both binder,1,1,1,0.8394,0.9631,0.8051,3.055,5
BA_PYR1_0593,LCA3S,both binder,1,1,1,0.9297,0.965,0.2212,0.287,5
BA_PYR1_0593,LCAM,both binder,1,1,1,0.9129,0.9599,0.7891,1.906,5
BA_PYR1_0594,LCA3S,both binder,1,1,1,0.8951,0.9644,0.0294,0.622,5
BA_PYR1_0594,LCAM,both binder,1,1,1,0.8975,0.9609,0.7633,1.796,5
BA_PYR1_0595,LCA3S,LCA binder,0,1,1,0.88055,0.9627,0.05545,0.9175,4
BA_PYR1_0595,LCAM,LCA binder,1,1,1,0.8636,0.9562,0.9921,2.679,5
BA_PYR1_0596,LCA3S,nonbinder,0,0,0,0.9458,0.9604,0.0582,0.62,0
BA_PYR1_0596,LCAM,nonbinder,0,1,0,0.8584,0.95,0.7093,2.781,3
BA_PYR1_0597,LCA3S,nonbinder,0,1,0,0.9003,0.9589,0.1612,1.147,5
BA_PYR1_0597,LCAM,nonbinder,0,1,0,0.62885,0.9413,0.54915,1.414,4
BA_PYR1_0598,LCA3S,nonbinder,0,1,1,0.90285,0.9665,0.07105,0.795,2
BA_PYR1_0598,LCAM,nonbinder,0,1,0,0.8145,0.958,0.5543,2.017,5
BA_PYR1_0599,LCA3S,nonbinder,0,1,1,0.9606,0.9692,0.4572,0.87,1
BA_PYR1_0599,LCAM,nonbinder,0,1,1,0.9393,0.9644,0.6592,3.221,5
BA_PYR1_0600,LCA3S,nonbinder,0,1,0,0.6215,0.931,0.1019,1.141,5
BA_PYR1_0600,LCAM,nonbinder,0,1,0,0.5628,0.9276,0.508,1.507,5
BA_PYR1_0601,LCA3S,nonbinder,0,1,0,0.7091,0.94,0.2255,1.062,5
BA_PYR1_0601,LCAM,nonbinder,0,1,0,0.7041,0.9313,0.8107,2.469,5
BA_PYR1_0602,LCA3S,nonbinder,0,1,0,0.7468,0.9359,0.0875,1.027,5
BA_PYR1_0602,LCAM,nonbinder,0,1,0,0.6706,0.9268,0.9164,2.346,5
BA_PYR1_0603,LCA3S,nonbinder,0,1,0,0.5786,0.93715,0.35485,1.206,4
BA_PYR1_0603,LCAM,nonbinder,0,1,0,0.52125,0.92835,0.5256,1.1975,4
BA_PYR1_0604,LCA3S,nonbinder,0,1,0,0.8957,0.96375,0.40485,1.013,4
BA_PYR1_0604,LCAM,nonbinder,0,1,0,0.7997,0.9557,0.679,1.576,5
BA_PYR1_0605,LCA3S,nonbinder,0,1,1,0.8814,0.965,0.1088,1.138,5
BA_PYR1_0605,LCAM,nonbinder,0,1,1,0.6248,0.9568,0.5334,0.839,5
BA_PYR1_0606,LCA3S,nonbinder,0,1,0,0.7203,0.9467,0.5363,1.1735,4
BA_PYR1_0606,LCAM,nonbinder,0,1,0,0.5685,0.9332,0.5895,1.501,5
BA_PYR1_0607,LCA3S,nonbinder,0,1,0,0.8862,0.9596,0.4357,1.361,5
BA_PYR1_0607,LCAM,nonbinder,0,1,0,0.5577,0.94285,0.73805,3.419,4
BA_PYR1_0608,LCA3S,nonbinder,0,1,0,0.883,0.9553,0.0654,0.441,5
BA_PYR1_0608,LCAM,nonbinder,0,1,1,0.8419,0.9469,0.7813,2.072,5
BA_PYR1_0609,LCA3S,nonbinder,0,1,1,0.8683,0.9606,0.1583,0.44,3
BA_PYR1_0609,LCAM,nonbinder,0,1,0,0.8278,0.9523,0.7179,2.266,5
BA_PYR1_0611,LCA3S,nonbinder,0,1,0,0.7943,0.9594,0.9245,2.982,1
BA_PYR1_0611,LCAM,nonbinder,0,1,0,0.8039,0.9582,0.8988,2.551,5
BA_PYR1_0612,LCA3S,nonbinder,0,1,0,0.552,0.93725,0.54705,1.3115,4
BA_PYR1_0612,LCAM,nonbinder,0,1,0,0.4753,0.9248,0.8797,2.966,5
BA_PYR1_0613,LCA3S,nonbinder,0,1,1,0.78305,0.93785,0.16575,0.8685,4
BA_PYR1_0613,LCAM,nonbinder,0,1,0,0.7675,0.9309,0.5223,2.013,5
BA_PYR1_0614,LCA3S,nonbinder,0,1,0,0.7416,0.9504,0.3402,0.785,5
BA_PYR1_0614,LCAM,nonbinder,0,1,0,0.4898,0.931,0.596,1.325,3
BA_PYR1_0615,LCA3S,nonbinder,0,1,0,0.7073,0.94,0.3665,0.624,5
BA_PYR1_0615,LCAM,nonbinder,0,1,0,0.601,0.9313,0.4681,0.703,3
BA_PYR1_0616,LCA3S,nonbinder,0,1,0,0.7709,0.9429,0.3547,0.98,5
BA_PYR1_0616,LCAM,nonbinder,0,1,0,0.5474,0.9294,0.6333,1.685,5
BA_PYR1_0617,LCA3S,nonbinder,0,1,1,0.9033,0.9649,0.2706,1.454,5
BA_PYR1_0617,LCAM,nonbinder,0,1,0,0.7993,0.9472,0.8299,2.907,5
BA_PYR1_0618,LCA3S,nonbinder,0,1,0,0.732,0.9461,0.5337,0.986,5
BA_PYR1_0618,LCAM,nonbinder,0,1,0,0.7901,0.9398,0.6053,3.341,5
BA_PYR1_0619,LCA3S,nonbinder,0,1,0,0.84375,0.9595,0.41185,1.0395,2
BA_PYR1_0619,LCAM,nonbinder,0,1,1,0.8593,0.9518,0.7974,2.473,5
BA_PYR1_0620,LCA3S,nonbinder,0,1,0,0.5941,0.9338,0.2169,0.863,4
BA_PYR1_0620,LCAM,nonbinder,0,1,0,0.5802,0.9333,0.3422,0.821,1
BA_PYR1_0621,LCA3S,nonbinder,0,1,0,0.9057,0.9623,0.4048,1.077,5
BA_PYR1_0621,LCAM,nonbinder,0,1,0,0.81655,0.94855,0.7813,2.9365,4
BA_PYR1_0622,LCA3S,nonbinder,0,1,0,0.7204,0.9419,0.484,1.28,5
BA_PYR1_0622,LCAM,nonbinder,0,1,0,0.5625,0.9288,0.9077,2.884,5
BA_PYR1_0623,LCA3S,nonbinder,0,1,0,0.67035,0.93965,0.4235,0.872,4
BA_PYR1_0623,LCAM,nonbinder,0,1,0,0.5193,0.9288,0.5715,2.033,3
BA_PYR1_0624,LCA3S,nonbinder,0,1,0,0.9134,0.9617,0.276,1.57,5
BA_PYR1_0624,LCAM,nonbinder,0,1,0,0.7877,0.9467,0.7807,2.561,5
BA_PYR1_0625,LCA3S,nonbinder,0,1,0,0.71945,0.95,0.3025,1.2565,4
BA_PYR1_0625,LCAM,nonbinder,0,1,0,0.5373,0.9325,0.70645,1.953,4
BA_PYR1_0628,LCA3S,nonbinder,0,1,0,0.85185,0.96355,0.28155,0.7285,2
BA_PYR1_0628,LCAM,nonbinder,0,1,0,0.8172,0.9536,0.9174,2.668,5
BA_PYR1_0629,LCA3S,nonbinder,0,1,0,0.7947,0.9648,0.291,1.158,5
BA_PYR1_0629,LCAM,nonbinder,0,1,0,0.7675,0.9602,0.6858,3.207,5
BA_PYR1_0631,LCA3S,nonbinder,0,1,0,0.88615,0.9598,0.2948,1.106,4
BA_PYR1_0631,LCAM,nonbinder,0,1,0,0.8386,0.9506,0.5975,3.839,5
BA_PYR1_0632,LCA3S,nonbinder,0,1,0,0.8908,0.9606,0.2726,0.9755,2
BA_PYR1_0632,LCAM,nonbinder,0,1,0,0.84385,0.94295,0.3134,4.2455,2
BA_PYR1_0633,LCA3S,nonbinder,0,0,0,0.898,0.9736,0.0903,0.831,0
BA_PYR1_0633,LCAM,nonbinder,0,1,0,0.6263,0.95245,0.473,0.5835,4
BA_PYR1_0634,LCA3S,nonbinder,0,0,0,0.8953,0.9577,0.0997,0.701,0
BA_PYR1_0634,LCAM,nonbinder,0,1,0,0.7909,0.9425,0.7972,2.706,3
BA_PYR1_0635,LCA3S,nonbinder,0,1,0,0.8229,0.9549,0.1686,1.185,1
BA_PYR1_0635,LCAM,nonbinder,0,1,0,0.8041,0.9483,0.5006,3.517,3
BA_PYR1_0636,LCA3S,nonbinder,0,0,0,0.8673,0.9486,0.2912,1.163,0
BA_PYR1_0636,LCAM,nonbinder,0,1,0,0.8513,0.9354,0.2153,4.109,1
BA_PYR1_0637,LCA3S,nonbinder,0,0,0,0.9313,0.9656,0.1345,0.386,0
BA_PYR1_0637,LCAM,nonbinder,0,0,0,0.8731,0.9524,0.779,2.2,0
BA_PYR1_0638,LCA3S,nonbinder,0,0,0,0.9618,0.9672,0.1471,0.678,0
BA_PYR1_0638,LCAM,nonbinder,0,1,1,0.9281,0.95885,0.5908,3.424,2
BA_PYR1_0639,LCA3S,nonbinder,0,1,1,0.9634,0.97125,0.5217,0.894,4
BA_PYR1_0639,LCAM,nonbinder,0,1,1,0.93485,0.9619,0.7044,2.842,4
BA_PYR1_0640,LCA3S,nonbinder,0,1,0,0.8165,0.9478,0.3998,1.0325,2
BA_PYR1_0640,LCAM,nonbinder,0,1,0,0.7764,0.9328,0.5429,1.02,5
BA_PYR1_0641,LCA3S,nonbinder,0,0,0,0.9505,0.9644,0.0601,0.508,0
BA_PYR1_0641,LCAM,nonbinder,0,0,0,0.9034,0.9519,0.6651,1.975,0
BA_PYR1_0642,LCA3S,nonbinder,0,1,0,0.7195,0.95245,0.4214,1.3115,2
BA_PYR1_0642,LCAM,nonbinder,0,1,0,0.75725,0.94845,0.1849,4.6995,4
BA_PYR1_0643,LCA3S,nonbinder,0,1,1,0.8363,0.9652,0.4811,1.347,5
BA_PYR1_0643,LCAM,nonbinder,0,1,0,0.6054,0.9407,0.9521,2.892,5
BA_PYR1_0644,LCA3S,nonbinder,0,1,0,0.6957,0.9443,0.4006,0.986,3
BA_PYR1_0644,LCAM,nonbinder,0,1,0,0.5095,0.9256,0.4199,4.989,5
BA_PYR1_0645,LCA3S,nonbinder,0,1,0,0.745,0.9558,0.4476,1.131,3
BA_PYR1_0645,LCAM,nonbinder,0,1,0,0.54715,0.9323,0.5236,3.7465,4
BA_PYR1_0646,LCA3S,nonbinder,0,1,0,0.7159,0.9504,0.42645,1.3065,4
BA_PYR1_0646,LCAM,nonbinder,0,1,0,0.497,0.9314,0.5324,2.124,4
BA_PYR1_0647,LCA3S,nonbinder,0,1,0,0.7573,0.9422,0.5485,1.197,5
BA_PYR1_0647,LCAM,nonbinder,0,1,0,0.5645,0.9332,0.9191,3.131,5
BA_PYR1_0648,LCA3S,nonbinder,0,1,0,0.7354,0.9466,0.4831,1.081,3
BA_PYR1_0648,LCAM,nonbinder,0,1,0,0.5338,0.9277,0.9107,2.886,5
BA_PYR1_0650,LCA3S,nonbinder,0,1,0,0.7303,0.9496,0.3213,1.483,3
BA_PYR1_0650,LCAM,nonbinder,0,1,0,0.5465,0.9367,0.6088,1.321,5
BA_PYR1_0652,LCA3S,nonbinder,0,1,0,0.7357,0.9479,0.4041,1.183,3
BA_PYR1_0652,LCAM,nonbinder,0,1,0,0.7872,0.9383,0.1302,1.305,5
BA_PYR1_0653,LCA3S,nonbinder,0,1,0,0.6857,0.9473,0.7493,1.768,3
BA_PYR1_0653,LCAM,nonbinder,0,1,0,0.6711,0.9462,0.5055,1.117,5
BA_PYR1_0654,LCA3S,nonbinder,0,1,0,0.74665,0.95435,0.27575,1.1295,2
BA_PYR1_0654,LCAM,nonbinder,0,1,0,0.5472,0.9288,0.5206,1.304,5
BA_PYR1_0655,LCA3S,nonbinder,0,0,0,0.7878,0.9642,0.3538,1.005,0
BA_PYR1_0655,LCAM,nonbinder,0,1,1,0.85965,0.96125,0.66335,2.236,4
BA_PYR1_0656,LCA3S,nonbinder,0,1,1,0.8156,0.9645,0.4941,0.581,1
BA_PYR1_0656,LCAM,nonbinder,0,1,0,0.8249,0.95515,0.37545,3.434,4
BA_PYR1_0657,LCA3S,nonbinder,0,1,0,0.727,0.9483,0.3957,0.633,3
BA_PYR1_0657,LCAM,nonbinder,0,1,0,0.6305,0.9447,0.51915,0.868,4
BA_PYR1_0658,LCA3S,nonbinder,0,1,0,0.7886,0.9563,0.0324,0.503,1
BA_PYR1_0658,LCAM,nonbinder,0,1,0,0.7478,0.9576,0.5455,1.871,5
BA_PYR1_0659,LCA3S,nonbinder,0,1,0,0.727,0.9428,0.4979,0.934,5
BA_PYR1_0659,LCAM,nonbinder,0,1,0,0.7651,0.952,0.2194,1.05,3
BA_PYR1_0660,LCA3S,nonbinder,0,1,0,0.82715,0.95815,0.40955,1.1335,4
BA_PYR1_0660,LCAM,nonbinder,0,1,0,0.7258,0.9375,0.1654,1.396,5
BA_PYR1_0661,LCA3S,nonbinder,0,1,0,0.8142,0.96045,0.32425,0.9055,4
BA_PYR1_0661,LCAM,nonbinder,0,1,0,0.6968,0.9352,0.157,1.152,4
BA_PYR1_0662,LCA3S,nonbinder,0,0,0,0.8185,0.9484,0.0913,1.095,0
BA_PYR1_0662,LCAM,nonbinder,0,1,0,0.761,0.9396,0.6516,2.914,5
BA_PYR1_0663,LCA3S,nonbinder,0,0,0,0.6274,0.9338,0.2553,1.143,0
BA_PYR1_0663,LCAM,nonbinder,0,1,0,0.66795,0.9217,0.6747,2.1165,4
BA_PYR1_0664,LCA3S,nonbinder,0,1,0,0.7827,0.9577,0.6719,2.433,3
BA_PYR1_0664,LCAM,nonbinder,0,1,0,0.6995,0.9382,0.1013,1.201,5
BA_PYR1_0665,LCA3S,nonbinder,0,1,0,0.6009,0.9364,0.1574,0.826,3
BA_PYR1_0665,LCAM,nonbinder,0,1,0,0.6116,0.9355,0.8719,2.26,5
BA_PYR1_0666,LCA3S,nonbinder,0,1,0,0.55165,0.93855,0.1113,0.542,4
BA_PYR1_0666,LCAM,nonbinder,0,1,0,0.6051,0.9378,0.6522,1.793,5
BA_PYR1_0667,LCA3S,nonbinder,0,1,0,0.7066,0.9674,0.5561,1.786,3
BA_PYR1_0667,LCAM,nonbinder,0,1,0,0.7794,0.972,0.8394,3.35,5
BA_PYR1_0668,LCA3S,nonbinder,0,1,0,0.8271,0.9662,0.831,2.718,5
BA_PYR1_0668,LCAM,nonbinder,0,1,0,0.63575,0.95085,0.5355,1.478,4
BA_PYR1_0669,LCA3S,nonbinder,0,1,0,0.78385,0.9577,0.453,7.15,4
BA_PYR1_0669,LCAM,nonbinder,0,1,0,0.5841,0.9386,0.3903,7.909,5
BA_PYR1_0670,LCA3S,nonbinder,0,1,0,0.815,0.971,0.3805,5.397,5
BA_PYR1_0670,LCAM,nonbinder,0,1,0,0.753,0.9689,0.8114,2.309,5
BA_PYR1_0671,LCA3S,nonbinder,0,1,0,0.8352,0.96565,0.3171,0.9275,4
BA_PYR1_0671,LCAM,nonbinder,0,1,0,0.6614,0.9549,0.4363,1.599,5
BA_PYR1_0672,LCA3S,nonbinder,0,1,0,0.819,0.96,0.2635,0.792,5
BA_PYR1_0672,LCAM,nonbinder,0,1,0,0.7206,0.9511,0.6222,1.525,3
BA_PYR1_0673,LCA3S,nonbinder,0,1,0,0.71125,0.95225,0.4503,1.318,4
BA_PYR1_0673,LCAM,nonbinder,0,1,0,0.6269,0.9443,0.74915,1.808,4
BA_PYR1_0674,LCA3S,nonbinder,0,1,0,0.6629,0.9462,0.47,6.562,5
BA_PYR1_0674,LCAM,nonbinder,0,1,0,0.54655,0.92915,0.69445,1.9205,2
BA_PYR1_0675,LCA3S,nonbinder,0,1,0,0.52265,0.94675,0.6908,3.731,4
BA_PYR1_0675,LCAM,nonbinder,0,1,0,0.4587,0.9425,0.4523,6.302,5
BA_PYR1_0676,LCA3S,nonbinder,0,1,0,0.6316,0.9382,0.4052,1.011,1
BA_PYR1_0676,LCAM,nonbinder,0,1,0,0.721,0.9361,0.4727,0.875,5
BA_PYR1_0677,LCA3S,nonbinder,0,1,0,0.59045,0.9414,0.20165,1.368,4
BA_PYR1_0677,LCAM,nonbinder,0,1,0,0.633,0.9401,0.5754,1.404,5
BA_PYR1_0678,LCA3S,nonbinder,0,1,0,0.6849,0.9522,0.2267,1.161,5
BA_PYR1_0678,LCAM,nonbinder,0,1,0,0.7614,0.9456,0.5512,1.622,5
BA_PYR1_0679,LCA3S,nonbinder,0,1,0,0.5194,0.9412,0.4166,5.297,3
BA_PYR1_0679,LCAM,nonbinder,0,1,0,0.5814,0.944,0.4872,6.166,3
BA_PYR1_0680,LCA3S,nonbinder,0,1,0,0.6617,0.9472,0.4686,7.039,3
BA_PYR1_0680,LCAM,nonbinder,0,1,0,0.5414,0.9385,0.4817,4.316,5
BA_PYR1_0681,LCA3S,nonbinder,0,1,1,0.7933,0.96495,0.1279,1.042,4
BA_PYR1_0681,LCAM,nonbinder,0,1,0,0.6428,0.9518,0.5028,1.237,5
BA_PYR1_0682,LCA3S,nonbinder,0,1,0,0.66705,0.95055,0.23715,1.2535,4
BA_PYR1_0682,LCAM,nonbinder,0,1,0,0.7501,0.9539,0.1531,0.936,5
BA_PYR1_0683,LCA3S,nonbinder,0,1,0,0.7475,0.9583,0.1753,1.029,5
BA_PYR1_0683,LCAM,nonbinder,0,1,0,0.6906,0.9455,0.3903,0.949,5
BA_PYR1_0684,LCA3S,nonbinder,0,1,0,0.6819,0.9632,0.491,3.829,5
BA_PYR1_0684,LCAM,nonbinder,0,1,0,0.6192,0.9646,0.7627,3.607,5
BA_PYR1_0685,LCA3S,nonbinder,0,1,0,0.5846,0.951,0.4666,0.747,5
BA_PYR1_0685,LCAM,nonbinder,0,1,0,0.5876,0.9397,0.475,1.982,3
BA_PYR1_0686,LCA3S,nonbinder,0,1,0,0.5426,0.92265,0.45515,2.622,4
BA_PYR1_0686,LCAM,nonbinder,0,1,0,0.6585,0.9278,0.6275,2.154,5
BA_PYR1_0687,LCA3S,nonbinder,0,1,0,0.5567,0.9351,0.5586,2.153,5
BA_PYR1_0687,LCAM,nonbinder,0,1,0,0.5279,0.9291,0.5424,1.293,5
BA_PYR1_0688,LCA3S,nonbinder,0,1,0,0.6834,0.9425,0.6649,2.602,4
BA_PYR1_0688,LCAM,nonbinder,0,1,0,0.542,0.9285,0.5751,2.055,5
BA_PYR1_0689,LCA3S,nonbinder,0,1,0,0.6973,0.9543,0.4616,4.586,5
BA_PYR1_0689,LCAM,nonbinder,0,1,0,0.5567,0.9382,0.5586,1.925,5
BA_PYR1_0690,LCA3S,nonbinder,0,1,0,0.6527,0.93715,0.35625,0.977,4
BA_PYR1_0690,LCAM,nonbinder,0,1,0,0.7131,0.938,0.5802,1.972,5
BA_PYR1_0691,LCA3S,nonbinder,0,1,0,0.6934,0.9505,0.4922,0.862,3
BA_PYR1_0691,LCAM,nonbinder,0,1,0,0.572,0.9319,0.7431,2.157,5
BA_PYR1_0692,LCA3S,nonbinder,0,1,0,0.579,0.9359,0.4,1.319,5
BA_PYR1_0692,LCAM,nonbinder,0,1,0,0.6075,0.9324,0.4382,3.074,5
BA_PYR1_0693,LCA3S,nonbinder,0,1,0,0.7541,0.9542,0.1583,0.801,5
BA_PYR1_0693,LCAM,nonbinder,0,1,0,0.5138,0.9355,0.33,1.615,5
BA_PYR1_0694,LCA3S,nonbinder,0,1,0,0.6444,0.9491,0.54075,6.2885,4
BA_PYR1_0694,LCAM,nonbinder,0,1,0,0.52685,0.93755,0.7888,3.004,2
BA_PYR1_0695,LCA3S,nonbinder,0,1,0,0.7659,0.9563,0.3298,1.324,5
BA_PYR1_0695,LCAM,nonbinder,0,1,0,0.6521,0.9447,0.4159,0.781,5
BA_PYR1_0696,LCA3S,nonbinder,0,1,0,0.7101,0.9535,0.62485,1.5745,2
BA_PYR1_0696,LCAM,nonbinder,0,1,0,0.5949,0.9418,0.563,1.397,5
BA_PYR1_0697,LCA3S,nonbinder,0,1,1,0.7896,0.96965,0.3208,0.8385,4
BA_PYR1_0697,LCAM,nonbinder,0,1,1,0.878,0.9698,0.5873,2.315,5
BA_PYR1_0698,LCA3S,nonbinder,0,1,0,0.8236,0.9693,0.0404,0.688,1
BA_PYR1_0698,LCAM,nonbinder,0,1,0,0.6715,0.9557,0.23555,4.1515,2
BA_PYR1_0699,LCA3S,nonbinder,0,1,0,0.8114,0.964,0.0889,0.57,5
BA_PYR1_0699,LCAM,nonbinder,0,1,0,0.793,0.9527,0.15135,0.8925,4
BA_PYR1_0700,LCA3S,nonbinder,0,1,1,0.8042,0.9616,0.2131,0.566,5
BA_PYR1_0700,LCAM,nonbinder,0,1,0,0.8492,0.9561,0.857,2.397,5
BA_PYR1_0701,LCA3S,nonbinder,0,1,0,0.7533,0.9583,0.3645,1.214,5
BA_PYR1_0701,LCAM,nonbinder,0,1,0,0.6965,0.9507,0.40605,2.1545,4
BA_PYR1_0702,LCA3S,nonbinder,0,1,0,0.6722,0.9476,0.4685,0.85,3
BA_PYR1_0702,LCAM,nonbinder,0,1,0,0.6698,0.94885,0.7353,1.833,4
BA_PYR1_0703,LCA3S,nonbinder,0,1,0,0.7916,0.9635,0.4772,2.578,3
BA_PYR1_0703,LCAM,nonbinder,0,1,0,0.7909,0.9527,0.3024,1.657,5
BA_PYR1_0704,LCA3S,nonbinder,0,1,0,0.8017,0.9603,0.4969,1.229,5
BA_PYR1_0704,LCAM,nonbinder,0,1,0,0.80505,0.9435,0.40125,1.459,4
BA_PYR1_0705,LCA3S,nonbinder,0,1,0,0.7357,0.9505,0.4963,0.773,3
BA_PYR1_0705,LCAM,nonbinder,0,1,0,0.8021,0.93875,0.457,1.0155,4
BA_PYR1_0706,LCA3S,nonbinder,0,1,0,0.57705,0.956,0.366,0.9745,4
BA_PYR1_0706,LCAM,nonbinder,0,1,0,0.6876,0.954,0.439,0.937,5
BA_PYR1_0707,LCA3S,nonbinder,0,1,0,0.5692,0.9208,0.313,0.914,3
BA_PYR1_0707,LCAM,nonbinder,0,1,0,0.5918,0.9243,0.1067,5.683,3
BA_PYR1_0708,LCA3S,nonbinder,0,1,0,0.77465,0.9515,0.11495,0.412,2
BA_PYR1_0708,LCAM,nonbinder,0,1,0,0.7974,0.9292,0.1882,0.427,5
BA_PYR1_0709,LCA3S,nonbinder,0,1,0,0.6355,0.9357,0.0598,0.72,3
BA_PYR1_0709,LCAM,nonbinder,0,1,0,0.74455,0.93635,0.4974,1.3855,2
BA_PYR1_0710,LCA3S,nonbinder,0,1,0,0.6595,0.93885,0.30095,0.73,2
BA_PYR1_0710,LCAM,nonbinder,0,1,0,0.7284,0.9295,0.4481,1.923,4
BA_PYR1_0711,LCA3S,nonbinder,0,1,0,0.7761,0.9549,0.4981,2.91,3
BA_PYR1_0711,LCAM,nonbinder,0,1,0,0.80905,0.93035,0.41515,0.6505,4
BA_PYR1_0712,LCA3S,nonbinder,0,1,0,0.6979,0.951,0.1565,0.746,1
BA_PYR1_0712,LCAM,nonbinder,0,1,0,0.61595,0.936,0.41025,0.639,4
BA_PYR1_0713,LCA3S,nonbinder,0,1,0,0.8043,0.9581,0.481,0.922,5
BA_PYR1_0713,LCAM,nonbinder,0,1,0,0.7905,0.933,0.0885,0.479,5
BA_PYR1_0714,LCA3S,nonbinder,0,1,0,0.7045,0.94995,0.3539,0.566,2
BA_PYR1_0714,LCAM,nonbinder,0,1,0,0.8165,0.9408,0.3513,0.483,5
BA_PYR1_0715,LCA3S,nonbinder,0,1,1,0.7536,0.966,0.4953,1.408,2
BA_PYR1_0715,LCAM,nonbinder,0,1,0,0.8054,0.9511,0.7795,2.316,5
BA_PYR1_0716,LCA3S,nonbinder,0,1,0,0.6965,0.9549,0.1808,0.504,5
BA_PYR1_0716,LCAM,nonbinder,0,1,0,0.7218,0.9468,0.1237,0.94,5
BA_PYR1_0717,LCA3S,nonbinder,0,1,1,0.7415,0.9663,0.52115,1.982,4
BA_PYR1_0717,LCAM,nonbinder,0,1,0,0.49985,0.9561,0.5852,4.5365,2
BA_PYR1_0718,LCA3S,nonbinder,0,1,0,0.6634,0.9464,0.378,9.24,5
BA_PYR1_0718,LCAM,nonbinder,0,1,0,0.64225,0.9385,0.60615,6.0845,2
BA_PYR1_0719,LCA3S,nonbinder,0,1,0,0.5721,0.9361,0.7482,1.938,5
BA_PYR1_0719,LCAM,nonbinder,0,1,0,0.5552,0.9209,0.7552,1.969,3
BA_PYR1_0720,LCA3S,nonbinder,0,1,0,0.6626,0.9434,0.5177,1.276,3
BA_PYR1_0720,LCAM,nonbinder,0,1,0,0.7416,0.9392,0.4701,1.203,5
BA_PYR1_0721,LCA3S,nonbinder,0,1,0,0.7423,0.9547,0.4873,0.919,3
BA_PYR1_0721,LCAM,nonbinder,0,1,0,0.6164,0.9407,0.5024,0.821,5
BA_PYR1_0722,LCA3S,nonbinder,0,1,0,0.6473,0.9417,0.40165,4.375,4
BA_PYR1_0722,LCAM,nonbinder,0,1,0,0.5863,0.9332,0.5661,2.688,3
BA_PYR1_0723,LCA3S,nonbinder,0,1,0,0.5702,0.9443,0.1313,1.195,1
BA_PYR1_0723,LCAM,nonbinder,0,1,0,0.6633,0.9374,0.913,2.579,4
BA_PYR1_0724,LCA3S,nonbinder,0,1,0,0.72335,0.94705,0.58945,1.4995,2
BA_PYR1_0724,LCAM,nonbinder,0,1,0,0.5268,0.93235,0.48585,2.022,2
BA_PYR1_0725,LCA3S,nonbinder,0,1,0,0.61235,0.9469,0.31005,1.8155,2
BA_PYR1_0725,LCAM,nonbinder,0,1,0,0.5279,0.9439,0.3634,2.03,3
BA_PYR1_0726,LCA3S,nonbinder,0,1,0,0.7339,0.9564,0.2387,9.417,5
BA_PYR1_0726,LCAM,nonbinder,0,0,0,0.643,0.951,0.3431,8.692,0
BA_PYR1_0727,LCA3S,nonbinder,0,1,0,0.5819,0.9454,0.397,1.135,3
BA_PYR1_0727,LCAM,nonbinder,0,1,0,0.6437,0.938,0.633,1.405,3
BA_PYR1_0728,LCA3S,nonbinder,0,1,0,0.6128,0.94695,0.14175,0.879,4
BA_PYR1_0728,LCAM,nonbinder,0,1,0,0.6566,0.9383,0.5606,1.843,5
BA_PYR1_0729,LCA3S,nonbinder,0,1,0,0.7,0.95015,0.4698,0.9775,4
BA_PYR1_0729,LCAM,nonbinder,0,1,0,0.6607,0.9256,0.3082,2.008,3
BA_PYR1_0730,LCA3S,nonbinder,0,1,0,0.6193,0.9318,0.4374,4.75,3
BA_PYR1_0730,LCAM,nonbinder,0,1,0,0.6934,0.9209,0.7346,2.992,5
BA_PYR1_0731,LCA3S,nonbinder,0,1,0,0.74015,0.953,0.3005,1.004,4
BA_PYR1_0731,LCAM,nonbinder,0,1,0,0.7774,0.9462,0.6246,2.163,5
BA_PYR1_0732,LCA3S,nonbinder,0,1,0,0.8251,0.95275,0.1437,0.628,4
BA_PYR1_0732,LCAM,nonbinder,0,1,0,0.877,0.9565,0.5878,3.222,5
BA_PYR1_0733,LCA3S,nonbinder,0,1,0,0.7148,0.9531,0.1662,0.93,5
BA_PYR1_0733,LCAM,nonbinder,0,1,0,0.7481,0.9496,0.5943,1.389,3
BA_PYR1_0734,LCA3S,nonbinder,0,1,0,0.8836,0.9573,0.2158,0.911,5
BA_PYR1_0734,LCAM,nonbinder,0,1,0,0.64,0.9477,0.5521,1.344,3
BA_PYR1_0735,LCA3S,nonbinder,0,1,0,0.92545,0.96025,0.2575,1.113,4
BA_PYR1_0735,LCAM,nonbinder,0,1,0,0.5192,0.94735,0.55335,1.3705,2
BA_PYR1_0736,LCA3S,nonbinder,0,1,0,0.7833,0.9588,0.7283,1.792,5
BA_PYR1_0736,LCAM,nonbinder,0,1,0,0.5095,0.93915,0.47745,4.057,4
BA_PYR1_0737,LCA3S,nonbinder,0,1,0,0.8253,0.9488,0.3113,0.887,5
BA_PYR1_0737,LCAM,nonbinder,0,1,0,0.5351,0.9316,0.0971,0.897,3
BA_PYR1_0738,LCA3S,nonbinder,0,1,0,0.8181,0.9546,0.28495,0.771,4
BA_PYR1_0738,LCAM,nonbinder,0,1,0,0.5348,0.9445,0.23835,0.9575,4
BA_PYR1_0739,LCA3S,LCA3S binder,1,1,1,0.7207,0.9569,0.0291,0.479,1
BA_PYR1_0739,LCAM,LCA3S binder,0,1,0,0.7124,0.9586,0.8105,2.39,5
BA_PYR1_0740,LCA3S,nonbinder,0,0,0,0.9449,0.9606,0.1632,0.582,0
BA_PYR1_0740,LCAM,nonbinder,0,1,0,0.81895,0.9496,0.74565,2.856,4
BA_PYR1_0741,LCA3S,nonbinder,0,0,0,0.9696,0.971,0.159,1.421,0
BA_PYR1_0741,LCAM,nonbinder,0,1,1,0.9536,0.963,0.7722,3.271,5
BA_PYR1_0742,LCA3S,nonbinder,0,0,0,0.9533,0.9646,0.0672,1.01,0
BA_PYR1_0742,LCAM,nonbinder,0,1,1,0.91285,0.95615,0.7717,2.4235,4
BA_PYR1_0743,LCA3S,nonbinder,0,1,0,0.77205,0.93495,0.37045,0.774,4
BA_PYR1_0743,LCAM,nonbinder,0,1,0,0.5526,0.9253,0.3916,1.214,3
BA_PYR1_0744,LCA3S,nonbinder,0,1,0,0.9209,0.9573,0.3435,0.8815,2
BA_PYR1_0744,LCAM,nonbinder,0,1,0,0.5347,0.9377,0.5052,0.544,5
BA_PYR1_0745,LCA3S,nonbinder,0,1,0,0.73635,0.9517,0.4905,0.9755,2
BA_PYR1_0745,LCAM,nonbinder,0,1,0,0.83435,0.9474,0.7426,3.075,4
BA_PYR1_0746,LCA3S,nonbinder,0,1,0,0.8743,0.9643,0.0784,1.115,3
BA_PYR1_0746,LCAM,nonbinder,0,1,1,0.8643,0.9586,0.8032,2.109,5
BA_PYR1_0747,LCA3S,nonbinder,0,0,0,0.8289,0.9587,0.3162,0.874,0
BA_PYR1_0747,LCAM,nonbinder,0,1,0,0.8042,0.95605,0.26415,4.362,4
BA_PYR1_0748,LCA3S,nonbinder,0,1,0,0.7181,0.94235,0.31785,1.305,4
BA_PYR1_0748,LCAM,nonbinder,0,1,0,0.4889,0.9337,0.7872,1.944,5
BA_PYR1_0749,LCA3S,nonbinder,0,1,0,0.74095,0.9363,0.41835,1.9515,4
BA_PYR1_0749,LCAM,nonbinder,0,1,0,0.6063,0.9345,0.328,5.66,5
BA_PYR1_0750,LCA3S,nonbinder,0,1,0,0.7479,0.946,0.4618,1.324,5
BA_PYR1_0750,LCAM,nonbinder,0,1,0,0.8154,0.9424,0.8838,2.845,5
BA_PYR1_0751,LCA3S,nonbinder,0,1,0,0.6351,0.9223,0.2698,1.14,5
BA_PYR1_0751,LCAM,nonbinder,0,1,0,0.6892,0.9263,0.5218,2.073,5
BA_PYR1_0752,LCA3S,nonbinder,0,1,0,0.6355,0.9332,0.2024,1.165,4
BA_PYR1_0752,LCAM,nonbinder,0,1,0,0.8061,0.9341,0.866,2.802,5
BA_PYR1_0753,LCA3S,nonbinder,0,1,0,0.53165,0.91635,0.3369,1.1825,4
BA_PYR1_0753,LCAM,nonbinder,0,1,0,0.47225,0.9138,0.4077,1.189,4
BA_PYR1_0754,LCA3S,nonbinder,0,1,0,0.5852,0.9178,0.2621,1.067,5
BA_PYR1_0754,LCAM,nonbinder,0,1,0,0.5307,0.9113,0.631,2.308,5
BA_PYR1_0755,LCA3S,nonbinder,0,1,1,0.8753,0.9673,0.5606,1.791,3
BA_PYR1_0755,LCAM,nonbinder,0,1,0,0.7196,0.9615,0.7368,2.769,3
BA_PYR1_0756,LCA3S,nonbinder,0,1,0,0.67235,0.9337,0.57615,1.5665,4
BA_PYR1_0756,LCAM,nonbinder,0,1,0,0.5241,0.922,0.8816,3.131,5
BA_PYR1_0757,LCA3S,nonbinder,0,1,0,0.7698,0.94525,0.49645,1.123,4
BA_PYR1_0757,LCAM,nonbinder,0,1,0,0.5973,0.9351,0.9754,2.757,5
BA_PYR1_0758,LCA3S,nonbinder,0,1,0,0.4794,0.9319,0.5733,1.246,1
BA_PYR1_0758,LCAM,nonbinder,0,1,0,0.6995,0.9509,0.4635,4.008,5
BA_PYR1_0759,LCA3S,nonbinder,0,1,1,0.7855,0.9666,0.4413,2.603,5
BA_PYR1_0759,LCAM,nonbinder,0,1,1,0.7862,0.9675,0.5625,1.388,5
BA_PYR1_0763,LCA3S,nonbinder,0,1,0,0.8668,0.9757,0.6558,1.776,3
BA_PYR1_0763,LCAM,nonbinder,0,1,1,0.8375,0.9677,0.8023,2.314,5
BA_PYR1_0764,LCA3S,nonbinder,0,1,0,0.8279,0.96035,0.20865,0.846,2
BA_PYR1_0764,LCAM,nonbinder,0,1,0,0.6193,0.9481,0.6037,1.915,5
BA_PYR1_0765,LCA3S,nonbinder,0,1,0,0.8058,0.9577,0.3763,0.946,5
BA_PYR1_0765,LCAM,nonbinder,0,1,0,0.6791,0.9484,0.8294,2.453,5
BA_PYR1_0766,LCA3S,nonbinder,0,1,0,0.5817,0.94065,0.81375,3.093,2
BA_PYR1_0766,LCAM,nonbinder,0,1,0,0.52095,0.9323,0.31995,4.439,4
BA_PYR1_0767,LCA3S,nonbinder,0,1,0,0.8227,0.9602,0.7401,2.021,3
BA_PYR1_0767,LCAM,nonbinder,0,1,0,0.6079,0.9508,0.5234,3.596,5
BA_PYR1_0768,LCA3S,nonbinder,0,1,0,0.9084,0.9595,0.23,0.725,5
BA_PYR1_0768,LCAM,nonbinder,0,1,0,0.6486,0.941,0.89015,2.348,4
BA_PYR1_0769,LCA3S,nonbinder,0,1,0,0.59065,0.94005,0.30565,1.0175,4
BA_PYR1_0769,LCAM,nonbinder,0,1,0,0.6618,0.9396,0.9265,2.708,3
BA_PYR1_0770,LCA3S,nonbinder,0,1,0,0.8193,0.96095,0.2988,1.0605,4
BA_PYR1_0770,LCAM,nonbinder,0,1,0,0.5608,0.9429,0.7652,3.28,5
BA_PYR1_0771,LCA3S,nonbinder,0,1,0,0.8965,0.9702,0.4132,0.822,3
BA_PYR1_0771,LCAM,nonbinder,0,1,0,0.6138,0.95,0.9398,2.651,5
BA_PYR1_0772,LCA3S,nonbinder,0,1,0,0.8882,0.9543,0.1319,0.976,3
BA_PYR1_0772,LCAM,nonbinder,0,1,0,0.8412,0.9379,0.7422,3.251,5
BA_PYR1_0773,LCA3S,nonbinder,0,1,0,0.82115,0.9485,0.18455,0.6615,4
BA_PYR1_0773,LCAM,nonbinder,0,1,0,0.8204,0.9419,0.6108,2.03,3
BA_PYR1_0774,LCA3S,nonbinder,0,1,1,0.8392,0.9485,0.1222,1.008,5
BA_PYR1_0774,LCAM,nonbinder,0,1,1,0.8122,0.941,0.7428,1.806,5
BA_PYR1_0775,LCA3S,nonbinder,0,1,0,0.80975,0.9555,0.22565,1.214,4
BA_PYR1_0775,LCAM,nonbinder,0,1,0,0.76575,0.93455,0.4669,2.8255,4
BA_PYR1_0776,LCA3S,nonbinder,0,1,0,0.8866,0.9585,0.5095,0.963,5
BA_PYR1_0776,LCAM,nonbinder,0,1,0,0.7263,0.9477,0.8999,2.615,5
BA_PYR1_0777,LCA3S,nonbinder,0,1,0,0.81475,0.9626,0.9739,2.783,2
BA_PYR1_0777,LCAM,nonbinder,0,1,0,0.6501,0.9475,0.229,4.771,5
BA_PYR1_0778,LCA3S,nonbinder,0,1,0,0.7281,0.9444,0.46255,1.11,4
BA_PYR1_0778,LCAM,nonbinder,0,1,0,0.8137,0.94545,0.53165,4.9195,2
BA_PYR1_0779,LCA3S,nonbinder,0,1,0,0.7795,0.9581,0.4601,0.744,5
BA_PYR1_0779,LCAM,nonbinder,0,1,0,0.6027,0.9521,0.71485,2.1185,2
BA_PYR1_0780,LCA3S,nonbinder,0,1,0,0.63505,0.95215,0.52265,1.02,4
BA_PYR1_0780,LCAM,nonbinder,0,1,0,0.5312,0.9428,0.506,1.125,5
BA_PYR1_0781,LCA3S,nonbinder,0,1,0,0.8962,0.9616,0.2386,1.278,5
BA_PYR1_0781,LCAM,nonbinder,0,1,0,0.66275,0.93895,0.41805,0.6995,2
BA_PYR1_0782,LCA3S,nonbinder,0,1,0,0.6507,0.9481,0.3039,1.115,5
BA_PYR1_0782,LCAM,nonbinder,0,1,0,0.6372,0.9433,0.6015,2.17,5
BA_PYR1_0784,LCA3S,nonbinder,0,1,0,0.732,0.9455,0.4522,1.438,5
BA_PYR1_0784,LCAM,nonbinder,0,1,0,0.6688,0.9228,0.6168,1.651,5
BA_PYR1_0785,LCA3S,nonbinder,0,0,0,0.7934,0.954,0.8177,2.154,0
BA_PYR1_0785,LCAM,nonbinder,0,1,0,0.7693,0.95275,0.9185,2.4485,4
BA_PYR1_0786,LCA3S,nonbinder,0,1,1,0.8546,0.947,0.3884,0.993,5
BA_PYR1_0786,LCAM,nonbinder,0,1,0,0.82505,0.94305,0.73575,2.472,4
BA_PYR1_0787,LCA3S,nonbinder,0,1,0,0.5723,0.9343,0.2791,0.906,5
BA_PYR1_0787,LCAM,nonbinder,0,1,0,0.6357,0.9282,0.8003,2.582,5
BA_PYR1_0788,LCA3S,nonbinder,0,1,0,0.6871,0.9277,0.2319,1.448,3
BA_PYR1_0788,LCAM,nonbinder,0,1,0,0.8047,0.9291,0.4555,4.776,5
BA_PYR1_0789,LCA3S,nonbinder,0,1,0,0.64325,0.9263,0.214,1.298,4
BA_PYR1_0789,LCAM,nonbinder,0,1,0,0.7422,0.9243,0.0847,4.702,5
BA_PYR1_0790,LCA3S,nonbinder,0,1,0,0.6701,0.9376,0.2276,0.88,5
BA_PYR1_0790,LCAM,nonbinder,0,1,0,0.5429,0.92505,0.54075,1.2375,4
BA_PYR1_0791,LCA3S,nonbinder,0,1,0,0.6919,0.9437,0.5124,0.938,5
BA_PYR1_0791,LCAM,nonbinder,0,1,0,0.5859,0.9336,0.7495,2.258,5
BA_PYR1_0792,LCA3S,nonbinder,0,1,0,0.6839,0.9518,0.3111,1.14,5
BA_PYR1_0792,LCAM,nonbinder,0,1,0,0.6345,0.9405,0.7846,2.41,3
BA_PYR1_0793,LCA3S,nonbinder,0,1,0,0.7155,0.9491,0.5064,1.014,5
BA_PYR1_0793,LCAM,nonbinder,0,1,0,0.57925,0.935,0.71975,2.4715,4
BA_PYR1_0794,LCA3S,nonbinder,0,1,0,0.6203,0.9423,0.5048,0.93,5
BA_PYR1_0794,LCAM,nonbinder,0,1,0,0.4575,0.9337,0.5303,1.455,3
BA_PYR1_0795,LCA3S,nonbinder,0,1,0,0.7859,0.9429,0.3898,0.884,5
BA_PYR1_0795,LCAM,nonbinder,0,1,0,0.694,0.9354,0.7163,2.274,5
BA_PYR1_0796,LCA3S,nonbinder,0,1,0,0.6209,0.9319,0.4831,1.179,5
BA_PYR1_0796,LCAM,nonbinder,0,1,0,0.51705,0.9252,0.3066,0.9445,4
BA_PYR1_0797,LCA3S,nonbinder,0,1,0,0.59075,0.94345,0.5427,1.1335,2
BA_PYR1_0797,LCAM,nonbinder,0,1,0,0.6391,0.9327,0.3858,6.206,3
BA_PYR1_0798,LCA3S,nonbinder,0,1,0,0.73565,0.9539,0.34725,1.307,4
BA_PYR1_0798,LCAM,nonbinder,0,1,0,0.6266,0.94285,0.7351,2.1835,4
BA_PYR1_0799,LCA3S,nonbinder,0,0,0,0.7263,0.9443,0.1639,1.077,0
BA_PYR1_0799,LCAM,nonbinder,0,1,0,0.7387,0.94205,0.5116,2.1925,4
BA_PYR1_0800,LCA3S,nonbinder,0,1,0,0.7156,0.9433,0.3976,1.04,3
BA_PYR1_0800,LCAM,nonbinder,0,1,0,0.76035,0.932,0.573,2.4275,4
BA_PYR1_0801,LCA3S,nonbinder,0,1,0,0.6685,0.9437,0.4407,1.158,5
BA_PYR1_0801,LCAM,nonbinder,0,1,0,0.5819,0.9368,0.6986,2.266,5
BA_PYR1_0802,LCA3S,nonbinder,0,1,0,0.78845,0.93985,0.49555,1.0575,2
BA_PYR1_0802,LCAM,nonbinder,0,1,0,0.5991,0.914,0.7852,3.181,5
BA_PYR1_0803,LCA3S,nonbinder,0,1,0,0.7272,0.9546,0.2094,0.921,1
BA_PYR1_0803,LCAM,nonbinder,0,0,0,0.5699,0.9401,0.3098,0.922,0
BA_PYR1_0804,LCA3S,nonbinder,0,1,0,0.7488,0.9452,0.4486,1.164,5
BA_PYR1_0804,LCAM,nonbinder,0,1,0,0.6632,0.9333,0.8905,2.466,5
BA_PYR1_0805,LCA3S,nonbinder,0,1,0,0.6466,0.9418,0.5181,1.323,3
BA_PYR1_0805,LCAM,nonbinder,0,1,0,0.74435,0.9436,0.58315,3.4955,4
BA_PYR1_0806,LCA3S,nonbinder,0,1,0,0.8585,0.9568,0.2909,1.148,5
BA_PYR1_0806,LCAM,nonbinder,0,1,0,0.7912,0.9477,0.6513,2.299,5
BA_PYR1_0808,LCA3S,nonbinder,0,0,0,0.9377,0.9712,0.3505,0.554,0
BA_PYR1_0808,LCAM,nonbinder,0,1,1,0.92155,0.96275,0.12875,4.2835,2
BA_PYR1_0809,LCA3S,nonbinder,0,0,0,0.8398,0.9633,0.1894,1.097,0
BA_PYR1_0809,LCAM,nonbinder,0,1,0,0.6727,0.9478,0.2905,4.604,1
BA_PYR1_0810,LCA3S,nonbinder,0,1,1,0.8474,0.9703,0.4308,0.787,1
BA_PYR1_0810,LCAM,nonbinder,0,1,0,0.678,0.9426,0.2535,1.264,3
BA_PYR1_0811,LCA3S,nonbinder,0,1,0,0.6902,0.9566,0.19555,0.4435,2
BA_PYR1_0811,LCAM,nonbinder,0,1,0,0.5622,0.9505,0.4708,2.194,3
BA_PYR1_0812,LCA3S,nonbinder,0,1,1,0.887,0.9668,0.2964,1.079,3
BA_PYR1_0812,LCAM,nonbinder,0,1,0,0.8055,0.9569,0.9165,2.903,5
BA_PYR1_0814,LCA3S,nonbinder,0,1,0,0.5736,0.936,0.4646,1.348,5
BA_PYR1_0814,LCAM,nonbinder,0,1,0,0.5317,0.9273,0.4052,4.955,2
BA_PYR1_0815,LCA3S,nonbinder,0,1,0,0.7416,0.9405,0.3795,1.298,3
BA_PYR1_0815,LCAM,nonbinder,0,1,0,0.6108,0.9317,0.60815,2.967,2
BA_PYR1_0818,LCA3S,nonbinder,0,1,0,0.707,0.9626,0.2673,0.968,5
BA_PYR1_0818,LCAM,nonbinder,0,1,0,0.75865,0.96155,0.6162,2.5525,4
BA_PYR1_0819,LCA3S,nonbinder,0,1,0,0.7187,0.94705,0.3261,0.571,4
BA_PYR1_0819,LCAM,nonbinder,0,1,0,0.6611,0.94945,0.57005,4.7825,4
BA_PYR1_0820,LCA3S,nonbinder,0,1,0,0.7216,0.9625,0.5097,1.413,5
BA_PYR1_0820,LCAM,nonbinder,0,1,0,0.6828,0.9568,0.439,2.998,5
BA_PYR1_0826,LCA3S,nonbinder,0,0,0,0.7065,0.9353,0.156,1.009,0
BA_PYR1_0826,LCAM,nonbinder,0,1,0,0.5905,0.9336,0.7724,3.449,5
BA_PYR1_0827,LCA3S,nonbinder,0,1,0,0.5904,0.9336,0.284,0.419,1
BA_PYR1_0827,LCAM,nonbinder,0,1,0,0.5501,0.9367,0.4385,0.299,5
BA_PYR1_0828,LCA3S,nonbinder,0,1,0,0.7571,0.96335,0.15635,0.9545,4
BA_PYR1_0828,LCAM,nonbinder,0,1,0,0.7513,0.9587,0.6321,2.605,5
BA_PYR1_0829,LCA3S,nonbinder,0,1,0,0.8325,0.9428,0.5576,1.039,1
BA_PYR1_0829,LCAM,nonbinder,0,1,0,0.80485,0.9293,0.42105,3.9505,2
BA_PYR1_0830,LCA3S,nonbinder,0,1,1,0.8901,0.9683,0.3748,0.537,1
BA_PYR1_0830,LCAM,nonbinder,0,1,0,0.6357,0.9476,0.4904,1.478,3
BA_PYR1_0831,LCA3S,nonbinder,0,0,0,0.8642,0.958,0.3376,0.852,0
BA_PYR1_0831,LCAM,nonbinder,0,1,0,0.85385,0.94415,0.49365,4.215,2
BA_PYR1_0832,LCA3S,nonbinder,0,0,0,0.9449,0.9731,0.0787,0.845,0
BA_PYR1_0832,LCAM,nonbinder,0,1,0,0.7101,0.95225,0.8233,2.4605,4
BA_PYR1_0833,LCA3S,nonbinder,0,1,1,0.8948,0.9753,0.3525,1.14,1
BA_PYR1_0833,LCAM,nonbinder,0,1,0,0.6163,0.9537,0.541,0.9955,2
BA_PYR1_0834,LCA3S,nonbinder,0,0,0,0.856,0.9577,0.0526,0.519,0
BA_PYR1_0834,LCAM,nonbinder,0,1,0,0.8189,0.9447,0.4723,1.064,3
BA_PYR1_0835,LCA3S,nonbinder,0,1,0,0.81115,0.95705,0.06145,0.5855,2
BA_PYR1_0835,LCAM,nonbinder,0,1,0,0.8464,0.95385,0.59995,2.084,2
BA_PYR1_0836,LCA3S,nonbinder,0,1,0,0.6365,0.9634,0.1733,0.536,1
BA_PYR1_0836,LCAM,nonbinder,0,0,0,0.7516,0.9546,0.4973,0.696,0
BA_PYR1_0837,LCA3S,nonbinder,0,1,1,0.8537,0.9665,0.2463,1.698,1
BA_PYR1_0837,LCAM,nonbinder,0,1,0,0.7987,0.9485,0.2965,3.993,5
BA_PYR1_0838,LCA3S,nonbinder,0,0,0,0.8401,0.9545,0.2871,0.581,0
BA_PYR1_0838,LCAM,nonbinder,0,1,0,0.8819,0.9513,0.2739,3.946,3
BA_PYR1_0839,LCA3S,nonbinder,0,0,0,0.8324,0.9577,0.3407,0.371,0
BA_PYR1_0839,LCAM,nonbinder,0,1,0,0.8653,0.9453,0.1597,4.408,5
BA_PYR1_0840,LCA3S,nonbinder,0,1,1,0.9098,0.9645,0.1549,0.911,3
BA_PYR1_0840,LCAM,nonbinder,0,1,0,0.8865,0.9523,0.5621,3.148,3
BA_PYR1_0841,LCA3S,nonbinder,0,0,0,0.8423,0.9556,0.3509,0.421,0
BA_PYR1_0841,LCAM,nonbinder,0,1,0,0.84815,0.9486,0.24585,4.0035,2
BA_PYR1_0842,LCA3S,nonbinder,0,1,0,0.7469,0.9317,0.54365,1.267,2
BA_PYR1_0842,LCAM,nonbinder,0,1,0,0.8048,0.9299,0.4316,1.283,3
BA_PYR1_0843,LCA3S,nonbinder,0,0,0,0.9221,0.9667,0.1381,0.535,0
BA_PYR1_0843,LCAM,nonbinder,0,1,0,0.8067,0.9511,0.6251,3.1045,2
BA_PYR1_0844,LCA3S,nonbinder,0,0,0,0.8633,0.9499,0.1044,0.716,0
BA_PYR1_0844,LCAM,nonbinder,0,1,0,0.75975,0.9281,0.42735,0.8965,2
BA_PYR1_0845,LCA3S,nonbinder,0,0,0,0.971,0.9767,0.0783,0.944,0
BA_PYR1_0845,LCAM,nonbinder,0,0,0,0.9284,0.9627,0.8623,2.083,0
BA_PYR1_0846,LCA3S,nonbinder,0,1,0,0.8515,0.94725,0.14295,0.8815,4
BA_PYR1_0846,LCAM,nonbinder,0,1,0,0.7485,0.9285,0.47195,1.04,4
BA_PYR1_0847,LCA3S,nonbinder,0,0,0,0.9626,0.9816,0.1711,1.26,0
BA_PYR1_0847,LCAM,nonbinder,0,1,1,0.9433,0.9692,0.9547,2.722,5
BA_PYR1_0848,LCA3S,nonbinder,0,0,0,0.7417,0.9369,0.5226,1.003,0
BA_PYR1_0848,LCAM,nonbinder,0,1,0,0.83105,0.92875,0.45885,4.1445,4
BA_PYR1_0849,LCA3S,nonbinder,0,0,0,0.9485,0.9637,0.0895,1.11,0
BA_PYR1_0849,LCAM,nonbinder,0,0,0,0.9036,0.95,0.7656,1.887,0
BA_PYR1_0850,LCA3S,nonbinder,0,0,0,0.9376,0.9621,0.0358,0.821,0
BA_PYR1_0850,LCAM,nonbinder,0,0,0,0.8547,0.9476,0.7045,2.04,0
BA_PYR1_0851,LCA3S,nonbinder,0,0,0,0.879,0.9717,0.6679,1.982,0
BA_PYR1_0851,LCAM,nonbinder,0,1,0,0.5262,0.9555,0.74805,1.6925,2
BA_PYR1_0852,LCA3S,nonbinder,0,1,0,0.6575,0.9415,0.2334,0.501,3
BA_PYR1_0852,LCAM,nonbinder,0,1,0,0.5976,0.9265,0.2985,3.984,5
BA_PYR1_0853,LCA3S,nonbinder,0,1,0,0.58005,0.93805,0.4943,1.2005,4
BA_PYR1_0853,LCAM,nonbinder,0,1,0,0.6236,0.9445,0.4141,4.46,5
BA_PYR1_0854,LCA3S,nonbinder,0,1,0,0.7635,0.9464,0.1473,1.113,3
BA_PYR1_0854,LCAM,nonbinder,0,1,0,0.7845,0.9372,0.78605,3.097,4
BA_PYR1_0855,LCA3S,nonbinder,0,1,0,0.62225,0.932,0.27385,0.7035,2
BA_PYR1_0855,LCAM,nonbinder,0,1,0,0.431,0.9257,0.6439,2.1,5
BA_PYR1_0856,LCA3S,nonbinder,0,0,0,0.7732,0.9427,0.1125,0.952,0
BA_PYR1_0856,LCAM,nonbinder,0,1,0,0.8509,0.9394,0.1732,4.633,5
BA_PYR1_0857,LCA3S,nonbinder,0,1,0,0.6209,0.9401,0.2732,1.339,1
BA_PYR1_0857,LCAM,nonbinder,0,1,0,0.7285,0.93185,0.24955,4.6245,4
BA_PYR1_0858,LCA3S,nonbinder,0,1,0,0.7665,0.95945,0.25985,1.214,2
BA_PYR1_0858,LCAM,nonbinder,0,1,0,0.632,0.9432,0.0631,0.91,1
BA_PYR1_0859,LCA3S,nonbinder,0,1,0,0.71365,0.94835,0.1282,1.0135,4
BA_PYR1_0859,LCAM,nonbinder,0,1,0,0.5026,0.9283,0.6214,1.374,3
BA_PYR1_0860,LCA3S,nonbinder,0,1,0,0.77635,0.9472,0.3518,0.997,2
BA_PYR1_0860,LCAM,nonbinder,0,1,0,0.545,0.9314,0.9445,2.606,5
BA_PYR1_0861,LCA3S,nonbinder,0,1,0,0.8511,0.9566,0.2678,0.749,1
BA_PYR1_0861,LCAM,nonbinder,0,1,0,0.7948,0.94275,0.7601,2.536,4
BA_PYR1_0862,LCA3S,nonbinder,0,1,0,0.81995,0.95945,0.19465,1.1455,4
BA_PYR1_0862,LCAM,nonbinder,0,1,0,0.5843,0.9408,0.4836,1.027,1
BA_PYR1_0863,LCA3S,nonbinder,0,1,0,0.6725,0.9439,0.5054,1.15,5
BA_PYR1_0863,LCAM,nonbinder,0,1,0,0.48905,0.9268,0.613,1.683,4
BA_PYR1_0864,LCA3S,nonbinder,0,1,0,0.7193,0.9512,0.2466,1.1365,2
BA_PYR1_0864,LCAM,nonbinder,0,1,0,0.5152,0.9312,0.4172,1.471,3
BA_PYR1_0865,LCA3S,nonbinder,0,1,0,0.7783,0.9553,0.4515,1.3,5
BA_PYR1_0865,LCAM,nonbinder,0,1,0,0.6853,0.9396,0.8383,2.824,5
BA_PYR1_0866,LCA3S,nonbinder,0,1,0,0.6627,0.9502,0.3384,1.439,5
BA_PYR1_0866,LCAM,nonbinder,0,1,0,0.62725,0.9404,0.936,2.8765,4
BA_PYR1_0867,LCA3S,nonbinder,0,1,0,0.6147,0.94905,0.4403,1.074,4
BA_PYR1_0867,LCAM,nonbinder,0,1,0,0.4681,0.9314,0.201,1.358,3
BA_PYR1_0868,LCA3S,nonbinder,0,0,0,0.7534,0.9486,0.5142,0.663,0
BA_PYR1_0868,LCAM,nonbinder,0,1,0,0.7493,0.9405,0.1718,4.665,5
BA_PYR1_0869,LCA3S,nonbinder,0,0,0,0.7721,0.9502,0.3133,0.897,0
BA_PYR1_0869,LCAM,nonbinder,0,1,0,0.8155,0.9381,0.1552,4.542,5
BA_PYR1_0870,LCA3S,nonbinder,0,1,1,0.8876,0.9668,0.5279,0.78,1
BA_PYR1_0870,LCAM,nonbinder,0,1,0,0.7874,0.9442,0.8847,3.092,5
BA_PYR1_0871,LCA3S,nonbinder,0,1,0,0.58385,0.9464,0.48395,1.011,2
BA_PYR1_0871,LCAM,nonbinder,0,1,0,0.5186,0.9433,0.5322,0.875,3
BA_PYR1_0872,LCA3S,nonbinder,0,1,0,0.5352,0.9408,0.3734,10.396,1
BA_PYR1_0872,LCAM,nonbinder,0,1,0,0.5457,0.9513,0.2548,1.572,5
BA_PYR1_0873,LCA3S,nonbinder,0,1,0,0.7149,0.9433,0.5638,1.082,3
BA_PYR1_0873,LCAM,nonbinder,0,1,0,0.52345,0.92105,0.7177,2.984,4
BA_PYR1_0874,LCA3S,nonbinder,0,1,0,0.6841,0.9495,0.4793,0.633,1
BA_PYR1_0874,LCAM,nonbinder,0,1,0,0.52365,0.93505,0.77005,2.419,4
BA_PYR1_0875,LCA3S,nonbinder,0,1,0,0.7417,0.9613,0.2764,1.07,1
BA_PYR1_0875,LCAM,nonbinder,0,1,0,0.5367,0.9378,0.768,2.378,1
BA_PYR1_0876,LCA3S,nonbinder,0,1,0,0.7883,0.9605,0.5293,1.061,1
BA_PYR1_0876,LCAM,nonbinder,0,1,0,0.64825,0.9409,0.40775,1.877,2
BA_PYR1_0877,LCA3S,nonbinder,0,1,0,0.8074,0.952,0.2546,0.829,5
BA_PYR1_0877,LCAM,nonbinder,0,1,1,0.7261,0.9443,0.6083,1.694,5
BA_PYR1_0878,LCA3S,nonbinder,0,1,0,0.6351,0.9317,0.3579,0.864,3
BA_PYR1_0878,LCAM,nonbinder,0,1,0,0.6111,0.9196,0.7451,2.521,3
BA_PYR1_0879,LCA3S,nonbinder,0,1,0,0.6255,0.9059,0.147,0.62,5
BA_PYR1_0879,LCAM,nonbinder,0,1,0,0.6491,0.9021,0.7636,2.738,3
BA_PYR1_0881,LCA3S,nonbinder,0,1,0,0.8692,0.9466,0.1638,0.632,5
BA_PYR1_0881,LCAM,nonbinder,0,1,0,0.7938,0.9399,0.7381,2.555,5
BA_PYR1_0884,LCA3S,nonbinder,0,1,0,0.73905,0.9306,0.388,0.647,4
BA_PYR1_0884,LCAM,nonbinder,0,1,0,0.6834,0.9242,0.6257,2.115,5
BA_PYR1_0885,LCA3S,nonbinder,0,1,0,0.7476,0.9426,0.1612,0.903,5
BA_PYR1_0885,LCAM,nonbinder,0,1,0,0.5965,0.93995,0.27125,1.1605,4
BA_PYR1_0887,LCA3S,nonbinder,0,0,0,0.7132,0.9588,0.4072,1.148,0
BA_PYR1_0887,LCAM,nonbinder,0,1,0,0.7904,0.9577,0.2924,2.899,5
BA_PYR1_0888,LCA3S,nonbinder,0,0,0,0.8835,0.9515,0.1872,0.535,0
BA_PYR1_0888,LCAM,nonbinder,0,1,0,0.6308,0.9332,0.3675,0.953,1
BA_PYR1_0889,LCA3S,nonbinder,0,1,0,0.7612,0.9295,0.0915,1.177,5
BA_PYR1_0889,LCAM,nonbinder,0,1,0,0.6844,0.9251,0.087,1.067,5
BA_PYR1_0890,LCA3S,nonbinder,0,1,0,0.6039,0.9314,0.1935,0.895,3
BA_PYR1_0890,LCAM,nonbinder,0,1,0,0.5532,0.931,0.4483,1.187,3
BA_PYR1_0891,LCA3S,nonbinder,0,1,1,0.8775,0.9661,0.1591,0.788,5
BA_PYR1_0891,LCAM,nonbinder,0,1,1,0.8022,0.96145,0.4716,1.929,4
BA_PYR1_0892,LCA3S,nonbinder,0,1,0,0.8491,0.9438,0.2373,0.786,3
BA_PYR1_0892,LCAM,nonbinder,0,1,0,0.7189,0.9501,0.7279,1.699,5
BA_PYR1_0893,LCA3S,nonbinder,0,1,0,0.7099,0.91755,0.46905,0.5935,4
BA_PYR1_0893,LCAM,nonbinder,0,1,0,0.7294,0.9278,0.494,0.728,5
BA_PYR1_0894,LCA3S,nonbinder,0,1,0,0.7077,0.9133,0.4265,2.038,5
BA_PYR1_0894,LCAM,nonbinder,0,1,0,0.7116,0.9251,0.36,1.114,5
BA_PYR1_0895,LCA3S,nonbinder,0,1,0,0.7898,0.9516,0.4832,1.062,5
BA_PYR1_0895,LCAM,nonbinder,0,1,0,0.8028,0.9391,0.8223,3.077,5
BA_PYR1_0896,LCA3S,nonbinder,0,1,0,0.6001,0.9262,0.74235,1.84,4
BA_PYR1_0896,LCAM,nonbinder,0,1,0,0.52505,0.9072,0.51115,1.0425,4
BA_PYR1_0897,LCA3S,nonbinder,0,1,0,0.788,0.9556,0.5664,1.179,5
BA_PYR1_0897,LCAM,nonbinder,0,1,0,0.6963,0.9437,0.8838,2.688,5
BA_PYR1_0898,LCA3S,nonbinder,0,1,0,0.5194,0.8991,0.3796,1.115,3
BA_PYR1_0898,LCAM,nonbinder,0,1,0,0.5867,0.9023,0.4213,1.988,5
BA_PYR1_0899,LCA3S,nonbinder,0,1,0,0.5964,0.9002,0.2854,1.068,5
BA_PYR1_0899,LCAM,nonbinder,0,1,0,0.6003,0.8952,0.4186,1.729,5
BA_PYR1_0900,LCA3S,nonbinder,0,1,0,0.5397,0.9033,0.3604,1.068,5
BA_PYR1_0900,LCAM,nonbinder,0,1,0,0.5775,0.904,0.4948,1.894,5
BA_PYR1_0901,LCA3S,nonbinder,0,1,0,0.58975,0.93395,0.13785,1.199,4
BA_PYR1_0901,LCAM,nonbinder,0,1,0,0.6921,0.9317,0.6418,2.845,5
BA_PYR1_0902,LCA3S,nonbinder,0,1,0,0.677,0.9191,0.4572,1.012,5
BA_PYR1_0902,LCAM,nonbinder,0,1,0,0.6613,0.9096,0.7888,3.461,5
BA_PYR1_0903,LCA3S,nonbinder,0,1,0,0.62785,0.9352,0.50335,0.909,2
BA_PYR1_0903,LCAM,nonbinder,0,1,0,0.51065,0.9115,0.38485,3.074,4
BA_PYR1_0904,LCA3S,nonbinder,0,1,0,0.7534,0.9484,0.4637,1.005,5
BA_PYR1_0904,LCAM,nonbinder,0,1,0,0.7165,0.9443,0.699,1.654,3
BA_PYR1_0905,LCA3S,nonbinder,0,1,0,0.5033,0.9326,0.4179,1.531,3
BA_PYR1_0905,LCAM,nonbinder,0,1,0,0.6486,0.94765,0.3008,6.803,4
BA_PYR1_0907,LCA3S,nonbinder,0,1,0,0.7936,0.9576,0.4617,1.963,3
BA_PYR1_0907,LCAM,nonbinder,0,1,0,0.7671,0.9563,0.6556,2.365,5
BA_PYR1_0908,LCA3S,nonbinder,0,1,0,0.8135,0.9682,0.338,2.186,3
BA_PYR1_0908,LCAM,nonbinder,0,1,1,0.8458,0.9704,0.598,1.281,3
BA_PYR1_0924,LCA3S,nonbinder,0,1,0,0.69655,0.95295,0.44865,1.022,4
BA_PYR1_0924,LCAM,nonbinder,0,1,0,0.6554,0.9564,0.4974,1.051,1
BA_PYR1_0925,LCA3S,nonbinder,0,1,0,0.53685,0.91915,0.87045,3.1485,4
BA_PYR1_0925,LCAM,nonbinder,0,1,0,0.5108,0.9169,0.7377,2.745,4
BA_PYR1_0926,LCA3S,nonbinder,0,1,0,0.7001,0.9601,0.4276,0.853,5
BA_PYR1_0926,LCAM,nonbinder,0,1,0,0.5943,0.9507,0.455,1.196,5
BA_PYR1_0927,LCA3S,nonbinder,0,1,0,0.7831,0.9362,0.2926,0.89,3
BA_PYR1_0927,LCAM,nonbinder,0,1,0,0.7037,0.9267,0.50565,3.346,4
BA_PYR1_0928,LCA3S,nonbinder,0,1,0,0.6595,0.9474,0.6608,1.79,1
BA_PYR1_0928,LCAM,nonbinder,0,1,0,0.6591,0.9523,0.6441,1.454,5
BA_PYR1_0929,LCA3S,nonbinder,0,1,0,0.7809,0.9416,0.3627,0.844,3
BA_PYR1_0929,LCAM,nonbinder,0,1,0,0.7532,0.9409,0.3212,1.605,3
BA_PYR1_0930,LCA3S,nonbinder,0,1,0,0.7412,0.9428,0.2738,0.778,5
BA_PYR1_0930,LCAM,nonbinder,0,1,0,0.7638,0.9382,0.6381,1.894,3
BA_PYR1_0931,LCA3S,nonbinder,0,1,0,0.5995,0.9354,0.8046,1.922,5
BA_PYR1_0931,LCAM,nonbinder,0,1,0,0.5488,0.9347,0.7094,2.414,3
BA_PYR1_0932,LCA3S,nonbinder,0,0,0,0.6625,0.9457,0.8584,2.586,0
BA_PYR1_0932,LCAM,nonbinder,0,1,0,0.77865,0.95605,0.56385,1.555,4
BA_PYR1_0933,LCA3S,nonbinder,0,1,0,0.69915,0.9207,0.1231,0.7715,4
BA_PYR1_0933,LCAM,nonbinder,0,1,0,0.6916,0.9091,0.3445,5.07,5
BA_PYR1_0934,LCA3S,nonbinder,0,1,0,0.738,0.93495,0.75515,2.113,4
BA_PYR1_0934,LCAM,nonbinder,0,1,0,0.6621,0.9267,0.7637,2.791,5
BA_PYR1_0935,LCA3S,nonbinder,0,1,0,0.55345,0.9348,0.3716,4.102,2
BA_PYR1_0935,LCAM,nonbinder,0,1,0,0.61825,0.9475,0.6498,1.949,4
BA_PYR1_0936,LCA3S,nonbinder,0,1,0,0.57,0.947,0.2939,0.694,5
BA_PYR1_0936,LCAM,nonbinder,0,1,0,0.686,0.9534,0.5111,1.343,5
BA_PYR1_0938,LCA3S,nonbinder,0,1,0,0.5412,0.9208,0.3024,1.2975,4
BA_PYR1_0938,LCAM,nonbinder,0,1,0,0.56075,0.9299,0.30515,1.0635,4
BA_PYR1_0939,LCA3S,nonbinder,0,1,0,0.6454,0.949,0.4819,1.466,5
BA_PYR1_0939,LCAM,nonbinder,0,1,0,0.68975,0.9375,0.1566,1.181,4
BA_PYR1_0943,LCA3S,nonbinder,0,1,0,0.6346,0.9363,0.2954,1.039,5
BA_PYR1_0943,LCAM,nonbinder,0,1,0,0.6743,0.9166,0.3356,1.357,5
BA_PYR1_0944,LCA3S,nonbinder,0,1,0,0.6394,0.9391,0.2494,1.036,5
BA_PYR1_0944,LCAM,nonbinder,0,1,0,0.49025,0.9309,0.42425,1.9735,4
BA_PYR1_0945,LCA3S,nonbinder,0,1,0,0.6634,0.9388,0.3972,0.649,5
BA_PYR1_0945,LCAM,nonbinder,0,1,0,0.56025,0.9265,0.4825,2.1635,4
BA_PYR1_0946,LCA3S,nonbinder,0,1,0,0.77335,0.94285,0.45195,1.03,4
BA_PYR1_0946,LCAM,nonbinder,0,1,0,0.7178,0.9314,0.7826,2.783,5
BA_PYR1_0947,LCA3S,nonbinder,0,1,0,0.6675,0.9562,0.5328,0.933,3
BA_PYR1_0947,LCAM,nonbinder,0,1,0,0.68365,0.94665,0.26395,1.1715,2
BA_PYR1_0948,LCA3S,nonbinder,0,1,0,0.58955,0.89805,0.4631,1.2755,4
BA_PYR1_0948,LCAM,nonbinder,0,1,0,0.5929,0.89655,0.30045,4.759,4
BA_PYR1_0949,LCA3S,nonbinder,0,1,0,0.5746,0.9338,0.3717,0.7675,2
BA_PYR1_0949,LCAM,nonbinder,0,1,0,0.621,0.928,0.4391,1.065,5
BA_PYR1_0950,LCA3S,nonbinder,0,1,0,0.642,0.9424,0.2313,1.162,5
BA_PYR1_0950,LCAM,nonbinder,0,1,0,0.55465,0.9311,0.64345,2.713,4
BA_PYR1_0951,LCA3S,nonbinder,0,1,0,0.7464,0.955,0.4686,1.366,5
BA_PYR1_0951,LCAM,nonbinder,0,1,0,0.57615,0.93925,0.84555,2.7885,4
BA_PYR1_0952,LCA3S,nonbinder,0,1,0,0.6676,0.9276,0.4885,1.144,5
BA_PYR1_0952,LCAM,nonbinder,0,1,0,0.4941,0.9112,0.4,0.7,5
BA_PYR1_0953,LCA3S,nonbinder,0,1,0,0.5277,0.9403,0.3321,0.949,5
BA_PYR1_0953,LCAM,nonbinder,0,1,0,0.612,0.93445,0.3665,1.52,4
BA_PYR1_0954,LCA3S,nonbinder,0,1,0,0.5724,0.9399,0.3866,0.986,5
BA_PYR1_0954,LCAM,nonbinder,0,1,0,0.56555,0.9242,0.24755,0.9745,4
BA_PYR1_0955,LCA3S,nonbinder,0,1,0,0.6732,0.9407,0.3526,0.741,5
BA_PYR1_0955,LCAM,nonbinder,0,1,0,0.635,0.9226,0.0206,0.233,1
BA_PYR1_0956,LCA3S,nonbinder,0,1,0,0.6221,0.9323,0.4782,1.105,5
BA_PYR1_0956,LCAM,nonbinder,0,1,0,0.6245,0.923,0.7603,2.475,5
BA_PYR1_0957,LCA3S,nonbinder,0,1,0,0.5611,0.9389,0.4628,1.164,5
BA_PYR1_0957,LCAM,nonbinder,0,1,0,0.5127,0.9163,0.2481,7.296,1
BA_PYR1_0958,LCA3S,nonbinder,0,1,0,0.6737,0.9399,0.1686,0.916,5
BA_PYR1_0958,LCAM,nonbinder,0,1,0,0.7579,0.9348,0.4889,2.362,5
BA_PYR1_0959,LCA3S,nonbinder,0,1,0,0.8173,0.9527,0.5106,1.063,5
BA_PYR1_0959,LCAM,nonbinder,0,1,0,0.67925,0.938,0.65675,2.572,4
BA_PYR1_0960,LCA3S,nonbinder,0,1,0,0.7055,0.9516,0.4673,0.939,5
BA_PYR1_0960,LCAM,nonbinder,0,1,0,0.5988,0.9431,0.7955,2.83,3
BA_PYR1_0961,LCA3S,nonbinder,0,1,0,0.7463,0.9568,0.5164,0.912,5
BA_PYR1_0961,LCAM,nonbinder,0,1,0,0.5589,0.9384,0.5992,1.261,3
BA_PYR1_0962,LCA3S,nonbinder,0,1,0,0.7104,0.9439,0.3494,0.836,5
BA_PYR1_0962,LCAM,nonbinder,0,1,0,0.48455,0.9233,0.3396,1.0505,4
BA_PYR1_0963,LCA3S,nonbinder,0,1,0,0.5439,0.9186,0.3719,1.14,1
BA_PYR1_0963,LCAM,nonbinder,0,1,0,0.4698,0.9213,0.1093,1.041,4
BA_PYR1_0964,LCA3S,nonbinder,0,0,0,0.6989,0.9506,0.5052,0.849,0
BA_PYR1_0964,LCAM,nonbinder,0,1,0,0.7507,0.9422,0.7019,2.225,5
BA_PYR1_0965,LCA3S,nonbinder,0,1,0,0.6927,0.9347,0.2073,0.802,5
BA_PYR1_0965,LCAM,nonbinder,0,1,0,0.7262,0.9304,0.9066,2.597,5
BA_PYR1_0966,LCA3S,nonbinder,0,1,0,0.7425,0.9558,0.0915,1.116,1
BA_PYR1_0966,LCAM,nonbinder,0,0,0,0.6791,0.94,0.4044,5.923,0
BA_PYR1_0967,LCA3S,nonbinder,0,1,0,0.7307,0.9431,0.4093,1.195,5
BA_PYR1_0967,LCAM,nonbinder,0,1,0,0.5488,0.9332,0.8346,2.955,5
BA_PYR1_0968,LCA3S,nonbinder,0,1,0,0.6211,0.944,0.2976,0.992,5
BA_PYR1_0968,LCAM,nonbinder,0,1,0,0.5143,0.9287,0.7908,2.414,3
BA_PYR1_0969,LCA3S,nonbinder,0,1,0,0.52665,0.93445,0.2972,0.9735,4
BA_PYR1_0969,LCAM,nonbinder,0,1,0,0.7206,0.941,0.4905,1.102,5
BA_PYR1_0970,LCA3S,nonbinder,0,1,0,0.6412,0.94435,0.36375,1.0595,4
BA_PYR1_0970,LCAM,nonbinder,0,1,0,0.53645,0.93325,0.537,1.698,4
BA_PYR1_0971,LCA3S,nonbinder,0,1,1,0.85155,0.9704,0.10025,1.129,4
BA_PYR1_0971,LCAM,nonbinder,0,1,1,0.8722,0.9666,0.3596,10.127,5
BA_PYR1_0973,LCA3S,LCA binder,0,1,0,0.8626,0.9712,0.0939,1.194,1
BA_PYR1_0973,LCAM,LCA binder,1,1,1,0.8655,0.9706,0.4991,1.764,3
BA_PYR1_0974,LCA3S,nonbinder,0,0,0,0.8504,0.961,0.1082,0.794,0
BA_PYR1_0974,LCAM,nonbinder,0,1,0,0.7269,0.9486,0.0261,4.866,1
BA_PYR1_0975,LCA3S,nonbinder,0,0,0,0.8073,0.9593,0.3591,0.443,0
BA_PYR1_0975,LCAM,nonbinder,0,0,0,0.7253,0.9613,0.4955,0.414,0
BA_PYR1_0976,LCA3S,nonbinder,0,0,0,0.8087,0.9572,0.085,0.996,0
BA_PYR1_0976,LCAM,nonbinder,0,1,0,0.7053,0.9557,0.7161,1.732,1
BA_PYR1_0977,LCA3S,nonbinder,0,1,0,0.75955,0.95945,0.286,0.912,4
BA_PYR1_0977,LCAM,nonbinder,0,1,1,0.5936,0.9547,0.7102,1.748,5
BA_PYR1_0978,LCA3S,LCA3S binder,1,0,0,0.8837,0.9665,0.0919,0.779,0
BA_PYR1_0978,LCAM,LCA3S binder,0,1,0,0.68405,0.9587,0.6607,2.177,2
BA_PYR1_0979,LCA3S,nonbinder,0,1,0,0.5371,0.937,0.4235,0.969,5
BA_PYR1_0979,LCAM,nonbinder,0,1,0,0.5242,0.9316,0.2725,1.125,5
BA_PYR1_0981,LCA3S,nonbinder,0,1,0,0.6662,0.93995,0.4062,0.7965,4
BA_PYR1_0981,LCAM,nonbinder,0,1,0,0.6864,0.9527,0.467,0.679,5
BA_PYR1_0982,LCA3S,nonbinder,0,1,0,0.6226,0.9354,0.5577,2.764,5
BA_PYR1_0982,LCAM,nonbinder,0,1,0,0.7309,0.9489,0.5059,3.474,5
BA_PYR1_0983,LCA3S,nonbinder,0,1,0,0.6247,0.9394,0.2412,1.416,1
BA_PYR1_0983,LCAM,nonbinder,0,1,0,0.7662,0.9545,0.3051,0.635,5
BA_PYR1_0987,LCA3S,nonbinder,0,1,0,0.7702,0.94025,0.29935,1.014,2
BA_PYR1_0987,LCAM,nonbinder,0,1,0,0.6902,0.9418,0.7591,2.197,5
BA_PYR1_0988,LCA3S,nonbinder,0,1,0,0.88125,0.9584,0.39345,0.952,2
BA_PYR1_0988,LCAM,nonbinder,0,1,0,0.7353,0.94375,0.11775,0.9985,4
BA_PYR1_0989,LCA3S,nonbinder,0,1,0,0.626,0.9294,0.1993,1.077,1
BA_PYR1_0989,LCAM,nonbinder,0,1,0,0.6528,0.9428,0.6524,2.899,5
BA_PYR1_0991,LCA3S,nonbinder,0,1,0,0.6299,0.9433,0.626,1.671,3
BA_PYR1_0991,LCAM,nonbinder,0,1,0,0.729,0.9386,0.3165,1.157,5
BA_PYR1_0992,LCA3S,nonbinder,0,0,0,0.6088,0.9405,0.1906,1.186,0
BA_PYR1_0992,LCAM,nonbinder,0,1,0,0.60535,0.94475,0.07115,0.8585,4
BA_PYR1_0993,LCA3S,nonbinder,0,1,0,0.7564,0.94005,0.20655,0.6355,2
BA_PYR1_0993,LCAM,nonbinder,0,1,0,0.7175,0.9427,0.3231,0.52,5
BA_PYR1_0994,LCA3S,nonbinder,0,1,0,0.6695,0.9425,0.26755,1.052,4
BA_PYR1_0994,LCAM,nonbinder,0,1,0,0.7052,0.9495,0.38035,1.912,4
BA_PYR1_0995,LCA3S,nonbinder,0,0,0,0.9455,0.9648,0.102,0.87,0
BA_PYR1_0995,LCAM,nonbinder,0,1,0,0.84,0.955,0.6585,3.318,5
BA_PYR1_0996,LCA3S,nonbinder,0,1,0,0.928,0.959,0.4978,0.77,5
BA_PYR1_0996,LCAM,nonbinder,0,1,1,0.8631,0.95405,0.7321,3.1105,4
BA_PYR1_0997,LCA3S,nonbinder,0,1,0,0.7241,0.94845,0.2452,0.7575,2
BA_PYR1_0997,LCAM,nonbinder,0,1,0,0.7611,0.95035,0.5283,1.2,4
BA_PYR1_0998,LCA3S,nonbinder,0,0,0,0.8523,0.9507,0.0794,0.819,0
BA_PYR1_0998,LCAM,nonbinder,0,1,0,0.7473,0.9434,0.72725,2.928,2
BA_PYR1_0999,LCA3S,nonbinder,0,0,0,0.7927,0.9343,0.5157,0.982,0
BA_PYR1_0999,LCAM,nonbinder,0,1,0,0.7426,0.9218,0.1982,4.906,3
BA_PYR1_1000,LCA3S,nonbinder,0,1,1,0.703,0.9664,0.0969,0.643,1
BA_PYR1_1000,LCAM,nonbinder,0,1,0,0.7481,0.9554,0.3173,0.826,5
BA_PYR1_1001,LCA3S,nonbinder,0,0,0,0.7622,0.9512,0.3928,0.579,0
BA_PYR1_1001,LCAM,nonbinder,0,1,0,0.7602,0.94285,0.53395,2.8045,4
BA_PYR1_1002,LCA3S,nonbinder,0,0,0,0.8176,0.9478,0.3169,0.621,0
BA_PYR1_1002,LCAM,nonbinder,0,1,0,0.7012,0.9306,0.308,4.162,5
BA_PYR1_1003,LCA3S,nonbinder,0,0,0,0.7352,0.9354,0.175,0.699,0
BA_PYR1_1003,LCAM,nonbinder,0,1,0,0.8085,0.9308,0.342,3.552,3
BA_PYR1_1004,LCA3S,nonbinder,0,0,0,0.811,0.9427,0.5038,0.492,0
BA_PYR1_1004,LCAM,nonbinder,0,1,0,0.8234,0.9319,0.2337,4.325,3
BA_PYR1_1005,LCA3S,nonbinder,0,0,0,0.8204,0.9467,0.1448,0.763,0
BA_PYR1_1005,LCAM,nonbinder,0,1,0,0.8199,0.9425,0.2443,3.936,1
BA_PYR1_1006,LCA3S,nonbinder,0,0,0,0.7782,0.9399,0.284,0.785,0
BA_PYR1_1006,LCAM,nonbinder,0,1,0,0.8009,0.9317,0.1304,4.559,1
BA_PYR1_1007,LCA3S,nonbinder,0,0,0,0.7956,0.9387,0.4299,1.037,0
BA_PYR1_1007,LCAM,nonbinder,0,0,0,0.7206,0.9157,0.5985,2.118,0
BA_PYR1_1008,LCA3S,nonbinder,0,1,0,0.7367,0.9398,0.3469,0.433,3
BA_PYR1_1008,LCAM,nonbinder,0,1,0,0.7052,0.9293,0.48155,1.0205,2
BA_PYR1_1009,LCA3S,nonbinder,0,0,0,0.9432,0.9779,0.1386,0.893,0
BA_PYR1_1009,LCAM,nonbinder,0,1,1,0.8586,0.9627,0.9277,2.931,5
BA_PYR1_1010,LCA3S,nonbinder,0,0,0,0.7202,0.93,0.3361,0.862,0
BA_PYR1_1010,LCAM,nonbinder,0,1,0,0.7587,0.9228,0.6332,1.746,3
BA_PYR1_1011,LCA3S,nonbinder,0,0,0,0.7643,0.9268,0.2906,0.914,0
BA_PYR1_1011,LCAM,nonbinder,0,1,0,0.7738,0.9197,0.2357,4.502,3
BA_PYR1_1012,LCA3S,nonbinder,0,0,0,0.8995,0.9536,0.0425,0.904,0
BA_PYR1_1012,LCAM,nonbinder,0,1,0,0.6986,0.94305,0.35205,0.7955,2
BA_PYR1_1013,LCA3S,nonbinder,0,0,0,0.875,0.952,0.0486,0.528,0
BA_PYR1_1013,LCAM,nonbinder,0,1,0,0.8167,0.9414,0.2453,1.42,1
BA_PYR1_1014,LCA3S,nonbinder,0,0,0,0.7336,0.9596,0.5812,1.862,0
BA_PYR1_1014,LCAM,nonbinder,0,1,0,0.7349,0.9573,0.5543,1.07,1
BA_PYR1_1015,LCA3S,nonbinder,0,1,0,0.6131,0.921,0.26,0.798,3
BA_PYR1_1015,LCAM,nonbinder,0,1,0,0.5865,0.9148,0.4182,2.19,1
BA_PYR1_1018,LCA3S,nonbinder,0,1,0,0.5251,0.9221,0.6174,1.362,1
BA_PYR1_1018,LCAM,nonbinder,0,1,0,0.6741,0.9454,0.434,7.32,5
BA_PYR1_1019,LCA3S,nonbinder,0,0,0,0.7103,0.9325,0.0871,1.164,0
BA_PYR1_1019,LCAM,nonbinder,0,0,0,0.7143,0.9188,0.7644,2.348,0
BA_PYR1_1020,LCA3S,nonbinder,0,1,0,0.53465,0.9181,0.25005,1.3825,2
BA_PYR1_1020,LCAM,nonbinder,0,1,0,0.5027,0.9284,0.5673,2.365,5
BA_PYR1_1021,LCA3S,nonbinder,0,1,0,0.7022,0.9578,0.5112,1.099,5
BA_PYR1_1021,LCAM,nonbinder,0,1,0,0.4762,0.9338,0.0889,0.436,1
BA_PYR1_1022,LCA3S,nonbinder,0,1,0,0.6691,0.9495,0.375,1.252,3
BA_PYR1_1022,LCAM,nonbinder,0,1,0,0.5761,0.9358,0.4247,0.492,1
BA_PYR1_1023,LCA3S,nonbinder,0,0,0,0.7195,0.9506,0.0572,0.864,0
BA_PYR1_1023,LCAM,nonbinder,0,1,0,0.6434,0.9398,0.2081,0.943,1
BA_PYR1_1024,LCA3S,nonbinder,0,1,0,0.5798,0.94255,0.36755,0.916,4
BA_PYR1_1024,LCAM,nonbinder,0,1,0,0.59655,0.93575,0.62705,1.7235,4
BA_PYR1_1025,LCA3S,nonbinder,0,1,0,0.6393,0.9512,0.3352,1.165,2
BA_PYR1_1025,LCAM,nonbinder,0,1,0,0.56345,0.9354,0.20485,0.735,4
BA_PYR1_1026,LCA3S,nonbinder,0,0,0,0.7233,0.935,0.4947,0.83,0
BA_PYR1_1026,LCAM,nonbinder,0,1,0,0.6716,0.9226,0.1422,4.593,5
BA_PYR1_1027,LCA3S,nonbinder,0,1,0,0.6649,0.9369,0.1455,0.886,5
BA_PYR1_1027,LCAM,nonbinder,0,1,0,0.5817,0.9291,0.3433,0.676,5
BA_PYR1_1028,LCA3S,nonbinder,0,1,0,0.5169,0.9351,0.4729,1.518,3
BA_PYR1_1028,LCAM,nonbinder,0,1,0,0.5287,0.9356,0.1807,0.675,5
BA_PYR1_1029,LCA3S,nonbinder,0,1,0,0.695,0.9453,0.51305,1.2985,4
BA_PYR1_1029,LCAM,nonbinder,0,1,0,0.5273,0.93285,0.8319,3.1715,4
BA_PYR1_1030,LCA3S,nonbinder,0,1,0,0.6396,0.9535,0.0838,1.143,1
BA_PYR1_1030,LCAM,nonbinder,0,1,0,0.7134,0.9432,0.36025,0.6805,4
BA_PYR1_1031,LCA3S,nonbinder,0,1,0,0.7643,0.9548,0.5021,1.028,5
BA_PYR1_1031,LCAM,nonbinder,0,1,0,0.5563,0.9393,0.9633,2.741,3
BA_PYR1_1032,LCA3S,nonbinder,0,1,0,0.5669,0.9454,0.3823,1.018,5
BA_PYR1_1032,LCAM,nonbinder,0,1,0,0.48085,0.93375,0.4044,0.922,4
BA_PYR1_1035,LCA3S,nonbinder,0,1,0,0.6056,0.93035,0.3601,1.0915,4
BA_PYR1_1035,LCAM,nonbinder,0,1,0,0.4662,0.9162,0.2256,1.223,3
BA_PYR1_1036,LCA3S,nonbinder,0,1,0,0.815,0.9526,0.0354,0.799,5
BA_PYR1_1036,LCAM,nonbinder,0,1,0,0.7646,0.943,0.794,2.4895,4
BA_PYR1_1037,LCA3S,nonbinder,0,1,0,0.8471,0.95335,0.1628,0.656,4
BA_PYR1_1037,LCAM,nonbinder,0,1,0,0.8253,0.9497,0.7159,1.925,3
BA_PYR1_1038,LCA3S,nonbinder,0,1,0,0.74785,0.95025,0.2632,0.5075,4
BA_PYR1_1038,LCAM,nonbinder,0,1,0,0.5663,0.9443,0.5506,1.32,5
BA_PYR1_1039,LCA3S,LCA binder,0,0,0,0.8648,0.9753,0.2936,0.867,0
BA_PYR1_1039,LCAM,LCA binder,1,0,0,0.8452,0.973,0.2873,1.484,0
BA_PYR1_1042,LCA3S,nonbinder,0,1,0,0.71685,0.95165,0.74495,3.53,4
BA_PYR1_1042,LCAM,nonbinder,0,1,0,0.6901,0.9487,0.7484,2.172,5
BA_PYR1_1046,LCA3S,both binder,1,1,1,0.8768,0.9683,0.0825,1.014,5
BA_PYR1_1046,LCAM,both binder,1,1,1,0.8733,0.9659,0.5545,1.566,5
BA_PYR1_1047,LCA3S,both binder,1,1,1,0.928,0.9666,0.07965,0.6375,2
BA_PYR1_1047,LCAM,both binder,1,1,1,0.9131,0.9653,0.8815,2.229,5
BA_PYR1_1048,LCA3S,both binder,1,1,1,0.8132,0.9678,0.0514,0.926,1
BA_PYR1_1048,LCAM,both binder,1,1,1,0.8938,0.9646,0.5997,1.49,5
BA_PYR1_1056,LCA3S,nonbinder,0,1,0,0.6014,0.9258,0.1612,0.838,2
BA_PYR1_1056,LCAM,nonbinder,0,1,0,0.6843,0.92625,0.6868,2.41,4
BA_PYR1_1057,LCA3S,nonbinder,0,1,0,0.6132,0.9482,0.4683,1.314,5
BA_PYR1_1057,LCAM,nonbinder,0,1,0,0.6191,0.9354,0.5191,1.298,5
BA_PYR1_1059,LCA3S,nonbinder,0,1,0,0.6165,0.9444,0.2948,1.127,3
BA_PYR1_1059,LCAM,nonbinder,0,1,0,0.7625,0.9459,0.86,2.227,5
BA_PYR1_1069,LCA3S,nonbinder,0,1,0,0.68025,0.9527,0.26095,1.0315,2
BA_PYR1_1069,LCAM,nonbinder,0,1,0,0.6899,0.9553,0.1529,0.655,5
BA_PYR1_1070,LCA3S,nonbinder,0,1,0,0.6879,0.9478,0.3767,0.5835,4
BA_PYR1_1070,LCAM,nonbinder,0,1,0,0.6967,0.9414,0.8116,2.01,5
BA_PYR1_1073,LCA3S,nonbinder,0,1,0,0.44085,0.929,0.6021,1.3165,2
BA_PYR1_1073,LCAM,nonbinder,0,1,0,0.5037,0.9335,0.5707,1.345,5
BA_PYR1_1074,LCA3S,nonbinder,0,1,0,0.7671,0.95,0.7342,3.035,5
BA_PYR1_1074,LCAM,nonbinder,0,1,0,0.746,0.9438,0.5725,2.109,5
BA_PYR1_1075,LCA3S,nonbinder,0,1,0,0.6544,0.936,0.485,1.066,5
BA_PYR1_1075,LCAM,nonbinder,0,1,0,0.5405,0.92185,0.5707,2.295,4
BA_PYR1_1076,LCA3S,nonbinder,0,1,0,0.8065,0.9552,0.2769,0.976,3
BA_PYR1_1076,LCAM,nonbinder,0,1,0,0.786,0.9507,0.7031,2.276,5
BA_PYR1_1077,LCA3S,nonbinder,0,1,0,0.7481,0.9478,0.4659,1.727,5
BA_PYR1_1077,LCAM,nonbinder,0,1,0,0.7095,0.9485,0.6189,2.138,3
BA_PYR1_1078,LCA3S,nonbinder,0,1,0,0.5368,0.9332,0.5479,1.37,5
BA_PYR1_1078,LCAM,nonbinder,0,1,0,0.5924,0.9347,0.7922,2.424,5
BA_PYR1_1079,LCA3S,nonbinder,0,1,0,0.7734,0.9615,0.443,1.266,5
BA_PYR1_1079,LCAM,nonbinder,0,1,0,0.6751,0.9524,0.7064,2.581,5
BA_PYR1_1080,LCA3S,nonbinder,0,1,1,0.858,0.9743,0.0441,0.617,5
BA_PYR1_1080,LCAM,nonbinder,0,1,1,0.8525,0.9704,0.9121,2.795,1
BA_PYR1_1088,LCA3S,nonbinder,0,0,0,0.6951,0.9621,0.2658,0.539,0
BA_PYR1_1088,LCAM,nonbinder,0,1,0,0.7703,0.9598,0.4897,1.409,1
BA_PYR1_1091,LCA3S,LCA3S binder,1,0,0,0.8873,0.966,0.2092,1.32,0
BA_PYR1_1091,LCAM,LCA3S binder,0,1,0,0.77175,0.95985,0.5616,2.587,2
BA_PYR1_1093,LCA3S,nonbinder,0,1,1,0.8676,0.96995,0.39975,0.572,2
BA_PYR1_1093,LCAM,nonbinder,0,1,0,0.7568,0.9633,0.6303,2.85,5
BA_PYR1_1094,LCA3S,nonbinder,0,0,0,0.6969,0.9647,0.2205,0.818,0
BA_PYR1_1094,LCAM,nonbinder,0,1,0,0.7403,0.9645,0.6225,3.229,3
BA_PYR1_1097,LCA3S,nonbinder,0,1,1,0.9458,0.96745,0.41985,0.6735,4
BA_PYR1_1097,LCAM,nonbinder,0,1,1,0.9249,0.9653,0.7486,3.21,5
BA_PYR1_1098,LCA3S,nonbinder,0,0,0,0.835,0.9574,0.5137,1.133,0
BA_PYR1_1098,LCAM,nonbinder,0,1,0,0.8186,0.94215,0.34835,4.6005,4
BA_PYR1_1099,LCA3S,nonbinder,0,1,1,0.7925,0.9557,0.5394,1.051,5
BA_PYR1_1099,LCAM,nonbinder,0,1,0,0.83145,0.95185,0.5601,2.292,2
BA_PYR1_1100,LCA3S,nonbinder,0,1,0,0.7426,0.931,0.5394,1.177,1
BA_PYR1_1100,LCAM,nonbinder,0,1,0,0.80655,0.933,0.3351,3.974,2
BA_PYR1_1101,LCA3S,nonbinder,0,1,0,0.8118,0.9545,0.1502,0.517,1
BA_PYR1_1101,LCAM,nonbinder,0,0,0,0.8559,0.9498,0.6728,3.091,0
BA_PYR1_1102,LCA3S,nonbinder,0,0,0,0.7123,0.9616,0.7897,2.108,0
BA_PYR1_1102,LCAM,nonbinder,0,1,0,0.66995,0.95875,0.45225,1.3445,4
BA_PYR1_1103,LCA3S,nonbinder,0,1,0,0.616,0.9531,0.0606,1.035,1
BA_PYR1_1103,LCAM,nonbinder,0,1,0,0.6088,0.9413,0.64605,1.4985,4
BA_PYR1_1104,LCA3S,nonbinder,0,1,0,0.5658,0.9425,0.24,0.969,1
BA_PYR1_1104,LCAM,nonbinder,0,1,0,0.6204,0.9471,0.45545,0.9855,4
BA_PYR1_1105,LCA3S,nonbinder,0,1,0,0.6146,0.9422,0.5777,1.412,5
BA_PYR1_1105,LCAM,nonbinder,0,1,0,0.6129,0.94545,0.452,5.9135,4
BA_PYR1_1106,LCA3S,nonbinder,0,1,0,0.6002,0.946,0.246,0.856,4
BA_PYR1_1106,LCAM,nonbinder,0,1,0,0.6491,0.9395,0.6136,1.332,3
BA_PYR1_1116,LCA3S,nonbinder,0,1,0,0.8531,0.9567,0.1762,1.091,3
BA_PYR1_1116,LCAM,nonbinder,0,1,0,0.7796,0.9464,0.8517,2.126,3
BA_PYR1_1117,LCA3S,nonbinder,0,1,0,0.8969,0.9577,0.4366,0.653,1
BA_PYR1_1117,LCAM,nonbinder,0,1,1,0.8948,0.9529,0.7459,3.121,5
BA_PYR1_1118,LCA3S,nonbinder,0,1,0,0.5434,0.8935,0.1032,1.113,5
BA_PYR1_1118,LCAM,nonbinder,0,1,0,0.5743,0.8913,0.8024,2.173,5
BA_PYR1_1119,LCA3S,nonbinder,0,1,0,0.7285,0.9095,0.7864,1.925,5
BA_PYR1_1119,LCAM,nonbinder,0,1,0,0.6422,0.8955,0.4942,5.081,5
BA_PYR1_1120,LCA3S,nonbinder,0,1,0,0.5437,0.9219,0.6352,1.573,3
BA_PYR1_1120,LCAM,nonbinder,0,1,0,0.50925,0.90715,0.61295,4.135,4
BA_PYR1_1121,LCA3S,nonbinder,0,1,0,0.67355,0.93285,0.52955,1.198,2
BA_PYR1_1121,LCAM,nonbinder,0,1,0,0.52605,0.9178,0.8883,3.1725,4
BA_PYR1_1122,LCA3S,nonbinder,0,1,0,0.709,0.9445,0.2747,1.2665,4
BA_PYR1_1122,LCAM,nonbinder,0,1,0,0.8167,0.9331,0.4294,4.248,3
BA_PYR1_1123,LCA3S,nonbinder,0,1,0,0.64315,0.93365,0.1457,1.185,2
BA_PYR1_1123,LCAM,nonbinder,0,1,0,0.68625,0.9258,0.74595,3.4385,4
BA_PYR1_1124,LCA3S,nonbinder,0,1,0,0.7659,0.9491,0.5635,1.639,5
BA_PYR1_1124,LCAM,nonbinder,0,1,0,0.5973,0.919,0.5502,1.557,3
BA_PYR1_1125,LCA3S,nonbinder,0,1,0,0.8308,0.9328,0.1183,1.101,3
BA_PYR1_1125,LCAM,nonbinder,0,1,0,0.8008,0.9187,0.5238,3.551,3
BA_PYR1_1126,LCA3S,nonbinder,0,1,0,0.7082,0.9375,0.1573,1.268,3
BA_PYR1_1126,LCAM,nonbinder,0,1,0,0.5476,0.9225,0.3648,3.173,5
BA_PYR1_1127,LCA3S,nonbinder,0,1,0,0.643,0.9249,0.4747,1.641,5
BA_PYR1_1127,LCAM,nonbinder,0,1,0,0.4805,0.90165,0.4638,5.7025,4
BA_PYR1_1128,LCA3S,nonbinder,0,1,0,0.7756,0.934,0.4567,1.038,1
BA_PYR1_1128,LCAM,nonbinder,0,1,0,0.7902,0.9249,0.4507,5.462,3
BA_PYR1_1129,LCA3S,nonbinder,0,1,0,0.6183,0.9228,0.5135,1.331,5
BA_PYR1_1129,LCAM,nonbinder,0,1,0,0.653,0.915,0.9127,3.191,5
BA_PYR1_1130,LCA3S,nonbinder,0,1,0,0.6171,0.9297,0.4756,1.16,3
BA_PYR1_1130,LCAM,nonbinder,0,1,0,0.6539,0.9229,0.4973,4.851,5
BA_PYR1_1131,LCA3S,nonbinder,0,1,0,0.6687,0.9257,0.6176,1.43,3
BA_PYR1_1131,LCAM,nonbinder,0,1,0,0.5978,0.9124,0.3924,8.426,1
BA_PYR1_1132,LCA3S,nonbinder,0,0,0,0.572,0.9215,0.2439,0.885,0
BA_PYR1_1132,LCAM,nonbinder,0,1,0,0.8306,0.9272,0.4383,4.867,5
BA_PYR1_1133,LCA3S,nonbinder,0,1,0,0.7298,0.934,0.2619,1.059,3
BA_PYR1_1133,LCAM,nonbinder,0,1,0,0.8043,0.9198,0.7887,3.431,5
BA_PYR1_1134,LCA3S,nonbinder,0,1,0,0.7165,0.93335,0.5511,1.1945,2
BA_PYR1_1134,LCAM,nonbinder,0,1,0,0.792,0.9234,0.4216,5.266,5
BA_PYR1_1135,LCA3S,nonbinder,0,1,0,0.5924,0.9199,0.6454,1.566,5
BA_PYR1_1135,LCAM,nonbinder,0,1,0,0.49995,0.903,0.59535,5.3205,4
BA_PYR1_1136,LCA3S,nonbinder,0,1,1,0.849,0.9534,0.2788,1.43,5
BA_PYR1_1136,LCAM,nonbinder,0,1,0,0.822,0.9399,0.7616,2.864,5
BA_PYR1_1137,LCA3S,nonbinder,0,1,1,0.8582,0.9617,0.1371,0.635,5
BA_PYR1_1137,LCAM,nonbinder,0,1,0,0.7744,0.9441,0.4382,3.457,5
BA_PYR1_1138,LCA3S,nonbinder,0,0,0,0.8584,0.9501,0.3139,1.29,0
BA_PYR1_1138,LCAM,nonbinder,0,1,0,0.8638,0.9358,0.51,4.511,2
BA_PYR1_1139,LCA3S,nonbinder,0,0,0,0.8472,0.9544,0.2224,0.977,0
BA_PYR1_1139,LCAM,nonbinder,0,0,0,0.8676,0.9368,0.7357,2.152,0
BA_PYR1_1140,LCA3S,nonbinder,0,0,0,0.828,0.9441,0.4521,0.815,0
BA_PYR1_1140,LCAM,nonbinder,0,1,0,0.8585,0.9364,0.1596,4.444,5
BA_PYR1_1141,LCA3S,nonbinder,0,0,0,0.8593,0.9505,0.5114,1.366,0
BA_PYR1_1141,LCAM,nonbinder,0,1,0,0.889,0.9397,0.2419,4.352,5
BA_PYR1_1142,LCA3S,nonbinder,0,0,0,0.8593,0.9473,0.0864,0.985,0
BA_PYR1_1142,LCAM,nonbinder,0,1,0,0.8462,0.9321,0.4837,3.846,3
BA_PYR1_1143,LCA3S,nonbinder,0,0,0,0.8826,0.9401,0.1108,0.512,0
BA_PYR1_1143,LCAM,nonbinder,0,1,0,0.879,0.9249,0.1907,4.453,1
BA_PYR1_1144,LCA3S,nonbinder,0,0,0,0.8488,0.9634,0.9366,2.482,0
BA_PYR1_1144,LCAM,nonbinder,0,1,0,0.6725,0.9364,0.391,5.587,3
BA_PYR1_1145,LCA3S,nonbinder,0,0,0,0.5645,0.9258,0.4056,1.049,0
BA_PYR1_1145,LCAM,nonbinder,0,1,0,0.7483,0.9261,0.30805,4.8945,4
BA_PYR1_1146,LCA3S,nonbinder,0,0,0,0.7065,0.9345,0.3093,1.058,0
BA_PYR1_1146,LCAM,nonbinder,0,1,0,0.5502,0.9126,0.457,5.576,3
BA_PYR1_1147,LCA3S,nonbinder,0,1,0,0.7316,0.9437,0.4967,1.169,1
BA_PYR1_1147,LCAM,nonbinder,0,1,0,0.6019,0.9174,0.3044,5.6715,4
BA_PYR1_1148,LCA3S,nonbinder,0,0,0,0.517,0.9221,0.4289,1.096,0
BA_PYR1_1148,LCAM,nonbinder,0,1,0,0.5945,0.9184,0.5238,1.515,3
BA_PYR1_1149,LCA3S,nonbinder,0,1,0,0.7518,0.9435,0.9684,2.723,1
BA_PYR1_1149,LCAM,nonbinder,0,1,0,0.4562,0.9216,0.1712,10.15,3
BA_PYR1_1150,LCA3S,nonbinder,0,1,0,0.6352,0.92715,0.5649,1.504,4
BA_PYR1_1150,LCAM,nonbinder,0,1,0,0.487,0.9087,0.7542,3.486,5
BA_PYR1_1151,LCA3S,nonbinder,0,1,0,0.6563,0.9455,0.704,2.363,5
BA_PYR1_1151,LCAM,nonbinder,0,1,0,0.6104,0.93875,0.57725,2.8935,4
BA_PYR1_1154,LCA3S,nonbinder,0,0,0,0.9125,0.9532,0.3047,0.475,0
BA_PYR1_1154,LCAM,nonbinder,0,1,0,0.6417,0.9346,0.1812,0.398,1
BA_PYR1_1155,LCA3S,nonbinder,0,1,0,0.6675,0.9245,0.1107,1.16,5
BA_PYR1_1155,LCAM,nonbinder,0,1,0,0.605,0.9316,0.7998,1.893,5
BA_PYR1_1156,LCA3S,nonbinder,0,0,0,0.6782,0.9272,0.0801,0.537,0
BA_PYR1_1156,LCAM,nonbinder,0,1,0,0.6523,0.9373,0.3955,1.398,5
BA_PYR1_1157,LCA3S,nonbinder,0,1,0,0.6696,0.9345,0.4765,0.969,1
BA_PYR1_1157,LCAM,nonbinder,0,1,0,0.7329,0.92585,0.5567,3.3465,2
BA_PYR1_1158,LCA3S,nonbinder,0,1,0,0.5906,0.94,0.1816,0.849,3
BA_PYR1_1158,LCAM,nonbinder,0,1,0,0.6264,0.9473,0.5405,4.446,5
BA_PYR1_1159,LCA3S,nonbinder,0,1,0,0.5755,0.9132,0.0922,1.211,3
BA_PYR1_1159,LCAM,nonbinder,0,1,0,0.5732,0.91785,0.42195,0.76,4
BA_PYR1_1160,LCA3S,nonbinder,0,1,0,0.6173,0.9298,0.3323,0.961,5
BA_PYR1_1160,LCAM,nonbinder,0,1,0,0.5752,0.9205,0.4047,1.639,5
BA_PYR1_1161,LCA3S,nonbinder,0,1,0,0.4978,0.9144,0.1779,0.887,3
BA_PYR1_1161,LCAM,nonbinder,0,1,0,0.499,0.9044,0.7727,3.347,5
BA_PYR1_1162,LCA3S,nonbinder,0,1,0,0.5088,0.9227,0.3925,0.769,5
BA_PYR1_1162,LCAM,nonbinder,0,1,0,0.639,0.9276,0.4013,0.686,5
BA_PYR1_1163,LCA3S,nonbinder,0,1,1,0.85965,0.97125,0.37735,1.5335,4
BA_PYR1_1163,LCAM,nonbinder,0,1,0,0.76275,0.95905,0.43315,5.372,2
BA_PYR1_1164,LCA3S,nonbinder,0,1,0,0.5692,0.9329,0.0669,0.801,3
BA_PYR1_1164,LCAM,nonbinder,0,1,0,0.5487,0.93195,0.3447,0.941,4
BA_PYR1_1165,LCA3S,nonbinder,0,1,0,0.5264,0.9372,0.3343,1.417,1
BA_PYR1_1165,LCAM,nonbinder,0,1,0,0.667,0.9482,0.3021,7.132,5
BA_PYR1_1166,LCA3S,nonbinder,0,1,0,0.73225,0.9524,0.65235,3.13,4
BA_PYR1_1166,LCAM,nonbinder,0,1,0,0.7536,0.9511,0.6838,1.673,5
BA_PYR1_1167,LCA3S,nonbinder,0,1,1,0.7861,0.9667,0.4627,1.8985,4
BA_PYR1_1167,LCAM,nonbinder,0,1,1,0.8534,0.9696,0.6452,1.446,5
BA_PYR1_1168,LCA3S,nonbinder,0,1,0,0.706,0.9554,0.2794,0.8705,2
BA_PYR1_1168,LCAM,nonbinder,0,1,0,0.59835,0.95085,0.37605,0.929,2
BA_PYR1_1169,LCA3S,nonbinder,0,1,0,0.6477,0.9482,0.3171,1.19,5
BA_PYR1_1169,LCAM,nonbinder,0,1,0,0.6592,0.9447,0.3702,0.808,5
BA_PYR1_1170,LCA3S,nonbinder,0,1,0,0.6876,0.9589,0.2877,0.867,5
BA_PYR1_1170,LCAM,nonbinder,0,1,0,0.6731,0.9547,0.5055,1.047,5
BA_PYR1_1171,LCA3S,nonbinder,0,1,0,0.6669,0.9486,0.5941,1.624,5
BA_PYR1_1171,LCAM,nonbinder,0,1,0,0.5674,0.9384,0.7655,2.086,5
BA_PYR1_1172,LCA3S,nonbinder,0,1,1,0.8512,0.952,0.113,1.021,5
BA_PYR1_1172,LCAM,nonbinder,0,1,0,0.7953,0.9481,0.5463,2.148,5
BA_PYR1_1173,LCA3S,nonbinder,0,1,0,0.6793,0.95,0.5061,1.126,5
BA_PYR1_1173,LCAM,nonbinder,0,1,0,0.7095,0.9459,0.2535,1.242,3
BA_PYR1_1174,LCA3S,nonbinder,0,1,0,0.4904,0.9365,0.4986,0.955,1
BA_PYR1_1174,LCAM,nonbinder,0,1,0,0.44415,0.9359,0.4031,1.297,4
BA_PYR1_1175,LCA3S,nonbinder,0,1,0,0.6233,0.9453,0.1896,1.095,5
BA_PYR1_1175,LCAM,nonbinder,0,1,0,0.49385,0.9346,0.3002,0.979,4
BA_PYR1_1176,LCA3S,nonbinder,0,1,0,0.8484,0.9511,0.4793,0.828,5
BA_PYR1_1176,LCAM,nonbinder,0,1,0,0.8095,0.9378,0.8061,2.87,5
BA_PYR1_1177,LCA3S,nonbinder,0,1,0,0.7449,0.9548,0.4877,0.627,4
BA_PYR1_1177,LCAM,nonbinder,0,1,0,0.6079,0.9439,0.2507,0.817,3
BA_PYR1_1178,LCA3S,nonbinder,0,1,0,0.5999,0.9358,0.3218,0.853,5
BA_PYR1_1178,LCAM,nonbinder,0,1,0,0.652,0.934,0.4601,1.01,3
BA_PYR1_1179,LCA3S,nonbinder,0,1,0,0.5937,0.9345,0.4774,1.085,5
BA_PYR1_1179,LCAM,nonbinder,0,1,0,0.6771,0.9319,0.65,1.954,5
BA_PYR1_1180,LCA3S,nonbinder,0,1,0,0.6702,0.9531,0.2489,1.217,5
BA_PYR1_1180,LCAM,nonbinder,0,0,0,0.6424,0.9436,0.2676,1.278,0
BA_PYR1_1181,LCA3S,nonbinder,0,1,0,0.5822,0.9351,0.1649,1.218,5
BA_PYR1_1181,LCAM,nonbinder,0,1,0,0.6628,0.941,0.3979,1.237,3
BA_PYR1_1182,LCA3S,nonbinder,0,1,0,0.5584,0.9379,0.363,1.281,5
BA_PYR1_1182,LCAM,nonbinder,0,1,0,0.4632,0.9265,0.4421,9.128,1
BA_PYR1_1183,LCA3S,nonbinder,0,1,0,0.589,0.9379,0.4274,1.087,3
BA_PYR1_1183,LCAM,nonbinder,0,1,0,0.473,0.9238,0.5338,0.843,1
BA_PYR1_1184,LCA3S,nonbinder,0,1,0,0.66865,0.94465,0.3577,1.1545,2
BA_PYR1_1184,LCAM,nonbinder,0,1,0,0.57005,0.92795,0.6505,2.4265,4
BA_PYR1_1185,LCA3S,nonbinder,0,1,0,0.7605,0.9417,0.4709,1.013,5
BA_PYR1_1185,LCAM,nonbinder,0,1,0,0.7829,0.9366,0.8802,2.836,5
BA_PYR1_1186,LCA3S,nonbinder,0,1,0,0.7375,0.95535,0.33295,1.0855,4
BA_PYR1_1186,LCAM,nonbinder,0,1,0,0.6454,0.9451,0.5938,1.924,3
BA_PYR1_1187,LCA3S,nonbinder,0,1,0,0.6555,0.9526,0.3908,1.377,1
BA_PYR1_1187,LCAM,nonbinder,0,1,0,0.7115,0.9469,0.3124,0.756,3
BA_PYR1_1188,LCA3S,nonbinder,0,1,0,0.684,0.9394,0.4916,1.467,5
BA_PYR1_1188,LCAM,nonbinder,0,1,0,0.5,0.9248,0.8237,3.233,5
BA_PYR1_1189,LCA3S,nonbinder,0,1,0,0.6599,0.948,0.2438,0.5195,4
BA_PYR1_1189,LCAM,nonbinder,0,1,0,0.7071,0.9383,0.55845,1.2415,4
BA_PYR1_1190,LCA3S,nonbinder,0,1,0,0.68515,0.9503,0.3364,1.0305,4
BA_PYR1_1190,LCAM,nonbinder,0,1,0,0.6628,0.9423,0.36095,1.2265,2
BA_PYR1_1191,LCA3S,nonbinder,0,1,0,0.6536,0.9487,0.2781,0.893,5
BA_PYR1_1191,LCAM,nonbinder,0,1,0,0.7054,0.9475,0.5259,1.374,3
BA_PYR1_1192,LCA3S,nonbinder,0,1,1,0.8866,0.9703,0.11185,0.797,4
BA_PYR1_1192,LCAM,nonbinder,0,1,0,0.8485,0.9666,0.5204,2.684,3
BA_PYR1_1193,LCA3S,nonbinder,0,0,0,0.8139,0.9566,0.3385,0.779,0
BA_PYR1_1193,LCAM,nonbinder,0,1,0,0.68825,0.9532,0.45925,2.379,4
BA_PYR1_1194,LCA3S,nonbinder,0,1,0,0.7242,0.9665,0.3949,0.399,1
BA_PYR1_1194,LCAM,nonbinder,0,1,1,0.81555,0.95915,0.35815,1.306,2
BA_PYR1_1196,LCA3S,nonbinder,0,1,0,0.7457,0.9556,0.36615,0.8355,4
BA_PYR1_1196,LCAM,nonbinder,0,1,1,0.8196,0.9623,0.442,0.794,5
BA_PYR1_1198,LCA3S,nonbinder,0,1,0,0.5627,0.9259,0.4471,1.061,3
BA_PYR1_1198,LCAM,nonbinder,0,1,0,0.5367,0.9223,0.1622,0.897,3
BA_PYR1_1199,LCA3S,nonbinder,0,1,0,0.73325,0.95445,0.5193,1.6915,4
BA_PYR1_1199,LCAM,nonbinder,0,1,0,0.7492,0.9573,0.3809,0.847,5
BA_PYR1_1200,LCA3S,nonbinder,0,1,0,0.7496,0.9407,0.2668,0.866,3
BA_PYR1_1200,LCAM,nonbinder,0,1,0,0.686,0.9393,0.5624,1.221,5
BA_PYR1_1201,LCA3S,nonbinder,0,1,0,0.7002,0.9401,0.3165,0.913,5
BA_PYR1_1201,LCAM,nonbinder,0,1,0,0.6756,0.93115,0.6489,3.4395,4
BA_PYR1_1202,LCA3S,nonbinder,0,1,0,0.6044,0.94545,0.7431,1.5565,2
BA_PYR1_1202,LCAM,nonbinder,0,1,0,0.77075,0.94935,0.615,1.534,4
BA_PYR1_1203,LCA3S,nonbinder,0,0,0,0.7865,0.9421,0.3515,0.672,0
BA_PYR1_1203,LCAM,nonbinder,0,1,0,0.8017,0.9251,0.2277,4.604,3
BA_PYR1_1204,LCA3S,nonbinder,0,1,0,0.6658,0.9619,0.3557,0.728,3
BA_PYR1_1204,LCAM,nonbinder,0,1,0,0.744,0.9568,0.42885,1.0995,4
BA_PYR1_1205,LCA3S,nonbinder,0,1,0,0.7651,0.95225,0.10125,0.9345,2
BA_PYR1_1205,LCAM,nonbinder,0,1,0,0.71945,0.9467,0.6488,3.2445,4
BA_PYR1_1206,LCA3S,nonbinder,0,1,0,0.6144,0.9335,0.2188,0.661,1
BA_PYR1_1206,LCAM,nonbinder,0,1,0,0.7575,0.9272,0.3851,3.738,5
BA_PYR1_1207,LCA3S,nonbinder,0,1,0,0.828,0.9421,0.0915,1.055,1
BA_PYR1_1207,LCAM,nonbinder,0,1,0,0.8009,0.9433,0.6223,3.345,3
BA_PYR1_1208,LCA3S,nonbinder,0,0,0,0.7797,0.9442,0.1853,0.962,0
BA_PYR1_1208,LCAM,nonbinder,0,1,0,0.7708,0.9391,0.1872,4.16,3
BA_PYR1_1209,LCA3S,nonbinder,0,0,0,0.822,0.9382,0.1284,0.844,0
BA_PYR1_1209,LCAM,nonbinder,0,1,0,0.8187,0.9249,0.1499,4.088,1
BA_PYR1_1210,LCA3S,nonbinder,0,0,0,0.8643,0.9545,0.0415,0.441,0
BA_PYR1_1210,LCAM,nonbinder,0,0,0,0.7472,0.9488,0.1246,1.057,0
BA_PYR1_1211,LCA3S,nonbinder,0,0,0,0.8928,0.9572,0.0954,0.408,0
BA_PYR1_1211,LCAM,nonbinder,0,1,0,0.6993,0.9407,0.5765,3.316,3
BA_PYR1_1212,LCA3S,nonbinder,0,1,0,0.6689,0.9289,0.4361,1.216,1
BA_PYR1_1212,LCAM,nonbinder,0,1,0,0.6877,0.92765,0.2429,0.807,4
BA_PYR1_1213,LCA3S,nonbinder,0,0,0,0.8607,0.9498,0.0702,0.933,0
BA_PYR1_1213,LCAM,nonbinder,0,1,0,0.74575,0.9489,0.18765,0.8265,4
BA_PYR1_1214,LCA3S,nonbinder,0,1,0,0.5732,0.9539,0.7099,1.825,1
BA_PYR1_1214,LCAM,nonbinder,0,1,1,0.8022,0.9653,0.5922,1.264,1
BA_PYR1_1215,LCA3S,nonbinder,0,1,0,0.6379,0.9277,0.2693,0.754,3
BA_PYR1_1215,LCAM,nonbinder,0,1,0,0.5458,0.9209,0.854,2.096,3
BA_PYR1_1216,LCA3S,nonbinder,0,1,0,0.72455,0.9555,0.43675,1.3355,4
BA_PYR1_1216,LCAM,nonbinder,0,1,0,0.5681,0.9424,0.4815,0.5005,2
BA_PYR1_1217,LCA3S,nonbinder,0,1,0,0.64295,0.9506,0.2929,1.009,4
BA_PYR1_1217,LCAM,nonbinder,0,1,0,0.6963,0.9463,0.0461,0.512,1
BA_PYR1_1218,LCA3S,nonbinder,0,1,0,0.6585,0.9468,0.3208,0.608,3
BA_PYR1_1218,LCAM,nonbinder,0,1,0,0.6726,0.9432,0.5051,1.055,5
BA_PYR1_1219,LCA3S,nonbinder,0,1,0,0.7346,0.963,0.2295,0.871,3
BA_PYR1_1219,LCAM,nonbinder,0,1,0,0.6998,0.9473,0.4782,0.711,5
BA_PYR1_1220,LCA3S,nonbinder,0,1,0,0.6494,0.9468,0.3836,0.997,5
BA_PYR1_1220,LCAM,nonbinder,0,1,0,0.6379,0.9451,0.1034,0.892,1
BA_PYR1_1221,LCA3S,nonbinder,0,0,0,0.7163,0.9378,0.3981,0.985,0
BA_PYR1_1221,LCAM,nonbinder,0,1,0,0.7396,0.9251,0.1786,4.495,5
BA_PYR1_1222,LCA3S,nonbinder,0,1,0,0.7335,0.9408,0.488,1.01,3
BA_PYR1_1222,LCAM,nonbinder,0,1,0,0.55335,0.93355,0.7423,2.398,4
BA_PYR1_1223,LCA3S,nonbinder,0,1,0,0.762,0.9571,0.44555,1.132,4
BA_PYR1_1223,LCAM,nonbinder,0,1,0,0.6259,0.9575,0.506,1.323,5
BA_PYR1_1224,LCA3S,nonbinder,0,1,0,0.6592,0.9421,0.4794,1.296,5
BA_PYR1_1224,LCAM,nonbinder,0,1,0,0.5449,0.9343,0.5806,3.206,3
BA_PYR1_1226,LCA3S,nonbinder,0,1,0,0.7599,0.9522,0.0574,0.788,3
BA_PYR1_1226,LCAM,nonbinder,0,1,0,0.66005,0.9456,0.38435,0.9885,4
BA_PYR1_1227,LCA3S,nonbinder,0,1,1,0.846,0.9645,0.306,0.696,3
BA_PYR1_1227,LCAM,nonbinder,0,1,1,0.8077,0.9566,0.3351,0.554,5
BA_PYR1_1228,LCA3S,nonbinder,0,1,0,0.5969,0.9119,0.3048,0.752,3
BA_PYR1_1228,LCAM,nonbinder,0,1,0,0.696,0.9042,0.444,1.814,5
BA_PYR1_1229,LCA3S,nonbinder,0,1,0,0.5894,0.9112,0.2528,0.826,5
BA_PYR1_1229,LCAM,nonbinder,0,1,0,0.6142,0.9102,0.5072,1.547,5
BA_PYR1_1230,LCA3S,nonbinder,0,1,0,0.64975,0.94075,0.26145,1.1,4
BA_PYR1_1230,LCAM,nonbinder,0,1,0,0.54695,0.9309,0.9181,2.6285,2
BA_PYR1_1231,LCA3S,nonbinder,0,1,0,0.6874,0.9441,0.12495,0.9395,2
BA_PYR1_1231,LCAM,nonbinder,0,1,0,0.7206,0.9405,0.32415,0.8925,4
BA_PYR1_1232,LCA3S,nonbinder,0,1,0,0.5275,0.9409,0.30495,4.029,2
BA_PYR1_1232,LCAM,nonbinder,0,1,0,0.6189,0.9466,0.4309,1.021,3
BA_PYR1_1233,LCA3S,nonbinder,0,1,0,0.6414,0.9317,0.0332,0.718,5
BA_PYR1_1233,LCAM,nonbinder,0,1,0,0.7002,0.9247,0.6761,1.979,5
BA_PYR1_1234,LCA3S,nonbinder,0,1,0,0.5056,0.9243,0.44325,0.969,4
BA_PYR1_1234,LCAM,nonbinder,0,1,0,0.5121,0.9157,0.9042,3.118,5
BA_PYR1_1235,LCA3S,nonbinder,0,1,0,0.5631,0.9222,0.1316,0.853,5
BA_PYR1_1235,LCAM,nonbinder,0,1,0,0.5172,0.91755,0.5707,1.5885,4
BA_PYR1_1236,LCA3S,nonbinder,0,1,0,0.588,0.9351,0.2977,0.7575,4
BA_PYR1_1236,LCAM,nonbinder,0,1,0,0.6562,0.9264,0.832,2.482,5
BA_PYR1_1237,LCA3S,nonbinder,0,1,0,0.5654,0.933,0.3293,1.067,5
BA_PYR1_1237,LCAM,nonbinder,0,1,0,0.5868,0.9343,0.3392,1.163,4
BA_PYR1_1238,LCA3S,nonbinder,0,1,0,0.57065,0.9318,0.31965,0.9945,4
BA_PYR1_1238,LCAM,nonbinder,0,1,0,0.56375,0.92455,0.6257,2.153,4
BA_PYR1_1239,LCA3S,nonbinder,0,1,0,0.6097,0.9339,0.7476,1.942,5
BA_PYR1_1239,LCAM,nonbinder,0,1,0,0.691,0.9232,0.5817,1.996,3
BA_PYR1_1240,LCA3S,nonbinder,0,1,0,0.6302,0.9385,0.195,1.04,5
BA_PYR1_1240,LCAM,nonbinder,0,1,0,0.6014,0.9364,0.4855,0.985,5
BA_PYR1_1241,LCA3S,nonbinder,0,1,0,0.7143,0.95285,0.25725,0.4835,2
BA_PYR1_1241,LCAM,nonbinder,0,1,0,0.76295,0.95715,0.40845,1.067,4
BA_PYR1_1242,LCA3S,nonbinder,0,1,0,0.72085,0.94765,0.2198,0.44,4
BA_PYR1_1242,LCAM,nonbinder,0,1,0,0.75225,0.9428,0.91735,2.587,2
BA_PYR1_1243,LCA3S,nonbinder,0,1,0,0.7045,0.9428,0.3226,0.922,1
BA_PYR1_1243,LCAM,nonbinder,0,1,0,0.6967,0.9462,0.4572,1.678,5
BA_PYR1_1244,LCA3S,nonbinder,0,1,0,0.5521,0.9356,0.9531,2.827,1
BA_PYR1_1244,LCAM,nonbinder,0,1,0,0.5501,0.9344,0.5163,1.859,5
BA_PYR1_1245,LCA3S,nonbinder,0,0,0,0.6507,0.9498,0.0539,0.977,0
BA_PYR1_1245,LCAM,nonbinder,0,1,0,0.7176,0.9512,0.4519,0.797,5
BA_PYR1_1246,LCA3S,nonbinder,0,1,0,0.6933,0.9594,0.4273,2.1,3
BA_PYR1_1246,LCAM,nonbinder,0,1,0,0.659,0.9545,0.5466,0.981,1
BA_PYR1_1247,LCA3S,nonbinder,0,1,0,0.6046,0.9412,0.1408,10.483,3
BA_PYR1_1247,LCAM,nonbinder,0,1,0,0.6045,0.9468,0.2998,0.912,3
BA_PYR1_1248,LCA3S,nonbinder,0,1,0,0.6353,0.92775,0.4638,1.2495,4
BA_PYR1_1248,LCAM,nonbinder,0,1,0,0.5438,0.9179,0.7965,3.416,3
BA_PYR1_1249,LCA3S,nonbinder,0,1,0,0.5998,0.9302,0.3191,1.204,5
BA_PYR1_1249,LCAM,nonbinder,0,1,0,0.5383,0.9102,0.9637,2.963,3
BA_PYR1_1250,LCA3S,nonbinder,0,1,0,0.53565,0.93405,0.0732,0.6525,4
BA_PYR1_1250,LCAM,nonbinder,0,1,0,0.5844,0.9376,0.5155,0.631,3
BA_PYR1_1251,LCA3S,LCA binder,0,0,0,0.9541,0.9779,0.4036,0.422,0
BA_PYR1_1251,LCAM,LCA binder,1,1,1,0.9035,0.9706,0.4797,3.375,3
BA_PYR1_1253,LCA3S,nonbinder,0,1,0,0.8519,0.9536,0.5038,0.874,5
BA_PYR1_1253,LCAM,nonbinder,0,1,0,0.8283,0.9431,0.825,2.858,5
BA_PYR1_1254,LCA3S,both binder,1,1,1,0.8815,0.968,0.2976,0.371,5
BA_PYR1_1254,LCAM,both binder,1,1,1,0.8733,0.9599,0.8038,1.974,5
BA_PYR1_1255,LCA3S,LCA3S binder,1,1,1,0.7863,0.9596,0.1313,0.666,3
BA_PYR1_1255,LCAM,LCA3S binder,0,1,1,0.8423,0.9617,0.6544,1.855,5
BA_PYR1_1256,LCA3S,both binder,1,1,1,0.8718,0.9657,0.0314,0.699,5
BA_PYR1_1256,LCAM,both binder,1,1,1,0.8884,0.9635,0.7342,1.827,5
BA_PYR1_1257,LCA3S,nonbinder,0,0,0,0.9195,0.9535,0.0504,0.739,0
BA_PYR1_1257,LCAM,nonbinder,0,1,0,0.822,0.9393,0.5977,3.249,1
BA_PYR1_1258,LCA3S,nonbinder,0,1,0,0.7608,0.9427,0.1118,0.608,1
BA_PYR1_1258,LCAM,nonbinder,0,0,0,0.8788,0.933,0.7764,2.481,0
BA_PYR1_1259,LCA3S,nonbinder,0,0,0,0.9209,0.9675,0.0389,0.646,0
BA_PYR1_1259,LCAM,nonbinder,0,1,0,0.8446,0.9599,0.6187,3.038,3
BA_PYR1_1260,LCA3S,nonbinder,0,0,0,0.8112,0.9598,0.1041,0.603,0
BA_PYR1_1260,LCAM,nonbinder,0,1,0,0.8021,0.9564,0.2219,4.502,5
BA_PYR1_1261,LCA3S,nonbinder,0,1,0,0.902,0.9619,0.2666,1.168,5
BA_PYR1_1261,LCAM,nonbinder,0,1,0,0.8311,0.943,0.6233,3.921,5
BA_PYR1_1262,LCA3S,nonbinder,0,1,0,0.79535,0.9603,0.321,2.8855,2
BA_PYR1_1262,LCAM,nonbinder,0,1,0,0.728,0.9426,0.17925,5.23,4
BA_PYR1_1263,LCA3S,nonbinder,0,1,0,0.7419,0.9382,0.2181,1.004,5
BA_PYR1_1263,LCAM,nonbinder,0,1,0,0.6923,0.9271,0.4455,5.04,3
BA_PYR1_1264,LCA3S,nonbinder,0,1,1,0.8765,0.9584,0.2561,1.162,5
BA_PYR1_1264,LCAM,nonbinder,0,1,1,0.8637,0.95,0.6693,2.48,5
BA_PYR1_1265,LCA3S,nonbinder,0,1,0,0.7822,0.9438,0.1507,0.991,5
BA_PYR1_1265,LCAM,nonbinder,0,1,0,0.7593,0.9352,0.7635,2.559,5
BA_PYR1_1266,LCA3S,nonbinder,0,1,0,0.7327,0.9379,0.575,1.823,5
BA_PYR1_1266,LCAM,nonbinder,0,1,0,0.6589,0.9142,0.4637,5.689,5
BA_PYR1_1268,LCA3S,nonbinder,0,1,0,0.6975,0.944,0.6999,1.856,3
BA_PYR1_1268,LCAM,nonbinder,0,1,0,0.47155,0.9279,0.44585,4.615,4
BA_PYR1_1269,LCA3S,nonbinder,0,1,0,0.80855,0.94965,0.36145,1.354,4
BA_PYR1_1269,LCAM,nonbinder,0,1,0,0.5424,0.9338,0.6999,3.491,5
BA_PYR1_1270,LCA3S,nonbinder,0,1,0,0.7622,0.9523,0.475,1.287,5
BA_PYR1_1270,LCAM,nonbinder,0,1,0,0.6985,0.942,0.5899,3.644,5
BA_PYR1_1273,LCA3S,nonbinder,0,1,0,0.81845,0.9617,0.66315,1.659,4
BA_PYR1_1273,LCAM,nonbinder,0,1,0,0.591,0.9391,0.4618,1.55,5
BA_PYR1_1274,LCA3S,nonbinder,0,1,0,0.91145,0.9667,0.70425,1.6635,4
BA_PYR1_1274,LCAM,nonbinder,0,1,0,0.7445,0.9488,0.5956,4.116,5
BA_PYR1_1275,LCA3S,nonbinder,0,1,0,0.8798,0.9656,0.5742,1.388,1
BA_PYR1_1275,LCAM,nonbinder,0,1,0,0.7088,0.948,0.5716,4.184,5
BA_PYR1_1276,LCA3S,nonbinder,0,1,0,0.82505,0.9545,0.4472,1.8165,4
BA_PYR1_1276,LCAM,nonbinder,0,1,0,0.8232,0.944,0.6712,3.432,5
BA_PYR1_1277,LCA3S,nonbinder,0,1,1,0.83415,0.95275,0.18035,0.747,4
BA_PYR1_1277,LCAM,nonbinder,0,1,0,0.7986,0.9422,0.7641,2.148,5
BA_PYR1_1278,LCA3S,nonbinder,0,0,0,0.9231,0.9624,0.1204,1.018,0
BA_PYR1_1278,LCAM,nonbinder,0,1,1,0.8947,0.9543,0.7876,3.07,5
BA_PYR1_1279,LCA3S,nonbinder,0,1,0,0.6866,0.9474,0.6172,1.527,5
BA_PYR1_1279,LCAM,nonbinder,0,1,0,0.733,0.93935,0.35415,0.9365,4
BA_PYR1_1280,LCA3S,nonbinder,0,1,0,0.803,0.9523,0.5779,1.358,3
BA_PYR1_1280,LCAM,nonbinder,0,1,0,0.6949,0.9382,0.4562,5.669,5
BA_PYR1_1281,LCA3S,nonbinder,0,1,0,0.864,0.9582,0.3795,0.998,5
BA_PYR1_1281,LCAM,nonbinder,0,1,0,0.804,0.9455,0.6121,3.632,5
BA_PYR1_1282,LCA3S,nonbinder,0,1,0,0.8666,0.9511,0.4835,1.446,5
BA_PYR1_1282,LCAM,nonbinder,0,1,0,0.86095,0.93815,0.4971,4.9285,4
BA_PYR1_1283,LCA3S,nonbinder,0,1,0,0.6502,0.94885,0.61605,1.7585,4
BA_PYR1_1283,LCAM,nonbinder,0,1,0,0.5794,0.9342,0.4943,7.861,5
BA_PYR1_1284,LCA3S,nonbinder,0,1,0,0.78925,0.9562,0.35345,1.0965,2
BA_PYR1_1284,LCAM,nonbinder,0,1,0,0.85465,0.9461,0.4504,4.839,4
BA_PYR1_1285,LCA3S,nonbinder,0,1,0,0.7015,0.9408,0.7196,1.918,5
BA_PYR1_1285,LCAM,nonbinder,0,1,0,0.4763,0.9262,0.4703,4.822,5
BA_PYR1_1286,LCA3S,nonbinder,0,1,0,0.7599,0.94465,0.57915,1.4005,4
BA_PYR1_1286,LCAM,nonbinder,0,1,0,0.6639,0.9338,0.4776,4.789,5
BA_PYR1_1287,LCA3S,nonbinder,0,1,0,0.6821,0.9423,0.5369,1.138,5
BA_PYR1_1287,LCAM,nonbinder,0,1,0,0.5548,0.926,0.49855,4.7865,4
BA_PYR1_1288,LCA3S,nonbinder,0,1,1,0.8926,0.9724,0.14965,0.8195,4
BA_PYR1_1288,LCAM,nonbinder,0,1,1,0.8394,0.9628,0.8625,2.439,3
BA_PYR1_1290,LCA3S,nonbinder,0,0,0,0.796,0.9587,0.3359,0.821,0
BA_PYR1_1290,LCAM,nonbinder,0,0,0,0.6191,0.9469,0.9076,2.232,0
BA_PYR1_1292,LCA3S,nonbinder,0,0,0,0.8484,0.9612,0.372,1.291,0
BA_PYR1_1292,LCAM,nonbinder,0,1,0,0.7967,0.9535,0.9085,2.427,5
BA_PYR1_1293,LCA3S,nonbinder,0,1,0,0.5823,0.9381,0.7148,1.68,1
BA_PYR1_1293,LCAM,nonbinder,0,1,0,0.4689,0.9135,0.4359,6.771,5
BA_PYR1_1294,LCA3S,nonbinder,0,0,0,0.7653,0.9482,0.0787,0.894,0
BA_PYR1_1294,LCAM,nonbinder,0,1,0,0.6317,0.9267,0.4774,7.507,5
BA_PYR1_1295,LCA3S,nonbinder,0,1,1,0.7946,0.9674,0.3418,0.979,3
BA_PYR1_1295,LCAM,nonbinder,0,1,0,0.8266,0.96155,0.7301,3.0115,4
BA_PYR1_1296,LCA3S,nonbinder,0,0,0,0.6882,0.9467,0.0675,0.623,0
BA_PYR1_1296,LCAM,nonbinder,0,1,0,0.766,0.945,0.5785,2.857,3
BA_PYR1_1297,LCA3S,nonbinder,0,1,0,0.7285,0.9635,0.2847,1.674,1
BA_PYR1_1297,LCAM,nonbinder,0,1,0,0.833,0.9587,0.7364,3.338,5
BA_PYR1_1298,LCA3S,nonbinder,0,1,0,0.70185,0.96335,0.28165,1.2645,2
BA_PYR1_1298,LCAM,nonbinder,0,1,0,0.8065,0.9611,0.71315,2.7785,4
BA_PYR1_1299,LCA3S,nonbinder,0,0,0,0.9099,0.9652,0.3004,0.888,0
BA_PYR1_1299,LCAM,nonbinder,0,1,1,0.9087,0.9582,0.5322,4.008,5
BA_PYR1_1300,LCA3S,nonbinder,0,1,1,0.9163,0.9678,0.3495,1.738,3
BA_PYR1_1300,LCAM,nonbinder,0,0,0,0.8846,0.9486,0.8791,2.872,0
BA_PYR1_1301,LCA3S,nonbinder,0,0,0,0.8937,0.9705,0.1498,0.922,0
BA_PYR1_1301,LCAM,nonbinder,0,1,0,0.6379,0.9465,0.5056,0.757,5
BA_PYR1_1302,LCA3S,nonbinder,0,0,0,0.9011,0.954,0.0976,0.8,0
BA_PYR1_1302,LCAM,nonbinder,0,1,0,0.8182,0.9384,0.4861,4.058,1
BA_PYR1_1303,LCA3S,nonbinder,0,0,0,0.9237,0.9621,0.0391,0.469,0
BA_PYR1_1303,LCAM,nonbinder,0,0,0,0.8877,0.9481,0.6992,2.071,0
BA_PYR1_1304,LCA3S,nonbinder,0,0,0,0.9357,0.9644,0.3341,1.086,0
BA_PYR1_1304,LCAM,nonbinder,0,1,0,0.93285,0.95055,0.2054,3.97,2
BA_PYR1_1305,LCA3S,nonbinder,0,0,0,0.9175,0.9673,0.2088,0.814,0
BA_PYR1_1305,LCAM,nonbinder,0,1,0,0.9049,0.9546,0.6948,3.308,3
BA_PYR1_1306,LCA3S,nonbinder,0,0,0,0.8762,0.9575,0.3836,1.185,0
BA_PYR1_1306,LCAM,nonbinder,0,1,0,0.9,0.9464,0.5045,3.987,5
BA_PYR1_1307,LCA3S,nonbinder,0,0,0,0.952,0.9657,0.1613,0.634,0
BA_PYR1_1307,LCAM,nonbinder,0,0,0,0.9113,0.9454,0.7771,2.13,0
BA_PYR1_1308,LCA3S,nonbinder,0,0,0,0.8555,0.9572,0.0902,0.905,0
BA_PYR1_1308,LCAM,nonbinder,0,0,0,0.8689,0.9465,0.6771,3.007,0
BA_PYR1_1309,LCA3S,nonbinder,0,0,0,0.9216,0.9627,0.0614,0.993,0
BA_PYR1_1309,LCAM,nonbinder,0,1,0,0.8536,0.9379,0.7118,3.589,1
BA_PYR1_1310,LCA3S,nonbinder,0,0,0,0.9426,0.9654,0.0379,0.694,0
BA_PYR1_1310,LCAM,nonbinder,0,0,0,0.8867,0.9537,0.6535,2.073,0
BA_PYR1_1311,LCA3S,nonbinder,0,0,0,0.5857,0.9428,0.3753,1.176,0
BA_PYR1_1311,LCAM,nonbinder,0,1,0,0.7915,0.9452,0.1577,4.554,5
BA_PYR1_1312,LCA3S,nonbinder,0,0,0,0.8379,0.9552,0.2129,1.081,0
BA_PYR1_1312,LCAM,nonbinder,0,1,0,0.86175,0.94095,0.29535,4.5685,4
BA_PYR1_1313,LCA3S,nonbinder,0,1,0,0.8168,0.9508,0.6378,1.581,1
BA_PYR1_1313,LCAM,nonbinder,0,1,0,0.5901,0.93165,0.87035,2.653,2
BA_PYR1_1314,LCA3S,nonbinder,0,1,0,0.7016,0.9461,0.5552,1.423,5
BA_PYR1_1314,LCAM,nonbinder,0,1,0,0.5283,0.9235,0.4621,5.221,5
BA_PYR1_1315,LCA3S,nonbinder,0,1,0,0.7476,0.9486,0.3207,1.34,3
BA_PYR1_1315,LCAM,nonbinder,0,1,0,0.5469,0.9263,0.3726,4.985,5
BA_PYR1_1316,LCA3S,nonbinder,0,1,0,0.7278,0.9569,0.4685,0.859,1
BA_PYR1_1316,LCAM,nonbinder,0,1,0,0.5869,0.927,0.361,5.504,5
BA_PYR1_1317,LCA3S,nonbinder,0,1,0,0.63145,0.9462,0.30365,1.3475,2
BA_PYR1_1317,LCAM,nonbinder,0,1,0,0.4645,0.9265,0.5741,2.267,5
BA_PYR1_1318,LCA3S,nonbinder,0,0,0,0.8878,0.9579,0.3269,0.915,0
BA_PYR1_1318,LCAM,nonbinder,0,1,0,0.7873,0.9327,0.1345,4.629,3
BA_PYR1_1319,LCA3S,nonbinder,0,1,0,0.7689,0.9439,0.5413,1.171,1
BA_PYR1_1319,LCAM,nonbinder,0,1,0,0.57075,0.928,0.6536,3.79,4
BA_PYR1_1322,LCA3S,nonbinder,0,0,0,0.6711,0.9409,0.1133,0.966,0
BA_PYR1_1322,LCAM,nonbinder,0,1,0,0.6138,0.9271,0.716,2.673,5
BA_PYR1_1323,LCA3S,nonbinder,0,1,0,0.7363,0.9326,0.1501,0.858,5
BA_PYR1_1323,LCAM,nonbinder,0,1,0,0.6716,0.9131,0.6678,2.074,3
BA_PYR1_1324,LCA3S,nonbinder,0,1,0,0.86685,0.95415,0.19,0.62,2
BA_PYR1_1324,LCAM,nonbinder,0,1,0,0.7852,0.9375,0.7465,2.117,1
BA_PYR1_1328,LCA3S,LCA binder,0,1,1,0.8376,0.964,0.3928,1.044,5
BA_PYR1_1328,LCAM,LCA binder,1,1,1,0.8135,0.96105,0.4962,2.633,4
BA_PYR1_1329,LCA3S,both binder,1,1,1,0.8734,0.9644,0.1341,0.602,5
BA_PYR1_1329,LCAM,both binder,1,1,1,0.8623,0.962,0.7017,1.882,5
BA_PYR1_1330,LCA3S,both binder,1,1,1,0.8498,0.9662,0.0657,0.717,5
BA_PYR1_1330,LCAM,both binder,1,1,1,0.8814,0.9607,0.712,1.763,5
BA_PYR1_1331,LCA3S,nonbinder,0,1,0,0.9061,0.9645,0.2419,1.366,5
BA_PYR1_1331,LCAM,nonbinder,0,1,0,0.7149,0.9482,0.3802,0.973,3
BA_PYR1_1332,LCA3S,nonbinder,0,1,0,0.6494,0.946,0.2114,1.429,3
BA_PYR1_1332,LCAM,nonbinder,0,1,0,0.5131,0.9315,0.0744,1.128,3
BA_PYR1_1333,LCA3S,nonbinder,0,1,0,0.79575,0.9475,0.4082,1.1535,4
BA_PYR1_1333,LCAM,nonbinder,0,1,0,0.5456,0.9342,0.8608,3.02,5
BA_PYR1_1335,LCA3S,nonbinder,0,1,1,0.79885,0.9614,0.19595,1.3015,4
BA_PYR1_1335,LCAM,nonbinder,0,1,0,0.5124,0.9481,0.4262,0.844,5
BA_PYR1_1336,LCA3S,nonbinder,0,1,0,0.92005,0.96525,0.48185,1.3055,4
BA_PYR1_1336,LCAM,nonbinder,0,1,0,0.7071,0.9485,0.6015,3.9,5
BA_PYR1_1337,LCA3S,nonbinder,0,1,1,0.8316,0.9571,0.1421,0.582,4
BA_PYR1_1337,LCAM,nonbinder,0,1,0,0.7855,0.9465,0.7108,2.1355,4
BA_PYR1_1338,LCA3S,nonbinder,0,1,0,0.8337,0.955,0.6039,1.646,5
BA_PYR1_1338,LCAM,nonbinder,0,1,0,0.7038,0.9288,0.5532,1.389,5
BA_PYR1_1339,LCA3S,nonbinder,0,1,0,0.8462,0.95715,0.48245,1.083,2
BA_PYR1_1339,LCAM,nonbinder,0,1,0,0.69925,0.93485,0.2752,5.353,4
BA_PYR1_1340,LCA3S,nonbinder,0,1,0,0.6977,0.9433,0.3718,1.237,5
BA_PYR1_1340,LCAM,nonbinder,0,1,0,0.4971,0.92425,0.49945,6.2715,4
BA_PYR1_1341,LCA3S,nonbinder,0,1,0,0.838,0.9524,0.552,1.277,5
BA_PYR1_1341,LCAM,nonbinder,0,1,0,0.6002,0.9308,0.7442,3.519,5
BA_PYR1_1342,LCA3S,nonbinder,0,1,0,0.6718,0.93225,0.4387,1.2715,2
BA_PYR1_1342,LCAM,nonbinder,0,1,0,0.5969,0.9219,0.3549,8.344,1
BA_PYR1_1343,LCA3S,nonbinder,0,1,0,0.8195,0.9585,0.2351,1.038,3
BA_PYR1_1343,LCAM,nonbinder,0,1,0,0.8384,0.944,0.7252,2.883,5
BA_PYR1_1344,LCA3S,nonbinder,0,0,0,0.7593,0.9536,0.2942,0.523,0
BA_PYR1_1344,LCAM,nonbinder,0,1,1,0.8624,0.9455,0.82875,2.7685,4
BA_PYR1_1345,LCA3S,nonbinder,0,0,0,0.7753,0.9639,0.8558,2.24,0
BA_PYR1_1345,LCAM,nonbinder,0,1,0,0.5781,0.93845,0.46195,6.074,4
BA_PYR1_1346,LCA3S,nonbinder,0,0,0,0.8514,0.9537,0.7518,3.345,0
BA_PYR1_1346,LCAM,nonbinder,0,1,0,0.79835,0.9405,0.4866,5.8335,4
BA_PYR1_1347,LCA3S,nonbinder,0,1,1,0.9234,0.9648,0.2711,1.376,5
BA_PYR1_1347,LCAM,nonbinder,0,1,0,0.8163,0.9469,0.4446,4.057,5
BA_PYR1_1348,LCA3S,nonbinder,0,1,0,0.7434,0.9523,0.4016,1.386,3
BA_PYR1_1348,LCAM,nonbinder,0,1,0,0.5833,0.9339,0.4768,3.705,5
BA_PYR1_1349,LCA3S,nonbinder,0,1,1,0.8818,0.97155,0.0968,0.784,2
BA_PYR1_1349,LCAM,nonbinder,0,1,1,0.84725,0.9678,0.9529,2.366,4
BA_PYR1_1350,LCA3S,nonbinder,0,1,0,0.8545,0.9596,0.229,1.038,1
BA_PYR1_1350,LCAM,nonbinder,0,1,0,0.763,0.9546,0.9454,2.695,5
BA_PYR1_1351,LCA3S,nonbinder,0,1,0,0.69165,0.96075,0.45425,1.466,4
BA_PYR1_1351,LCAM,nonbinder,0,1,0,0.7721,0.9562,0.5991,3.424,5
BA_PYR1_1352,LCA3S,nonbinder,0,0,0,0.5848,0.9489,0.4322,1.41,0
BA_PYR1_1352,LCAM,nonbinder,0,1,0,0.78905,0.95215,0.23275,4.708,4
BA_PYR1_1353,LCA3S,nonbinder,0,1,1,0.9095,0.9656,0.4664,1.053,5
BA_PYR1_1353,LCAM,nonbinder,0,1,0,0.8814,0.9459,0.34,4.564,5
BA_PYR1_1354,LCA3S,nonbinder,0,0,0,0.9345,0.9693,0.1427,1.119,0
BA_PYR1_1354,LCAM,nonbinder,0,1,0,0.7806,0.95,0.7072,2.417,3
BA_PYR1_1355,LCA3S,nonbinder,0,0,0,0.8353,0.9562,0.4311,1.215,0
BA_PYR1_1355,LCAM,nonbinder,0,0,0,0.8681,0.949,0.7029,3.139,0
BA_PYR1_1356,LCA3S,nonbinder,0,0,0,0.9374,0.963,0.0369,0.797,0
BA_PYR1_1356,LCAM,nonbinder,0,1,1,0.8812,0.954,0.5512,2.396,1
BA_PYR1_1357,LCA3S,nonbinder,0,0,0,0.8781,0.9724,0.8704,2.098,0
BA_PYR1_1357,LCAM,nonbinder,0,1,0,0.6878,0.953,0.3167,6.102,5
BA_PYR1_1358,LCA3S,nonbinder,0,1,0,0.5652,0.9403,0.7003,2.104,1
BA_PYR1_1358,LCAM,nonbinder,0,1,0,0.7231,0.947,0.2837,4.592,5
BA_PYR1_1359,LCA3S,nonbinder,0,1,0,0.6127,0.9545,0.3066,1.253,3
BA_PYR1_1359,LCAM,nonbinder,0,1,0,0.5804,0.9507,0.2571,0.53,3
BA_PYR1_1360,LCA3S,nonbinder,0,1,0,0.6174,0.9481,0.1773,8.888,3
BA_PYR1_1360,LCAM,nonbinder,0,1,0,0.5714,0.94845,0.2391,0.587,4
BA_PYR1_1361,LCA3S,nonbinder,0,1,0,0.67595,0.9436,0.5837,1.703,4
BA_PYR1_1361,LCAM,nonbinder,0,1,0,0.4739,0.9283,0.4839,6.074,5
BA_PYR1_1368,LCA3S,nonbinder,0,0,0,0.9465,0.9611,0.1052,0.568,0
BA_PYR1_1368,LCAM,nonbinder,0,1,0,0.8998,0.9479,0.716,3.105,3
BA_PYR1_1369,LCA3S,nonbinder,0,1,0,0.7762,0.9609,0.8005,3.507,5
BA_PYR1_1369,LCAM,nonbinder,0,1,0,0.58565,0.9454,0.6307,1.738,4
BA_PYR1_1370,LCA3S,nonbinder,0,1,0,0.8643,0.9557,0.1613,1.025,5
BA_PYR1_1370,LCAM,nonbinder,0,1,0,0.5054,0.9317,0.5814,1.178,5
BA_PYR1_1371,LCA3S,nonbinder,0,1,0,0.8644,0.9583,0.4502,1,5
BA_PYR1_1371,LCAM,nonbinder,0,1,0,0.5125,0.9407,0.3666,1.553,3
BA_PYR1_1372,LCA3S,nonbinder,0,0,0,0.925,0.9648,0.1092,0.906,0
BA_PYR1_1372,LCAM,nonbinder,0,0,0,0.8173,0.9586,0.4668,0.951,0
BA_PYR1_1375,LCA3S,both binder,1,1,1,0.84895,0.96905,0.41185,1.3145,4
BA_PYR1_1375,LCAM,both binder,1,1,1,0.6456,0.95915,0.9707,2.79,4
BA_PYR1_1377,LCA3S,nonbinder,0,1,0,0.7633,0.9634,0.1012,0.974,1
BA_PYR1_1377,LCAM,nonbinder,0,1,0,0.7216,0.956,0.532,1.907,3
BA_PYR1_1378,LCA3S,nonbinder,0,0,0,0.7586,0.9561,0.2474,0.892,0
BA_PYR1_1378,LCAM,nonbinder,0,0,0,0.7433,0.9512,0.5447,1.855,0
BA_PYR1_1381,LCA3S,LCA3S binder,1,0,0,0.8105,0.9668,0.3378,0.59,0
BA_PYR1_1381,LCAM,LCA3S binder,0,1,0,0.5931,0.9545,0.1817,0.676,5
BA_PYR1_1382,LCA3S,nonbinder,0,0,0,0.9179,0.9723,0.0872,0.474,0
BA_PYR1_1382,LCAM,nonbinder,0,0,0,0.8094,0.9642,0.4797,0.744,0
BA_PYR1_1383,LCA3S,nonbinder,0,0,0,0.7838,0.9695,0.3745,1.095,0
BA_PYR1_1383,LCAM,nonbinder,0,1,0,0.7231,0.9541,0.5506,0.997,1
BA_PYR1_1384,LCA3S,both binder,1,1,1,0.8517,0.9672,0.2867,1.092,5
BA_PYR1_1384,LCAM,both binder,1,1,1,0.7925,0.96255,0.7659,1.878,4
BA_PYR1_1386,LCA3S,both binder,1,1,1,0.9083,0.9672,0.4847,0.401,5
BA_PYR1_1386,LCAM,both binder,1,1,1,0.8895,0.9594,0.7779,1.957,5
BA_PYR1_1388,LCA3S,both binder,1,1,1,0.8483,0.9651,0.1102,0.576,5
BA_PYR1_1388,LCAM,both binder,1,1,1,0.8619,0.96,0.8253,1.959,5
BA_PYR1_1391,LCA3S,LCA binder,0,1,1,0.875,0.965,0.044,0.812,5
BA_PYR1_1391,LCAM,LCA binder,1,1,1,0.8575,0.9562,0.9821,2.733,5
BA_PYR1_1392,LCA3S,LCA binder,0,1,1,0.8799,0.9666,0.2171,0.634,5
BA_PYR1_1392,LCAM,LCA binder,1,1,1,0.8523,0.9583,0.9484,2.775,5
BA_PYR1_1394,LCA3S,nonbinder,0,1,0,0.8909,0.9606,0.175,1.294,5
BA_PYR1_1394,LCAM,nonbinder,0,1,0,0.55245,0.9355,0.3013,0.9405,2
BA_PYR1_1395,LCA3S,nonbinder,0,0,0,0.9405,0.9623,0.0869,0.702,0
BA_PYR1_1395,LCAM,nonbinder,0,1,0,0.9059,0.9465,0.3977,4.052,3
BA_PYR1_1396,LCA3S,nonbinder,0,0,0,0.9355,0.9604,0.1884,0.521,0
BA_PYR1_1396,LCAM,nonbinder,0,1,0,0.8856,0.9439,0.302,3.925,3
BA_PYR1_1397,LCA3S,nonbinder,0,1,1,0.90005,0.9654,0.1516,0.8355,4
BA_PYR1_1397,LCAM,nonbinder,0,1,0,0.8194,0.9573,0.7081,2.191,5
BA_PYR1_1398,LCA3S,nonbinder,0,0,0,0.9491,0.9637,0.0471,0.692,0
BA_PYR1_1398,LCAM,nonbinder,0,1,0,0.8779,0.9552,0.3983,3.419,1
BA_PYR1_1399,LCA3S,nonbinder,0,0,0,0.7933,0.9616,0.2992,1.2,0
BA_PYR1_1399,LCAM,nonbinder,0,1,0,0.7679,0.9495,0.1914,4.499,5
BA_PYR1_1400,LCA3S,nonbinder,0,1,0,0.57855,0.9421,0.39925,0.9615,4
BA_PYR1_1400,LCAM,nonbinder,0,1,0,0.5886,0.9409,0.5126,1.034,5
BA_PYR1_1401,LCA3S,nonbinder,0,1,0,0.7535,0.9532,0.2692,0.476,1
BA_PYR1_1401,LCAM,nonbinder,0,1,0,0.5879,0.9315,0.1053,4.792,5
BA_PYR1_1403,LCA3S,nonbinder,0,1,0,0.732,0.9524,0.258,0.574,1
BA_PYR1_1403,LCAM,nonbinder,0,1,0,0.6348,0.9414,0.1602,0.459,5
BA_PYR1_1404,LCA3S,nonbinder,0,1,0,0.7804,0.9577,0.7666,1.886,5
BA_PYR1_1404,LCAM,nonbinder,0,1,0,0.6477,0.9453,0.8801,3.265,5
BA_PYR1_1405,LCA3S,nonbinder,0,1,0,0.7284,0.9324,0.2104,1.015,5
BA_PYR1_1405,LCAM,nonbinder,0,1,0,0.6785,0.9208,0.7246,2.339,5
BA_PYR1_1406,LCA3S,nonbinder,0,1,0,0.7543,0.9435,0.1469,1.035,5
BA_PYR1_1406,LCAM,nonbinder,0,1,0,0.6849,0.9339,0.6837,2.325,5
BA_PYR1_1407,LCA3S,nonbinder,0,1,0,0.6757,0.9472,0.22,1.119,5
BA_PYR1_1407,LCAM,nonbinder,0,1,0,0.5063,0.9279,0.4441,0.6245,4
BA_PYR1_1408,LCA3S,nonbinder,0,1,1,0.85135,0.9696,0.4839,0.9355,2
BA_PYR1_1408,LCAM,nonbinder,0,1,0,0.721,0.9657,0.8097,2.679,3
BA_PYR1_1409,LCA3S,nonbinder,0,1,0,0.55155,0.9472,0.665,2.0245,4
BA_PYR1_1409,LCAM,nonbinder,0,1,0,0.5228,0.9332,0.1904,5.133,5
BA_PYR1_1410,LCA3S,nonbinder,0,1,0,0.5896,0.9463,0.0973,1.077,5
BA_PYR1_1410,LCAM,nonbinder,0,1,0,0.51535,0.9345,0.7563,2.6695,4
BA_PYR1_1411,LCA3S,nonbinder,0,1,0,0.72785,0.941,0.39325,1.3255,2
BA_PYR1_1411,LCAM,nonbinder,0,1,0,0.4874,0.9272,0.8135,3.473,5
BA_PYR1_1412,LCA3S,nonbinder,0,1,0,0.68695,0.9475,0.51525,1.329,4
BA_PYR1_1412,LCAM,nonbinder,0,1,0,0.4985,0.93165,0.91945,2.946,4
BA_PYR1_1413,LCA3S,nonbinder,0,1,0,0.5046,0.93945,0.3291,1.362,2
BA_PYR1_1413,LCAM,nonbinder,0,1,0,0.7277,0.9441,0.54415,1.7915,4
BA_PYR1_1414,LCA3S,nonbinder,0,1,0,0.81885,0.94805,0.44835,1.2555,4
BA_PYR1_1414,LCAM,nonbinder,0,1,0,0.5647,0.9341,0.6146,3.501,3
BA_PYR1_1415,LCA3S,nonbinder,0,1,0,0.6332,0.9485,0.7533,1.776,1
BA_PYR1_1415,LCAM,nonbinder,0,1,0,0.57325,0.9413,0.5016,2.933,4
BA_PYR1_1417,LCA3S,nonbinder,0,1,0,0.8655,0.9586,0.6607,1.788,5
BA_PYR1_1417,LCAM,nonbinder,0,1,0,0.6805,0.9355,0.5119,4.873,5
BA_PYR1_1426,LCA3S,nonbinder,0,1,1,0.8448,0.9625,0.1844,1.011,5
BA_PYR1_1426,LCAM,nonbinder,0,1,0,0.6673,0.95295,0.76545,2.5315,4
BA_PYR1_1427,LCA3S,nonbinder,0,1,1,0.8748,0.9634,0.5884,1.682,5
BA_PYR1_1427,LCAM,nonbinder,0,1,0,0.62365,0.9408,0.5392,1.7465,4
BA_PYR1_1428,LCA3S,nonbinder,0,1,0,0.7136,0.95635,0.7352,1.7665,4
BA_PYR1_1428,LCAM,nonbinder,0,1,0,0.55175,0.94125,0.80805,3.4715,4
BA_PYR1_1429,LCA3S,nonbinder,0,0,0,0.8579,0.9672,0.8141,2.189,0
BA_PYR1_1429,LCAM,nonbinder,0,1,0,0.7407,0.9577,0.6207,4.031,3
BA_PYR1_1430,LCA3S,nonbinder,0,1,0,0.8756,0.9533,0.5068,1.152,5
BA_PYR1_1430,LCAM,nonbinder,0,1,0,0.8559,0.9385,0.6131,3.22,3
BA_PYR1_1431,LCA3S,nonbinder,0,1,1,0.9204,0.9641,0.487,1.154,5
BA_PYR1_1431,LCAM,nonbinder,0,1,0,0.887,0.9546,0.6823,2.956,5
BA_PYR1_1432,LCA3S,nonbinder,0,0,0,0.8438,0.966,0.9144,2.531,0
BA_PYR1_1432,LCAM,nonbinder,0,1,0,0.6829,0.95075,0.128,5.4305,2
BA_PYR1_1433,LCA3S,nonbinder,0,1,0,0.7785,0.9507,0.416,0.889,5
BA_PYR1_1433,LCAM,nonbinder,0,1,0,0.80245,0.9436,0.8255,2.4715,4
BA_PYR1_1434,LCA3S,nonbinder,0,1,1,0.8577,0.9564,0.1039,0.808,5
BA_PYR1_1434,LCAM,nonbinder,0,1,0,0.7802,0.9467,0.8084,2.212,5
BA_PYR1_1435,LCA3S,nonbinder,0,0,0,0.7874,0.9576,0.9758,2.592,0
BA_PYR1_1435,LCAM,nonbinder,0,1,0,0.6374,0.9451,0.313,6.039,5
BA_PYR1_1437,LCA3S,nonbinder,0,1,0,0.656,0.9436,0.548,1.485,5
BA_PYR1_1437,LCAM,nonbinder,0,1,0,0.50895,0.9311,0.48575,2.969,2
BA_PYR1_1440,LCA3S,nonbinder,0,1,0,0.7397,0.9562,0.7595,1.872,5
BA_PYR1_1440,LCAM,nonbinder,0,1,0,0.6806,0.9327,0.5359,1.826,3
BA_PYR1_1441,LCA3S,nonbinder,0,1,1,0.8594,0.9485,0.31105,1.1805,4
BA_PYR1_1441,LCAM,nonbinder,0,1,0,0.83755,0.9451,0.74025,2.4925,4
BA_PYR1_1442,LCA3S,nonbinder,0,1,0,0.7789,0.9503,0.5335,0.988,5
BA_PYR1_1442,LCAM,nonbinder,0,1,0,0.56265,0.93595,0.76505,2.954,4
BA_PYR1_1443,LCA3S,nonbinder,0,1,0,0.8728,0.9576,0.3493,0.977,5
BA_PYR1_1443,LCAM,nonbinder,0,1,0,0.8431,0.9392,0.7497,3.259,5
BA_PYR1_1444,LCA3S,nonbinder,0,1,0,0.8486,0.9429,0.5339,1.33,5
BA_PYR1_1444,LCAM,nonbinder,0,1,0,0.8831,0.9334,0.6066,3.918,5
BA_PYR1_1445,LCA3S,nonbinder,0,1,0,0.7901,0.9559,0.2976,1.053,5
BA_PYR1_1445,LCAM,nonbinder,0,1,0,0.5833,0.9334,0.8731,3.09,5
BA_PYR1_1446,LCA3S,nonbinder,0,1,1,0.918,0.968,0.3988,1.32,5
BA_PYR1_1446,LCAM,nonbinder,0,1,0,0.8165,0.9499,0.6343,3.278,5
BA_PYR1_1447,LCA3S,nonbinder,0,1,0,0.7604,0.94735,0.5355,1.1365,4
BA_PYR1_1447,LCAM,nonbinder,0,1,0,0.6964,0.9378,0.7859,2.639,5
BA_PYR1_1448,LCA3S,nonbinder,0,1,0,0.8801,0.9481,0.4867,1.326,5
BA_PYR1_1448,LCAM,nonbinder,0,1,0,0.8364,0.9401,0.668,3.474,5
BA_PYR1_1449,LCA3S,nonbinder,0,1,0,0.85275,0.94895,0.4682,1.2165,4
BA_PYR1_1449,LCAM,nonbinder,0,1,0,0.7986,0.9349,0.7057,3.263,5
BA_PYR1_1450,LCA3S,nonbinder,0,1,0,0.7963,0.951,0.5533,1.224,4
BA_PYR1_1450,LCAM,nonbinder,0,1,0,0.7249,0.9393,0.8673,3.194,5
BA_PYR1_1451,LCA3S,nonbinder,0,1,0,0.773,0.9509,0.4869,1.273,5
BA_PYR1_1451,LCAM,nonbinder,0,1,0,0.72135,0.93825,0.5809,5.183,4
BA_PYR1_1452,LCA3S,nonbinder,0,1,0,0.7937,0.9483,0.5706,1.206,5
BA_PYR1_1452,LCAM,nonbinder,0,1,0,0.6697,0.9347,0.6186,3.875,5
BA_PYR1_1453,LCA3S,nonbinder,0,1,0,0.70025,0.9533,0.40905,1.1295,4
BA_PYR1_1453,LCAM,nonbinder,0,1,0,0.49865,0.9295,0.60885,1.993,4
BA_PYR1_1454,LCA3S,nonbinder,0,1,0,0.6752,0.9373,0.448,1.254,5
BA_PYR1_1454,LCAM,nonbinder,0,1,0,0.667,0.9337,0.5925,1.463,5
BA_PYR1_1455,LCA3S,nonbinder,0,1,1,0.8306,0.947,0.539,1.189,5
BA_PYR1_1455,LCAM,nonbinder,0,1,0,0.60545,0.93155,0.89275,2.9055,4
BA_PYR1_1456,LCA3S,nonbinder,0,1,0,0.8622,0.9624,0.5201,1.584,5
BA_PYR1_1456,LCAM,nonbinder,0,1,0,0.85,0.9506,0.6723,3.581,5
BA_PYR1_1457,LCA3S,nonbinder,0,1,0,0.8478,0.9541,0.6855,1.639,5
BA_PYR1_1457,LCAM,nonbinder,0,1,0,0.7373,0.9391,0.7346,3.576,5
BA_PYR1_1458,LCA3S,nonbinder,0,1,0,0.85265,0.9624,0.62475,1.5945,4
BA_PYR1_1458,LCAM,nonbinder,0,1,0,0.6027,0.9392,0.4652,6.665,5
BA_PYR1_1459,LCA3S,nonbinder,0,1,0,0.7177,0.9446,0.2701,0.891,5
BA_PYR1_1459,LCAM,nonbinder,0,1,0,0.8336,0.9426,0.5029,4.151,5
BA_PYR1_1460,LCA3S,nonbinder,0,1,0,0.7238,0.9528,0.234,0.929,3
BA_PYR1_1460,LCAM,nonbinder,0,1,0,0.8153,0.9457,0.7693,2.903,5
BA_PYR1_1461,LCA3S,nonbinder,0,1,0,0.7495,0.9513,0.1401,0.947,5
BA_PYR1_1461,LCAM,nonbinder,0,1,0,0.8007,0.9409,0.4431,3.019,3
BA_PYR1_1462,LCA3S,nonbinder,0,1,0,0.565,0.9397,0.45345,7.556,4
BA_PYR1_1462,LCAM,nonbinder,0,1,0,0.52625,0.9344,0.45515,3.6815,4
BA_PYR1_1463,LCA3S,nonbinder,0,1,0,0.5937,0.9393,0.29355,1.4875,4
BA_PYR1_1463,LCAM,nonbinder,0,1,0,0.5623,0.9369,0.7405,1.911,3
BA_PYR1_1464,LCA3S,nonbinder,0,1,0,0.8378,0.9561,0.9058,2.397,1
BA_PYR1_1464,LCAM,nonbinder,0,1,0,0.7505,0.94115,0.47915,6.5635,4
BA_PYR1_1465,LCA3S,nonbinder,0,1,0,0.6918,0.9427,0.26675,1.0855,4
BA_PYR1_1465,LCAM,nonbinder,0,1,0,0.565,0.9295,0.5866,3.08,5
BA_PYR1_1466,LCA3S,nonbinder,0,1,0,0.71585,0.9522,0.47325,1.075,4
BA_PYR1_1466,LCAM,nonbinder,0,1,0,0.53115,0.9366,0.6226,1.547,4
BA_PYR1_1467,LCA3S,nonbinder,0,1,0,0.8859,0.9644,0.7077,1.722,5
BA_PYR1_1467,LCAM,nonbinder,0,1,0,0.6317,0.9223,0.443,8.523,5
BA_PYR1_1468,LCA3S,nonbinder,0,1,1,0.9061,0.9726,0.2368,0.905,4
BA_PYR1_1468,LCAM,nonbinder,0,1,1,0.85465,0.96585,0.97765,2.58,4
BA_PYR1_1470,LCA3S,nonbinder,0,0,0,0.8991,0.968,0.4757,0.765,0
BA_PYR1_1470,LCAM,nonbinder,0,1,0,0.8483,0.9496,0.1923,3.883,1
BA_PYR1_1471,LCA3S,nonbinder,0,0,0,0.8652,0.9658,0.3959,0.629,0
BA_PYR1_1471,LCAM,nonbinder,0,0,0,0.7031,0.9596,0.4806,1.697,0
BA_PYR1_1472,LCA3S,nonbinder,0,0,0,0.8638,0.9665,0.3051,1.193,0
BA_PYR1_1472,LCAM,nonbinder,0,0,0,0.8088,0.9557,0.5114,2.532,0
BA_PYR1_1473,LCA3S,nonbinder,0,1,0,0.8648,0.9738,0.2104,0.961,1
BA_PYR1_1473,LCAM,nonbinder,0,1,0,0.503,0.9484,0.4725,3.736,3
BA_PYR1_1474,LCA3S,nonbinder,0,0,0,0.7946,0.958,0.1989,0.629,0
BA_PYR1_1474,LCAM,nonbinder,0,1,0,0.5698,0.9414,0.1086,5.568,1
BA_PYR1_1475,LCA3S,nonbinder,0,1,1,0.8217,0.9662,0.1847,0.831,5
BA_PYR1_1475,LCAM,nonbinder,0,1,0,0.7373,0.9558,0.8339,2.323,5
BA_PYR1_1478,LCA3S,nonbinder,0,1,0,0.8687,0.962,0.497,1.144,1
BA_PYR1_1478,LCAM,nonbinder,0,1,0,0.8125,0.9555,0.8746,2.81,5
BA_PYR1_1481,LCA3S,nonbinder,0,1,0,0.644,0.9436,0.5482,1.352,5
BA_PYR1_1481,LCAM,nonbinder,0,1,0,0.5197,0.9234,0.4962,5.648,5
BA_PYR1_1482,LCA3S,nonbinder,0,0,0,0.8291,0.9541,0.3019,1.124,0
BA_PYR1_1482,LCAM,nonbinder,0,1,0,0.74765,0.94055,0.45555,3.836,4
BA_PYR1_1483,LCA3S,nonbinder,0,1,0,0.7462,0.96225,0.2489,0.9855,4
BA_PYR1_1483,LCAM,nonbinder,0,1,0,0.7907,0.9583,0.6859,3.342,5
BA_PYR1_1484,LCA3S,nonbinder,0,1,1,0.8178,0.9658,0.42985,1.533,2
BA_PYR1_1484,LCAM,nonbinder,0,1,0,0.8255,0.9574,0.1722,4.793,5
BA_PYR1_1486,LCA3S,nonbinder,0,1,0,0.89715,0.96055,0.1769,1.11,2
BA_PYR1_1486,LCAM,nonbinder,0,1,0,0.7367,0.9279,0.38055,3.879,2
BA_PYR1_1487,LCA3S,nonbinder,0,1,0,0.8862,0.9545,0.3562,1.593,1
BA_PYR1_1487,LCAM,nonbinder,0,1,0,0.8479,0.9417,0.49385,4.264,4
BA_PYR1_1488,LCA3S,nonbinder,0,1,0,0.74055,0.9643,0.7884,1.862,4
BA_PYR1_1488,LCAM,nonbinder,0,1,1,0.8395,0.9575,0.4551,1.543,4
BA_PYR1_1489,LCA3S,nonbinder,0,0,0,0.697,0.9517,0.4396,1.234,0
BA_PYR1_1489,LCAM,nonbinder,0,1,0,0.7746,0.95025,0.2641,4.257,4
BA_PYR1_1490,LCA3S,nonbinder,0,1,1,0.783,0.964,0.2421,0.869,3
BA_PYR1_1490,LCAM,nonbinder,0,1,0,0.7765,0.95805,0.6042,2.6585,4
BA_PYR1_1491,LCA3S,nonbinder,0,0,0,0.9594,0.9661,0.1796,0.951,0
BA_PYR1_1491,LCAM,nonbinder,0,1,1,0.93645,0.95795,0.61485,3.5295,4
BA_PYR1_1492,LCA3S,nonbinder,0,1,0,0.8792,0.9606,0.4954,0.922,1
BA_PYR1_1492,LCAM,nonbinder,0,1,0,0.5641,0.9449,0.6223,1.805,3
BA_PYR1_1493,LCA3S,nonbinder,0,0,0,0.9443,0.971,0.07,0.993,0
BA_PYR1_1493,LCAM,nonbinder,0,1,1,0.9348,0.9598,0.1497,4.283,3
BA_PYR1_1494,LCA3S,nonbinder,0,1,1,0.9017,0.9653,0.4857,1.608,1
BA_PYR1_1494,LCAM,nonbinder,0,1,0,0.8656,0.9412,0.4679,5.286,3
BA_PYR1_1495,LCA3S,nonbinder,0,0,0,0.9273,0.9678,0.0917,0.822,0
BA_PYR1_1495,LCAM,nonbinder,0,1,0,0.7675,0.9514,0.7769,2.7255,2
BA_PYR1_1496,LCA3S,nonbinder,0,1,0,0.8456,0.9639,0.2387,0.727,1
BA_PYR1_1496,LCAM,nonbinder,0,1,1,0.881,0.9556,0.6789,2.488,1
BA_PYR1_1497,LCA3S,nonbinder,0,0,0,0.917,0.9581,0.0681,0.909,0
BA_PYR1_1497,LCAM,nonbinder,0,1,0,0.8521,0.943,0.3386,4.063,3
BA_PYR1_1498,LCA3S,nonbinder,0,0,0,0.9196,0.9631,0.1901,0.794,0
BA_PYR1_1498,LCAM,nonbinder,0,1,1,0.93325,0.9585,0.24,3.8965,2
BA_PYR1_1499,LCA3S,nonbinder,0,0,0,0.884,0.963,0.475,0.564,0
BA_PYR1_1499,LCAM,nonbinder,0,1,0,0.88305,0.9476,0.1536,4.392,4
BA_PYR1_1500,LCA3S,nonbinder,0,1,1,0.9409,0.9736,0.4183,0.645,5
BA_PYR1_1500,LCAM,nonbinder,0,1,1,0.91785,0.9695,0.5346,3.2915,4
BA_PYR1_1501,LCA3S,nonbinder,0,0,0,0.9124,0.9645,0.4745,0.52,0
BA_PYR1_1501,LCAM,nonbinder,0,1,0,0.89845,0.94815,0.18315,4.24,2
BA_PYR1_1502,LCA3S,nonbinder,0,0,0,0.8616,0.9615,0.4617,0.933,0
BA_PYR1_1502,LCAM,nonbinder,0,1,0,0.8457,0.9443,0.1682,4.234,3
BA_PYR1_1503,LCA3S,nonbinder,0,0,0,0.9039,0.9571,0.0934,0.717,0
BA_PYR1_1503,LCAM,nonbinder,0,0,0,0.8863,0.9389,0.8731,2.776,0
BA_PYR1_1504,LCA3S,nonbinder,0,0,0,0.908,0.9533,0.3968,0.93,0
BA_PYR1_1504,LCAM,nonbinder,0,1,0,0.8961,0.9381,0.5142,3.77,3
BA_PYR1_1505,LCA3S,nonbinder,0,0,0,0.9288,0.9658,0.3659,0.617,0
BA_PYR1_1505,LCAM,nonbinder,0,0,0,0.8671,0.95,0.8207,2.389,0
BA_PYR1_1506,LCA3S,nonbinder,0,0,0,0.9184,0.9558,0.4681,0.724,0
BA_PYR1_1506,LCAM,nonbinder,0,0,0,0.8651,0.9356,0.7943,2.306,0
BA_PYR1_1507,LCA3S,nonbinder,0,0,0,0.9577,0.9676,0.151,0.555,0
BA_PYR1_1507,LCAM,nonbinder,0,0,0,0.9043,0.9453,0.9697,2.701,0
BA_PYR1_1508,LCA3S,nonbinder,0,0,0,0.9382,0.9742,0.0769,0.581,0
BA_PYR1_1508,LCAM,nonbinder,0,1,1,0.8508,0.962,0.7065,2.24,1
BA_PYR1_1509,LCA3S,nonbinder,0,0,0,0.9033,0.9556,0.0795,0.882,0
BA_PYR1_1509,LCAM,nonbinder,0,1,0,0.82265,0.9274,0.35185,4.156,2
BA_PYR1_1510,LCA3S,nonbinder,0,1,0,0.8473,0.946,0.5697,1.12,1
BA_PYR1_1510,LCAM,nonbinder,0,0,0,0.8801,0.9354,0.9131,2.857,0
BA_PYR1_1511,LCA3S,nonbinder,0,0,0,0.8372,0.954,0.5832,1.453,0
BA_PYR1_1511,LCAM,nonbinder,0,1,0,0.8697,0.9444,0.1551,4.65,1
BA_PYR1_1512,LCA3S,nonbinder,0,0,0,0.9439,0.9713,0.2674,0.841,0
BA_PYR1_1512,LCAM,nonbinder,0,1,1,0.9028,0.9619,0.1707,4.269,3
BA_PYR1_1513,LCA3S,nonbinder,0,0,0,0.9142,0.9595,0.3609,0.819,0
BA_PYR1_1513,LCAM,nonbinder,0,1,0,0.857,0.9336,0.1733,4.395,1
BA_PYR1_1514,LCA3S,nonbinder,0,0,0,0.8913,0.9575,0.4514,0.809,0
BA_PYR1_1514,LCAM,nonbinder,0,1,1,0.8883,0.9398,0.2003,4.458,1
BA_PYR1_1515,LCA3S,nonbinder,0,0,0,0.9473,0.9648,0.0488,0.849,0
BA_PYR1_1515,LCAM,nonbinder,0,0,0,0.9095,0.9494,0.8957,2.244,0
BA_PYR1_1516,LCA3S,nonbinder,0,0,0,0.9385,0.9617,0.0531,0.891,0
BA_PYR1_1516,LCAM,nonbinder,0,0,0,0.8905,0.9488,0.7071,2.203,0
BA_PYR1_1517,LCA3S,nonbinder,0,0,0,0.896,0.9728,0.932,2.463,0
BA_PYR1_1517,LCAM,nonbinder,0,1,0,0.6974,0.9529,0.2638,5.916,3
BA_PYR1_1518,LCA3S,nonbinder,0,1,0,0.801,0.9543,0.3348,0.489,1
BA_PYR1_1518,LCAM,nonbinder,0,1,0,0.6051,0.9283,0.4339,4.233,3
BA_PYR1_1519,LCA3S,nonbinder,0,1,0,0.6736,0.948,0.7,1.647,1
BA_PYR1_1519,LCAM,nonbinder,0,1,0,0.7811,0.9448,0.1763,4.53,5
BA_PYR1_1520,LCA3S,nonbinder,0,1,0,0.8307,0.9633,0.5835,1.325,5
BA_PYR1_1520,LCAM,nonbinder,0,1,0,0.6236,0.9431,0.8474,3.163,5
BA_PYR1_1521,LCA3S,nonbinder,0,0,0,0.8649,0.9513,0.3113,0.914,0
BA_PYR1_1521,LCAM,nonbinder,0,1,0,0.85325,0.93865,0.16855,4.762,4
BA_PYR1_1522,LCA3S,nonbinder,0,0,0,0.8062,0.9452,0.3749,0.859,0
BA_PYR1_1522,LCAM,nonbinder,0,1,0,0.8395,0.9369,0.1173,5.012,5
BA_PYR1_1523,LCA3S,nonbinder,0,0,0,0.7514,0.9526,0.3114,0.774,0
BA_PYR1_1523,LCAM,nonbinder,0,1,0,0.8418,0.9436,0.1792,4.863,3
BA_PYR1_1524,LCA3S,nonbinder,0,1,0,0.8325,0.9648,0.5759,1.148,1
BA_PYR1_1524,LCAM,nonbinder,0,1,0,0.6406,0.9332,0.2937,6.761,5
BA_PYR1_1525,LCA3S,nonbinder,0,0,0,0.8299,0.9526,0.0845,1.014,0
BA_PYR1_1525,LCAM,nonbinder,0,1,0,0.596,0.9366,0.8443,2.897,3
BA_PYR1_1526,LCA3S,nonbinder,0,0,0,0.8929,0.961,0.1483,0.881,0
BA_PYR1_1526,LCAM,nonbinder,0,1,1,0.8632,0.943,0.6797,3.135,3
BA_PYR1_1527,LCA3S,nonbinder,0,0,0,0.7393,0.9485,0.1849,0.842,0
BA_PYR1_1527,LCAM,nonbinder,0,1,0,0.5265,0.925,0.4702,5.989,5
BA_PYR1_1528,LCA3S,nonbinder,0,1,0,0.7582,0.9504,0.5782,1.425,5
BA_PYR1_1528,LCAM,nonbinder,0,1,0,0.6214,0.9363,0.7663,3.245,5
BA_PYR1_1529,LCA3S,nonbinder,0,1,0,0.6777,0.9535,0.57,1.631,4
BA_PYR1_1529,LCAM,nonbinder,0,1,0,0.4901,0.92785,0.57205,4.771,4
BA_PYR1_1530,LCA3S,nonbinder,0,1,0,0.8436,0.9556,0.4795,1.032,1
BA_PYR1_1530,LCAM,nonbinder,0,1,0,0.8217,0.9315,0.1786,4.572,5
BA_PYR1_1531,LCA3S,nonbinder,0,0,0,0.7734,0.9534,0.3456,0.998,0
BA_PYR1_1531,LCAM,nonbinder,0,1,0,0.80555,0.9372,0.1666,4.93,4
BA_PYR1_1532,LCA3S,nonbinder,0,0,0,0.9162,0.9602,0.1902,1.1,0
BA_PYR1_1532,LCAM,nonbinder,0,1,0,0.798,0.9325,0.3817,5.738,1
BA_PYR1_1533,LCA3S,nonbinder,0,0,0,0.879,0.9535,0.2675,1.007,0
BA_PYR1_1533,LCAM,nonbinder,0,1,0,0.7856,0.9412,0.6021,3.627,5
BA_PYR1_1534,LCA3S,nonbinder,0,0,0,0.9356,0.9653,0.4517,1.055,0
BA_PYR1_1534,LCAM,nonbinder,0,1,0,0.9159,0.9498,0.5952,4.005,3
BA_PYR1_1535,LCA3S,nonbinder,0,0,0,0.7725,0.9506,0.3953,0.852,0
BA_PYR1_1535,LCAM,nonbinder,0,1,0,0.6083,0.9352,0.8472,2.493,3
BA_PYR1_1536,LCA3S,nonbinder,0,0,0,0.8125,0.9614,0.0938,0.984,0
BA_PYR1_1536,LCAM,nonbinder,0,1,0,0.6535,0.9401,0.6571,2.546,3
BA_PYR1_1542,LCA3S,nonbinder,0,1,0,0.7587,0.9493,0.2709,1.155,5
BA_PYR1_1542,LCAM,nonbinder,0,1,0,0.6762,0.9426,0.7912,2.516,5
BA_PYR1_1543,LCA3S,nonbinder,0,1,0,0.59925,0.93965,0.53185,1.2385,4
BA_PYR1_1543,LCAM,nonbinder,0,1,0,0.63805,0.93335,0.7928,2.4775,4
BA_PYR1_1544,LCA3S,nonbinder,0,1,0,0.8207,0.9457,0.7644,1.825,5
BA_PYR1_1544,LCAM,nonbinder,0,1,0,0.6899,0.9328,0.5075,4.749,5
BA_PYR1_1545,LCA3S,nonbinder,0,1,0,0.8757,0.9576,0.4636,0.564,3
BA_PYR1_1545,LCAM,nonbinder,0,1,0,0.8132,0.9385,0.9158,2.317,1
BA_PYR1_1546,LCA3S,nonbinder,0,1,0,0.8287,0.9534,0.1185,0.411,3
BA_PYR1_1546,LCAM,nonbinder,0,1,0,0.7623,0.9421,0.864,2.168,3
BA_PYR1_1547,LCA3S,nonbinder,0,1,0,0.8109,0.9459,0.1951,0.938,5
BA_PYR1_1547,LCAM,nonbinder,0,1,0,0.7981,0.9266,0.683,2.12,5
BA_PYR1_1549,LCA3S,nonbinder,0,0,0,0.6634,0.9308,0.1795,0.941,0
BA_PYR1_1549,LCAM,nonbinder,0,1,0,0.608,0.938,0.2603,0.629,5
BA_PYR1_1550,LCA3S,nonbinder,0,0,0,0.6499,0.9433,0.3171,1.141,0
BA_PYR1_1550,LCAM,nonbinder,0,1,0,0.7628,0.9391,0.6407,3.174,5
BA_PYR1_1551,LCA3S,nonbinder,0,0,0,0.647,0.9329,0.1654,0.656,0
BA_PYR1_1551,LCAM,nonbinder,0,1,0,0.5154,0.9394,0.5347,0.973,5
BA_PYR1_1552,LCA3S,nonbinder,0,0,0,0.7895,0.9449,0.1757,0.747,0
BA_PYR1_1552,LCAM,nonbinder,0,1,0,0.5764,0.93925,0.35525,0.523,4
BA_PYR1_1553,LCA3S,nonbinder,0,1,0,0.90675,0.9625,0.05605,0.7535,4
BA_PYR1_1553,LCAM,nonbinder,0,1,0,0.7465,0.9538,0.8851,2.618,3
BA_PYR1_1554,LCA3S,nonbinder,0,1,0,0.8076,0.94995,0.5118,1.5975,2
BA_PYR1_1554,LCAM,nonbinder,0,1,1,0.86675,0.9657,0.35915,0.593,4
BA_PYR1_1555,LCA3S,nonbinder,0,1,0,0.8677,0.93535,0.08895,0.7615,2
BA_PYR1_1555,LCAM,nonbinder,0,1,0,0.7754,0.9607,0.8786,2.752,5
BA_PYR1_1556,LCA3S,nonbinder,0,0,0,0.7787,0.9383,0.1047,1.107,0
BA_PYR1_1556,LCAM,nonbinder,0,1,0,0.8019,0.96,0.78555,2.8025,4
BA_PYR1_1557,LCA3S,nonbinder,0,1,0,0.81295,0.94005,0.5681,1.9235,2
BA_PYR1_1557,LCAM,nonbinder,0,1,0,0.66815,0.92905,0.64455,3.469,2
BA_PYR1_1558,LCA3S,nonbinder,0,1,0,0.59775,0.91615,0.36485,1.033,2
BA_PYR1_1558,LCAM,nonbinder,0,1,0,0.65665,0.90755,0.63825,3.362,4
BA_PYR1_1559,LCA3S,nonbinder,0,1,0,0.64475,0.9204,0.24215,0.9205,4
BA_PYR1_1559,LCAM,nonbinder,0,1,0,0.7032,0.9082,0.6044,2.281,5
BA_PYR1_1560,LCA3S,nonbinder,0,1,0,0.59035,0.91825,0.30275,0.761,4
BA_PYR1_1560,LCAM,nonbinder,0,1,0,0.6595,0.9174,0.5178,1.606,5
BA_PYR1_1561,LCA3S,nonbinder,0,1,0,0.7038,0.9396,0.3267,1.129,5
BA_PYR1_1561,LCAM,nonbinder,0,1,0,0.6978,0.9383,0.5487,1.399,3
BA_PYR1_1562,LCA3S,nonbinder,0,1,0,0.582,0.93465,0.68595,2.4005,2
BA_PYR1_1562,LCAM,nonbinder,0,1,0,0.6504,0.9434,0.2875,2.5,5
BA_PYR1_1563,LCA3S,nonbinder,0,1,0,0.9058,0.96,0.3943,1.113,5
BA_PYR1_1563,LCAM,nonbinder,0,1,0,0.7376,0.94135,0.51395,1.15,4
BA_PYR1_1564,LCA3S,nonbinder,0,0,0,0.8025,0.9629,0.7931,2.587,0
BA_PYR1_1564,LCAM,nonbinder,0,1,0,0.7726,0.9555,0.8883,2.76,5
BA_PYR1_1565,LCA3S,nonbinder,0,1,0,0.7243,0.9509,0.0483,0.423,1
BA_PYR1_1565,LCAM,nonbinder,0,1,0,0.5025,0.9478,0.6337,1.972,5
BA_PYR1_1566,LCA3S,nonbinder,0,1,0,0.5786,0.9244,0.3343,0.949,1
BA_PYR1_1566,LCAM,nonbinder,0,1,0,0.5415,0.9208,0.2814,0.637,1
BA_PYR1_1567,LCA3S,nonbinder,0,1,0,0.6248,0.9257,0.5863,1.201,1
BA_PYR1_1567,LCAM,nonbinder,0,1,0,0.6946,0.90985,0.48555,4.7135,4
BA_PYR1_1568,LCA3S,nonbinder,0,0,0,0.6745,0.9372,0.5298,1.238,0
BA_PYR1_1568,LCAM,nonbinder,0,1,0,0.6451,0.9188,0.3167,4.399,5
BA_PYR1_1569,LCA3S,nonbinder,0,1,0,0.9106,0.9535,0.3691,0.605,5
BA_PYR1_1569,LCAM,nonbinder,0,1,1,0.8899,0.9418,0.7401,2.07,5
BA_PYR1_1570,LCA3S,nonbinder,0,1,0,0.6855,0.9432,0.7949,2.009,3
BA_PYR1_1570,LCAM,nonbinder,0,1,0,0.5131,0.9264,0.8043,2.933,5
BA_PYR1_1571,LCA3S,nonbinder,0,1,0,0.82635,0.94045,0.18805,0.814,4
BA_PYR1_1571,LCAM,nonbinder,0,1,0,0.7917,0.9328,0.6999,2.587,5
BA_PYR1_1572,LCA3S,nonbinder,0,1,0,0.5914,0.9376,0.8978,2.172,1
BA_PYR1_1572,LCAM,nonbinder,0,1,0,0.5397,0.9287,0.8106,2.075,3
BA_PYR1_1573,LCA3S,nonbinder,0,1,0,0.6224,0.9379,0.2339,1.577,3
BA_PYR1_1573,LCAM,nonbinder,0,1,0,0.5484,0.9233,0.1751,0.486,3
BA_PYR1_1574,LCA3S,nonbinder,0,1,0,0.7065,0.9442,0.5068,1.096,5
BA_PYR1_1574,LCAM,nonbinder,0,1,0,0.5701,0.92585,0.64315,1.578,4
BA_PYR1_1575,LCA3S,nonbinder,0,1,0,0.6829,0.9391,0.4052,0.728,5
BA_PYR1_1575,LCAM,nonbinder,0,1,0,0.7354,0.928,0.4456,5.303,5
BA_PYR1_1576,LCA3S,nonbinder,0,1,0,0.7259,0.9349,0.3473,1.131,3
BA_PYR1_1576,LCAM,nonbinder,0,1,0,0.7112,0.9178,0.4713,2.495,3
BA_PYR1_1577,LCA3S,nonbinder,0,1,0,0.653,0.9406,0.3756,0.601,1
BA_PYR1_1577,LCAM,nonbinder,0,1,0,0.52265,0.92245,0.4719,1.1435,4
BA_PYR1_1578,LCA3S,nonbinder,0,1,0,0.6071,0.9321,0.3416,0.875,3
BA_PYR1_1578,LCAM,nonbinder,0,1,0,0.5236,0.922,0.49125,4.9255,4
BA_PYR1_1579,LCA3S,nonbinder,0,1,0,0.562,0.92125,0.30325,0.792,4
BA_PYR1_1579,LCAM,nonbinder,0,1,0,0.4194,0.9086,0.565,3.846,3
BA_PYR1_1580,LCA3S,nonbinder,0,1,0,0.9109,0.9512,0.488,0.912,5
BA_PYR1_1580,LCAM,nonbinder,0,1,0,0.8274,0.9347,0.8518,2.15,5
BA_PYR1_1581,LCA3S,nonbinder,0,1,0,0.6289,0.935,0.5579,1.421,1
BA_PYR1_1581,LCAM,nonbinder,0,1,0,0.55635,0.91315,0.666,3.3215,4
BA_PYR1_1582,LCA3S,nonbinder,0,1,0,0.731,0.9469,0.3076,0.872,5
BA_PYR1_1582,LCAM,nonbinder,0,1,0,0.67375,0.9324,0.364,1.1845,4
BA_PYR1_1583,LCA3S,nonbinder,0,1,0,0.607,0.9231,0.4266,0.667,3
BA_PYR1_1583,LCAM,nonbinder,0,1,0,0.6917,0.9147,0.8248,3.0825,4
BA_PYR1_1584,LCA3S,nonbinder,0,1,0,0.598,0.9249,0.2595,1.663,1
BA_PYR1_1584,LCAM,nonbinder,0,1,0,0.6525,0.9121,0.675,3.748,5
BA_PYR1_1585,LCA3S,nonbinder,0,0,0,0.5492,0.937,0.3605,1.043,0
BA_PYR1_1585,LCAM,nonbinder,0,1,0,0.67855,0.93245,0.4208,5.2765,4
BA_PYR1_1586,LCA3S,nonbinder,0,1,0,0.6064,0.9281,0.1994,0.826,1
BA_PYR1_1586,LCAM,nonbinder,0,1,0,0.5658,0.91,0.6636,3.076,3
BA_PYR1_1587,LCA3S,nonbinder,0,1,0,0.6762,0.9299,0.3391,0.98,5
BA_PYR1_1587,LCAM,nonbinder,0,1,0,0.41595,0.9194,0.57155,5.081,4
BA_PYR1_1588,LCA3S,nonbinder,0,1,0,0.5781,0.9285,0.5296,0.942,5
BA_PYR1_1588,LCAM,nonbinder,0,1,0,0.49985,0.9116,0.7759,2.2565,4
BA_PYR1_1589,LCA3S,nonbinder,0,1,0,0.6426,0.9213,0.7484,3.596,1
BA_PYR1_1589,LCAM,nonbinder,0,1,0,0.6715,0.91495,0.39275,6.079,4
BA_PYR1_1590,LCA3S,nonbinder,0,1,0,0.6918,0.9338,0.143,0.647,5
BA_PYR1_1590,LCAM,nonbinder,0,1,0,0.7069,0.9292,0.3619,4.926,5
BA_PYR1_1591,LCA3S,nonbinder,0,1,0,0.6147,0.9319,0.4683,1.003,5
BA_PYR1_1591,LCAM,nonbinder,0,1,0,0.5618,0.9223,0.5011,2.003,3
BA_PYR1_1592,LCA3S,nonbinder,0,1,0,0.542,0.93645,0.4287,1.4655,4
BA_PYR1_1592,LCAM,nonbinder,0,1,0,0.40785,0.9222,0.61095,1.1595,2
BA_PYR1_1593,LCA3S,nonbinder,0,0,0,0.8742,0.9623,0.4262,1.031,0
BA_PYR1_1593,LCAM,nonbinder,0,1,0,0.8367,0.9618,0.6046,2.8,3
BA_PYR1_1594,LCA3S,nonbinder,0,0,0,0.7904,0.9522,0.0863,0.696,0
BA_PYR1_1594,LCAM,nonbinder,0,0,0,0.8113,0.9476,0.4707,2.128,0
BA_PYR1_1595,LCA3S,nonbinder,0,0,0,0.7096,0.9477,0.314,0.543,0
BA_PYR1_1595,LCAM,nonbinder,0,0,0,0.4839,0.9366,0.4715,0.378,0
BA_PYR1_1596,LCA3S,nonbinder,0,1,0,0.8055,0.9573,0.4249,1.086,1
BA_PYR1_1596,LCAM,nonbinder,0,1,1,0.7588,0.9585,0.5069,1.057,5
BA_PYR1_1597,LCA3S,nonbinder,0,0,0,0.652,0.94,0.0761,1.014,0
BA_PYR1_1597,LCAM,nonbinder,0,1,0,0.54625,0.9239,0.43305,0.411,2
BA_PYR1_1598,LCA3S,nonbinder,0,0,0,0.6695,0.9464,0.2152,0.804,0
BA_PYR1_1598,LCAM,nonbinder,0,1,0,0.6255,0.9403,0.647,2.284,5
BA_PYR1_1599,LCA3S,nonbinder,0,1,0,0.5654,0.9292,0.0597,0.998,1
BA_PYR1_1599,LCAM,nonbinder,0,1,0,0.6064,0.9395,0.4814,5.038,5
BA_PYR1_1600,LCA3S,nonbinder,0,0,0,0.6779,0.9533,0.3215,1.046,0
BA_PYR1_1600,LCAM,nonbinder,0,1,0,0.6601,0.9489,0.5797,2.9255,4
BA_PYR1_1601,LCA3S,nonbinder,0,0,0,0.8447,0.9507,0.4478,0.575,0
BA_PYR1_1601,LCAM,nonbinder,0,1,0,0.6761,0.9466,0.4765,0.686,3
BA_PYR1_1602,LCA3S,nonbinder,0,0,0,0.7217,0.9344,0.1356,0.857,0
BA_PYR1_1602,LCAM,nonbinder,0,1,0,0.5666,0.93185,0.6338,3.906,4
BA_PYR1_1603,LCA3S,nonbinder,0,0,0,0.8304,0.94,0.3586,1.209,0
BA_PYR1_1603,LCAM,nonbinder,0,1,0,0.595,0.9221,0.2855,1.68,5
BA_PYR1_1604,LCA3S,nonbinder,0,0,0,0.6715,0.95,0.2615,0.765,0
BA_PYR1_1604,LCAM,nonbinder,0,1,0,0.6988,0.94195,0.6564,2.825,4
BA_PYR1_1605,LCA3S,nonbinder,0,1,0,0.7267,0.942,0.39205,1.547,2
BA_PYR1_1605,LCAM,nonbinder,0,1,0,0.7251,0.9303,0.6554,2.677,5
BA_PYR1_1606,LCA3S,nonbinder,0,0,0,0.6968,0.9447,0.2332,1.6,0
BA_PYR1_1606,LCAM,nonbinder,0,1,0,0.6518,0.9568,0.2752,0.8565,2
BA_PYR1_1607,LCA3S,nonbinder,0,0,0,0.7021,0.9455,0.1941,0.651,0
BA_PYR1_1607,LCAM,nonbinder,0,1,0,0.65025,0.9573,0.4332,0.7715,2
BA_PYR1_1608,LCA3S,nonbinder,0,0,0,0.67,0.9393,0.1015,0.831,0
BA_PYR1_1608,LCAM,nonbinder,0,1,0,0.679,0.9375,0.5279,1.043,5
BA_PYR1_1609,LCA3S,nonbinder,0,0,0,0.779,0.9442,0.2459,0.506,0
BA_PYR1_1609,LCAM,nonbinder,0,0,0,0.8087,0.9329,0.6933,2.483,0
BA_PYR1_1610,LCA3S,nonbinder,0,0,0,0.8034,0.9465,0.3826,0.947,0
BA_PYR1_1610,LCAM,nonbinder,0,1,0,0.7992,0.9248,0.26295,5.122,4
BA_PYR1_1611,LCA3S,nonbinder,0,0,0,0.7717,0.9515,0.1314,0.872,0
BA_PYR1_1611,LCAM,nonbinder,0,1,0,0.51485,0.9267,0.652,2.4735,2
BA_PYR1_1612,LCA3S,nonbinder,0,0,0,0.7771,0.9629,0.4199,0.803,0
BA_PYR1_1612,LCAM,nonbinder,0,1,0,0.5069,0.944,0.1155,0.701,3
BA_PYR1_1613,LCA3S,nonbinder,0,0,0,0.8122,0.9449,0.0965,1.026,0
BA_PYR1_1613,LCAM,nonbinder,0,1,0,0.8174,0.9339,0.5839,1.254,1
BA_PYR1_1614,LCA3S,nonbinder,0,1,0,0.8136,0.94815,0.46485,0.9625,2
BA_PYR1_1614,LCAM,nonbinder,0,1,0,0.7808,0.93785,0.45815,3.026,2
BA_PYR1_1615,LCA3S,nonbinder,0,0,0,0.8161,0.9514,0.5247,1.032,0
BA_PYR1_1615,LCAM,nonbinder,0,1,0,0.749,0.9287,0.4428,4.073,5
BA_PYR1_1616,LCA3S,nonbinder,0,0,0,0.7609,0.9376,0.3579,0.875,0
BA_PYR1_1616,LCAM,nonbinder,0,1,0,0.77125,0.9254,0.4004,3.5745,2
BA_PYR1_1617,LCA3S,nonbinder,0,0,0,0.7904,0.9425,0.4041,0.891,0
BA_PYR1_1617,LCAM,nonbinder,0,1,0,0.7965,0.9188,0.1628,4.186,2
BA_PYR1_1618,LCA3S,nonbinder,0,0,0,0.6714,0.944,0.2529,1.092,0
BA_PYR1_1618,LCAM,nonbinder,0,1,0,0.7432,0.9386,0.4578,3.273,3
BA_PYR1_1619,LCA3S,nonbinder,0,0,0,0.7436,0.9449,0.4143,1.064,0
BA_PYR1_1619,LCAM,nonbinder,0,1,0,0.7711,0.9341,0.2267,4.402,3
BA_PYR1_1620,LCA3S,nonbinder,0,0,0,0.7398,0.9345,0.3641,0.983,0
BA_PYR1_1620,LCAM,nonbinder,0,1,0,0.8153,0.9232,0.5803,1.251,3
BA_PYR1_1621,LCA3S,nonbinder,0,0,0,0.7824,0.935,0.3165,0.747,0
BA_PYR1_1621,LCAM,nonbinder,0,1,0,0.8117,0.9218,0.3026,4.495,1
BA_PYR1_1622,LCA3S,nonbinder,0,0,0,0.7399,0.9417,0.2321,0.766,0
BA_PYR1_1622,LCAM,nonbinder,0,1,0,0.75315,0.9213,0.24845,4.3215,2
BA_PYR1_1623,LCA3S,nonbinder,0,0,0,0.7516,0.9483,0.1658,0.62,0
BA_PYR1_1623,LCAM,nonbinder,0,1,0,0.7011,0.9361,0.4973,2.4695,2
BA_PYR1_1624,LCA3S,nonbinder,0,0,0,0.8041,0.9355,0.5048,0.728,0
BA_PYR1_1624,LCAM,nonbinder,0,1,0,0.7513,0.9091,0.3958,2.817,3
BA_PYR1_1625,LCA3S,nonbinder,0,1,0,0.7522,0.9552,0.0631,0.944,1
BA_PYR1_1625,LCAM,nonbinder,0,1,0,0.5523,0.9424,0.2966,3.729,1
BA_PYR1_1626,LCA3S,nonbinder,0,0,0,0.8003,0.9637,0.0953,1.141,0
BA_PYR1_1626,LCAM,nonbinder,0,1,0,0.5766,0.9479,0.33045,1.022,2
BA_PYR1_1627,LCA3S,nonbinder,0,0,0,0.7765,0.9425,0.5427,1.128,0
BA_PYR1_1627,LCAM,nonbinder,0,1,0,0.7971,0.9212,0.2638,4.588,1
BA_PYR1_1628,LCA3S,nonbinder,0,0,0,0.7455,0.932,0.4249,1.471,0
BA_PYR1_1628,LCAM,nonbinder,0,0,0,0.7936,0.9216,0.7034,2.996,0
BA_PYR1_1629,LCA3S,nonbinder,0,0,0,0.7164,0.9454,0.1414,1.298,0
BA_PYR1_1629,LCAM,nonbinder,0,1,0,0.7082,0.9507,0.0492,0.687,1
BA_PYR1_1630,LCA3S,nonbinder,0,0,0,0.6989,0.9465,0.2865,0.537,0
BA_PYR1_1630,LCAM,nonbinder,0,0,0,0.6818,0.9436,0.4155,1.064,0
BA_PYR1_1631,LCA3S,nonbinder,0,0,0,0.7741,0.9614,0.9215,2.734,0
BA_PYR1_1631,LCAM,nonbinder,0,1,0,0.4437,0.9377,0.7408,2.675,3
BA_PYR1_1632,LCA3S,nonbinder,0,1,0,0.6321,0.93125,0.418,0.977,4
BA_PYR1_1632,LCAM,nonbinder,0,1,0,0.6129,0.9208,0.7112,2.699,5
BA_PYR1_1633,LCA3S,nonbinder,0,1,0,0.6866,0.9379,0.3808,0.953,2
BA_PYR1_1633,LCAM,nonbinder,0,1,0,0.7025,0.92385,0.414,4.101,2
BA_PYR1_1634,LCA3S,nonbinder,0,0,0,0.5939,0.9373,0.424,1.468,0
BA_PYR1_1634,LCAM,nonbinder,0,1,0,0.563,0.9389,0.3607,6.907,5
BA_PYR1_1635,LCA3S,nonbinder,0,0,0,0.7195,0.9348,0.1906,1.084,0
BA_PYR1_1635,LCAM,nonbinder,0,1,0,0.6087,0.935,0.4701,1.315,3
BA_PYR1_1636,LCA3S,nonbinder,0,0,0,0.7254,0.9337,0.1357,1.015,0
BA_PYR1_1636,LCAM,nonbinder,0,1,0,0.5483,0.9206,0.1449,0.583,3
BA_PYR1_1637,LCA3S,nonbinder,0,0,0,0.6504,0.9325,0.2322,0.408,0
BA_PYR1_1637,LCAM,nonbinder,0,1,0,0.4489,0.9191,0.31655,0.9095,4
BA_PYR1_1638,LCA3S,nonbinder,0,1,0,0.6534,0.9371,0.2442,1.391,1
BA_PYR1_1638,LCAM,nonbinder,0,1,0,0.4636,0.9226,0.2781,0.668,3
BA_PYR1_1639,LCA3S,nonbinder,0,1,0,0.6852,0.9427,0.2828,1.129,3
BA_PYR1_1639,LCAM,nonbinder,0,1,0,0.6366,0.9334,0.3374,1.037,5
BA_PYR1_1640,LCA3S,nonbinder,0,0,0,0.7076,0.9443,0.1313,0.796,0
BA_PYR1_1640,LCAM,nonbinder,0,1,0,0.5282,0.9302,0.2975,0.8165,2
BA_PYR1_1641,LCA3S,nonbinder,0,1,0,0.737,0.9531,0.1226,1.335,1
BA_PYR1_1641,LCAM,nonbinder,0,1,0,0.6782,0.9397,0.3962,0.776,5
BA_PYR1_1642,LCA3S,nonbinder,0,0,0,0.6384,0.9365,0.2413,0.846,0
BA_PYR1_1642,LCAM,nonbinder,0,1,0,0.4262,0.9176,0.3841,0.658,3
BA_PYR1_1643,LCA3S,nonbinder,0,1,0,0.6322,0.93155,0.2485,1.2655,4
BA_PYR1_1643,LCAM,nonbinder,0,1,0,0.538,0.9221,0.4531,1.383,5
BA_PYR1_1644,LCA3S,nonbinder,0,1,0,0.7141,0.9477,0.2433,1.1205,4
BA_PYR1_1644,LCAM,nonbinder,0,1,0,0.60255,0.9314,0.496,1.051,4
BA_PYR1_1645,LCA3S,nonbinder,0,0,0,0.6495,0.9344,0.4569,0.861,0
BA_PYR1_1645,LCAM,nonbinder,0,1,0,0.756,0.9253,0.2515,4.55,5
BA_PYR1_1646,LCA3S,nonbinder,0,0,0,0.6288,0.939,0.1398,0.818,0
BA_PYR1_1646,LCAM,nonbinder,0,1,0,0.48745,0.92065,0.61275,1.461,4
BA_PYR1_1647,LCA3S,nonbinder,0,1,0,0.5893,0.92515,0.317,0.6675,4
BA_PYR1_1647,LCAM,nonbinder,0,1,0,0.5282,0.9213,0.4491,1.415,5
BA_PYR1_1648,LCA3S,nonbinder,0,1,0,0.6677,0.94245,0.3285,1.111,4
BA_PYR1_1648,LCAM,nonbinder,0,1,0,0.5399,0.9288,0.5518,2.213,5
BA_PYR1_1649,LCA3S,nonbinder,0,1,0,0.6843,0.9284,0.4307,0.85,5
BA_PYR1_1649,LCAM,nonbinder,0,1,0,0.7216,0.9249,0.8192,2.104,5
BA_PYR1_1650,LCA3S,nonbinder,0,1,0,0.8678,0.9428,0.2619,0.59,3
BA_PYR1_1650,LCAM,nonbinder,0,1,0,0.7823,0.927,0.65265,2.5925,2
BA_PYR1_1651,LCA3S,nonbinder,0,1,0,0.9177,0.9533,0.209,0.821,1
BA_PYR1_1651,LCAM,nonbinder,0,1,0,0.9007,0.9497,0.6873,2.652,5
BA_PYR1_1652,LCA3S,nonbinder,0,1,0,0.6417,0.9308,0.7403,3.32,5
BA_PYR1_1652,LCAM,nonbinder,0,1,0,0.6291,0.9241,0.6246,1.564,1
BA_PYR1_1653,LCA3S,nonbinder,0,1,0,0.69795,0.9359,0.158,1.192,2
BA_PYR1_1653,LCAM,nonbinder,0,1,0,0.5359,0.9307,0.2323,0.523,5
BA_PYR1_1654,LCA3S,nonbinder,0,0,0,0.6213,0.9384,0.4032,1.483,0
BA_PYR1_1654,LCAM,nonbinder,0,1,0,0.6715,0.9324,0.3601,4.037,5
BA_PYR1_1655,LCA3S,nonbinder,0,1,0,0.8965,0.9629,0.0972,1.029,5
BA_PYR1_1655,LCAM,nonbinder,0,1,1,0.8667,0.953,0.7404,1.918,5
BA_PYR1_1656,LCA3S,nonbinder,0,1,0,0.8826,0.9541,0.3316,0.975,3
BA_PYR1_1656,LCAM,nonbinder,0,1,0,0.6783,0.944,0.3846,1.266,4
BA_PYR1_1657,LCA3S,nonbinder,0,1,0,0.7168,0.9339,0.4235,1.233,3
BA_PYR1_1657,LCAM,nonbinder,0,1,0,0.5331,0.9175,0.9248,3.061,5
BA_PYR1_1658,LCA3S,nonbinder,0,1,0,0.6806,0.9417,0.1956,1.0505,4
BA_PYR1_1658,LCAM,nonbinder,0,0,0,0.626,0.936,0.5025,0.661,0
BA_PYR1_1659,LCA3S,nonbinder,0,1,0,0.81925,0.95575,0.3365,0.807,2
BA_PYR1_1659,LCAM,nonbinder,0,1,0,0.71705,0.9406,0.57235,1.2205,4
BA_PYR1_1660,LCA3S,nonbinder,0,1,0,0.6523,0.9324,0.7842,1.852,1
BA_PYR1_1660,LCAM,nonbinder,0,1,0,0.57515,0.93775,0.35085,0.9675,4
BA_PYR1_1661,LCA3S,nonbinder,0,1,0,0.692,0.9408,0.3499,1.278,5
BA_PYR1_1661,LCAM,nonbinder,0,1,0,0.60375,0.93225,0.49845,5.3045,4
BA_PYR1_1662,LCA3S,nonbinder,0,1,0,0.6915,0.9446,0.4825,0.65,1
BA_PYR1_1662,LCAM,nonbinder,0,1,0,0.59475,0.9356,0.3953,1.1105,4
BA_PYR1_1663,LCA3S,nonbinder,0,1,0,0.6891,0.9441,0.5974,1.344,3
BA_PYR1_1663,LCAM,nonbinder,0,1,0,0.5284,0.9276,0.5238,1.64,4
BA_PYR1_1664,LCA3S,nonbinder,0,1,0,0.60915,0.9392,0.45795,0.9235,4
BA_PYR1_1664,LCAM,nonbinder,0,1,0,0.5068,0.9232,0.6652,2.492,5
BA_PYR1_1665,LCA3S,nonbinder,0,1,0,0.7125,0.9263,0.4612,1.158,5
BA_PYR1_1665,LCAM,nonbinder,0,1,0,0.6608,0.91885,0.9085,2.347,2
BA_PYR1_1666,LCA3S,nonbinder,0,1,0,0.645,0.9435,0.7731,1.94,3
BA_PYR1_1666,LCAM,nonbinder,0,1,0,0.5498,0.92625,0.8461,2.5505,4
BA_PYR1_1667,LCA3S,nonbinder,0,1,0,0.74335,0.94365,0.2025,0.8165,4
BA_PYR1_1667,LCAM,nonbinder,0,1,0,0.55425,0.92595,0.45145,1.3685,4
BA_PYR1_1668,LCA3S,nonbinder,0,1,0,0.5217,0.9211,0.5066,0.864,5
BA_PYR1_1668,LCAM,nonbinder,0,1,0,0.563,0.91755,0.4469,0.7185,4
BA_PYR1_1669,LCA3S,nonbinder,0,1,0,0.7903,0.9577,0.3071,0.853,5
BA_PYR1_1669,LCAM,nonbinder,0,1,0,0.7211,0.9496,0.8773,2.692,5
BA_PYR1_1671,LCA3S,nonbinder,0,0,0,0.6457,0.9481,0.5303,1.007,0
BA_PYR1_1671,LCAM,nonbinder,0,1,0,0.6221,0.9429,0.2355,5.416,5
BA_PYR1_1672,LCA3S,nonbinder,0,1,0,0.76645,0.95035,0.3093,0.6525,2
BA_PYR1_1672,LCAM,nonbinder,0,1,0,0.7637,0.9378,0.6254,2.0885,4
BA_PYR1_1673,LCA3S,nonbinder,0,0,0,0.6888,0.9418,0.4142,0.914,0
BA_PYR1_1673,LCAM,nonbinder,0,1,0,0.6857,0.9315,0.2375,4.115,3
BA_PYR1_1674,LCA3S,nonbinder,0,0,0,0.7216,0.9495,0.9618,2.593,0
BA_PYR1_1674,LCAM,nonbinder,0,1,0,0.65955,0.9375,0.2304,0.6845,2
BA_PYR1_1675,LCA3S,nonbinder,0,1,0,0.6789,0.9446,0.2409,1.395,3
BA_PYR1_1675,LCAM,nonbinder,0,1,0,0.63005,0.9346,0.41255,1.0205,4
BA_PYR1_1676,LCA3S,nonbinder,0,1,0,0.70565,0.94225,0.4098,1.0935,4
BA_PYR1_1676,LCAM,nonbinder,0,1,0,0.5311,0.9211,0.9439,2.833,5
POS_G0,LCA3S,LCA binder,0,1,1,0.8576,0.9692,0.0729,0.881,5
POS_G0,LCAM,LCA binder,1,1,1,0.8577,0.9571,0.6967,2.224,5
POS_seq26,LCA3S,both binder,1,1,1,0.8476,0.9588,0.0496,0.92,3
POS_seq26,LCAM,both binder,1,1,1,0.8921,0.9524,0.349,10.131,5
