sequence_id,class,in_selection,ligand,plddt_ligand,geometry_score
BA_PYR1_0001,nonbinder,0,LCAM,0.7496,0.7076
BA_PYR1_0001,nonbinder,0,LCA3S,0.7344,0.4201
BA_PYR1_0002,nonbinder,0,LCAM,0.558,0.4934
BA_PYR1_0002,nonbinder,0,LCA3S,0.7056,0.811
BA_PYR1_0003,nonbinder,0,LCAM,0.499,0.4387
BA_PYR1_0003,nonbinder,0,LCA3S,0.7893,0.2655
BA_PYR1_0004,binder,1,LCAM,0.897,0.2936
BA_PYR1_0004,binder,1,LCA3S,0.8533,0.1176
BA_PYR1_0005,nonbinder,0,LCAM,0.8028,0.9345
BA_PYR1_0005,nonbinder,0,LCA3S,0.924,0.1491
BA_PYR1_0006,nonbinder,0,LCAM,0.6867,0.7252
BA_PYR1_0006,nonbinder,0,LCA3S,0.7786,0.2275
BA_PYR1_0007,nonbinder,0,LCAM,0.8914,0.7858
BA_PYR1_0007,nonbinder,0,LCA3S,0.819,0.4528
BA_PYR1_0008,nonbinder,0,LCAM,0.7372,0.5708
BA_PYR1_0008,nonbinder,0,LCA3S,0.7327,0.3561
BA_PYR1_0009,nonbinder,0,LCAM,0.4669,0.4005
BA_PYR1_0009,nonbinder,0,LCA3S,0.616,0.3343
BA_PYR1_0010,nonbinder,0,LCAM,0.5239,0.4997
BA_PYR1_0010,nonbinder,0,LCA3S,0.7511,0.3315
BA_PYR1_0011,nonbinder,0,LCAM,0.8475,0.4153
BA_PYR1_0011,nonbinder,0,LCA3S,0.8401,0.1975
BA_PYR1_0012,nonbinder,0,LCAM,0.5414,0.8892
BA_PYR1_0012,nonbinder,0,LCA3S,0.7679,0.4084
BA_PYR1_0013,nonbinder,0,LCAM,0.6331,0.539
BA_PYR1_0013,nonbinder,0,LCA3S,0.5625,0.3999
BA_PYR1_0014,nonbinder,0,LCAM,0.5132,0.4004
BA_PYR1_0014,nonbinder,0,LCA3S,0.6025,0.5139
BA_PYR1_0015,nonbinder,1,LCAM,0.7666,0.5515
BA_PYR1_0015,nonbinder,1,LCA3S,0.8495,0.3324
BA_PYR1_0020,nonbinder,0,LCAM,0.8206,0.8859
BA_PYR1_0020,nonbinder,0,LCA3S,0.8468,0.8654
BA_PYR1_0021,nonbinder,0,LCAM,0.6271,0.7954
BA_PYR1_0021,nonbinder,0,LCA3S,0.7501,0.0911
BA_PYR1_0022,nonbinder,0,LCAM,0.7032,0.5741
BA_PYR1_0022,nonbinder,0,LCA3S,0.8316,0.4431
BA_PYR1_0023,nonbinder,0,LCAM,0.6082,0.5904
BA_PYR1_0023,nonbinder,0,LCA3S,0.8328,0.5912
BA_PYR1_0024,nonbinder,0,LCAM,0.8698,0.3195
BA_PYR1_0024,nonbinder,0,LCA3S,0.8868,0.4062
BA_PYR1_0025,nonbinder,0,LCAM,0.7919,0.882
BA_PYR1_0025,nonbinder,0,LCA3S,0.8073,0.1365
BA_PYR1_0026,nonbinder,0,LCAM,0.7919,0.4979
BA_PYR1_0026,nonbinder,0,LCA3S,0.8063,0.3846
BA_PYR1_0027,nonbinder,1,LCAM,0.8774,0.7453
BA_PYR1_0027,nonbinder,1,LCA3S,0.8976,0.0999
BA_PYR1_0028,nonbinder,0,LCAM,0.5268,0.9478
BA_PYR1_0028,nonbinder,0,LCA3S,0.5592,0.873
BA_PYR1_0029,nonbinder,0,LCAM,0.618,0.6616
BA_PYR1_0029,nonbinder,0,LCA3S,0.6421,0.3862
BA_PYR1_0030,nonbinder,0,LCAM,0.4533,0.7313
BA_PYR1_0030,nonbinder,0,LCA3S,0.474,0.5654
BA_PYR1_0031,nonbinder,0,LCAM,0.7781,0.68
BA_PYR1_0031,nonbinder,0,LCA3S,0.8369,0.3848
BA_PYR1_0032,nonbinder,0,LCAM,0.4407,0.3935
BA_PYR1_0032,nonbinder,0,LCA3S,0.6154,0.3941
BA_PYR1_0033,nonbinder,0,LCAM,0.7608,0.475
BA_PYR1_0033,nonbinder,0,LCA3S,0.8688,0.297
BA_PYR1_0034,nonbinder,0,LCAM,0.576,0.7218
BA_PYR1_0034,nonbinder,0,LCA3S,0.6036,0.4166
BA_PYR1_0035,nonbinder,0,LCAM,0.7914,0.7285
BA_PYR1_0035,nonbinder,0,LCA3S,0.8866,0.6211
BA_PYR1_0036,nonbinder,0,LCAM,0.7853,0.5007
BA_PYR1_0036,nonbinder,0,LCA3S,0.6359,0.1856
BA_PYR1_0037,nonbinder,0,LCAM,0.8139,0.8521
BA_PYR1_0037,nonbinder,0,LCA3S,0.7464,0.2829
BA_PYR1_0038,nonbinder,0,LCAM,0.8435,0.6823
BA_PYR1_0038,nonbinder,0,LCA3S,0.5294,0.1753
BA_PYR1_0039,nonbinder,0,LCAM,0.5954,0.4885
BA_PYR1_0039,nonbinder,0,LCA3S,0.7511,0.3594
BA_PYR1_0040,nonbinder,0,LCAM,0.5031,0.4166
BA_PYR1_0040,nonbinder,0,LCA3S,0.6714,0.558
BA_PYR1_0041,nonbinder,0,LCAM,0.5088,0.5477
BA_PYR1_0041,nonbinder,0,LCA3S,0.5362,0.4314
BA_PYR1_0042,nonbinder,0,LCAM,0.4701,0.7981
BA_PYR1_0042,nonbinder,0,LCA3S,0.5861,0.5928
BA_PYR1_0043,nonbinder,0,LCAM,0.6074,0.509
BA_PYR1_0043,nonbinder,0,LCA3S,0.7299,0.7049
BA_PYR1_0044,nonbinder,0,LCAM,0.5353,0.6501
BA_PYR1_0044,nonbinder,0,LCA3S,0.5375,0.2569
BA_PYR1_0045,nonbinder,0,LCAM,0.5963,0.4637
BA_PYR1_0045,nonbinder,0,LCA3S,0.5248,0.5389
BA_PYR1_0047,nonbinder,0,LCAM,0.5736,0.8469
BA_PYR1_0047,nonbinder,0,LCA3S,0.6675,0.1977
BA_PYR1_0048,nonbinder,0,LCAM,0.8354,0.8619
BA_PYR1_0048,nonbinder,0,LCA3S,0.8749,0.5491
BA_PYR1_0051,nonbinder,0,LCAM,0.8681,0.7272
BA_PYR1_0051,nonbinder,0,LCA3S,0.7665,0.0514
BA_PYR1_0052,nonbinder,0,LCAM,0.7857,0.6801
BA_PYR1_0052,nonbinder,0,LCA3S,0.7907,0.2269
BA_PYR1_0053,nonbinder,0,LCAM,0.564,0.5761
BA_PYR1_0053,nonbinder,0,LCA3S,0.8108,0.2285
BA_PYR1_0054,nonbinder,0,LCAM,0.8687,0.5355
BA_PYR1_0054,nonbinder,0,LCA3S,0.902,0.4259
BA_PYR1_0055,nonbinder,1,LCAM,0.8819,0.7293
BA_PYR1_0055,nonbinder,1,LCA3S,0.8929,0.1478
BA_PYR1_0056,nonbinder,0,LCAM,0.9007,0.5044
BA_PYR1_0056,nonbinder,0,LCA3S,0.9265,0.1603
BA_PYR1_0057,nonbinder,0,LCAM,0.9333,0.6525
BA_PYR1_0057,nonbinder,0,LCA3S,0.9109,0.3991
BA_PYR1_0058,nonbinder,0,LCAM,0.9047,0.492
BA_PYR1_0058,nonbinder,0,LCA3S,0.8858,0.15
BA_PYR1_0060,nonbinder,0,LCAM,0.7421,0.4941
BA_PYR1_0060,nonbinder,0,LCA3S,0.8781,0.9404
BA_PYR1_0061,nonbinder,0,LCAM,0.5227,0.6977
BA_PYR1_0061,nonbinder,0,LCA3S,0.7612,0.5578
BA_PYR1_0062,nonbinder,0,LCAM,0.5695,0.7096
BA_PYR1_0062,nonbinder,0,LCA3S,0.7284,0.4633
BA_PYR1_0063,nonbinder,0,LCAM,0.4725,0.4914
BA_PYR1_0063,nonbinder,0,LCA3S,0.5911,0.1928
BA_PYR1_0064,nonbinder,0,LCAM,0.7259,0.1349
BA_PYR1_0064,nonbinder,0,LCA3S,0.6881,0.3681
BA_PYR1_0065,nonbinder,0,LCAM,0.794,0.1758
BA_PYR1_0065,nonbinder,0,LCA3S,0.7643,0.2826
BA_PYR1_0066,nonbinder,0,LCAM,0.6772,0.4958
BA_PYR1_0066,nonbinder,0,LCA3S,0.8062,0.5753
BA_PYR1_0067,nonbinder,0,LCAM,0.5228,0.134
BA_PYR1_0067,nonbinder,0,LCA3S,0.5294,0.4437
BA_PYR1_0068,nonbinder,0,LCAM,0.6107,0.8653
BA_PYR1_0068,nonbinder,0,LCA3S,0.6563,0.1453
BA_PYR1_0069,nonbinder,0,LCAM,0.5994,0.6785
BA_PYR1_0069,nonbinder,0,LCA3S,0.6349,0.4287
BA_PYR1_0070,nonbinder,0,LCAM,0.6371,0.7371
BA_PYR1_0070,nonbinder,0,LCA3S,0.6927,0.1721
BA_PYR1_0071,nonbinder,0,LCAM,0.794,0.9105
BA_PYR1_0071,nonbinder,0,LCA3S,0.8708,0.441
BA_PYR1_0077,nonbinder,0,LCAM,0.8211,0.8631
BA_PYR1_0077,nonbinder,0,LCA3S,0.8482,0.351
BA_PYR1_0078,nonbinder,0,LCAM,0.5862,0.4988
BA_PYR1_0078,nonbinder,0,LCA3S,0.8379,0.4443
BA_PYR1_0081,nonbinder,0,LCAM,0.7176,0.9749
BA_PYR1_0081,nonbinder,0,LCA3S,0.8136,0.1365
BA_PYR1_0083,binder,1,LCAM,0.8706,0.3596
BA_PYR1_0083,binder,1,LCA3S,0.8336,0.1644
BA_PYR1_0084,binder,1,LCAM,0.864,0.8087
BA_PYR1_0084,binder,1,LCA3S,0.8686,0.0563
BA_PYR1_0085,binder,1,LCAM,0.8628,0.6132
BA_PYR1_0085,binder,1,LCA3S,0.8424,0.0593
BA_PYR1_0086,binder,1,LCAM,0.893,0.2972
BA_PYR1_0086,binder,1,LCA3S,0.8928,0.3835
BA_PYR1_0087,nonbinder,0,LCAM,0.8892,0.9261
BA_PYR1_0087,nonbinder,0,LCA3S,0.9419,0.2591
BA_PYR1_0088,nonbinder,0,LCAM,0.7238,0.8463
BA_PYR1_0088,nonbinder,0,LCA3S,0.9021,0.2029
BA_PYR1_0089,nonbinder,0,LCAM,0.9171,0.641
BA_PYR1_0089,nonbinder,0,LCA3S,0.9221,0.0579
BA_PYR1_0090,nonbinder,0,LCAM,0.8813,0.7532
BA_PYR1_0090,nonbinder,0,LCA3S,0.8796,0.179
BA_PYR1_0091,nonbinder,0,LCAM,0.855,0.7621
BA_PYR1_0091,nonbinder,0,LCA3S,0.912,0.0587
BA_PYR1_0092,nonbinder,1,LCAM,0.9373,0.6927
BA_PYR1_0092,nonbinder,1,LCA3S,0.9353,0.5137
BA_PYR1_0093,nonbinder,0,LCAM,0.7282,0.1425
BA_PYR1_0093,nonbinder,0,LCA3S,0.8413,0.0942
BA_PYR1_0094,nonbinder,1,LCAM,0.8683,0.8721
BA_PYR1_0094,nonbinder,1,LCA3S,0.9,0.0479
BA_PYR1_0095,nonbinder,0,LCAM,0.6147,0.3061
BA_PYR1_0095,nonbinder,0,LCA3S,0.624,0.401
BA_PYR1_0097,nonbinder,0,LCAM,0.6528,0.8472
BA_PYR1_0097,nonbinder,0,LCA3S,0.79,0.6352
BA_PYR1_0098,nonbinder,0,LCAM,0.7797,0.3314
BA_PYR1_0098,nonbinder,0,LCA3S,0.8293,0.2794
BA_PYR1_0099,nonbinder,0,LCAM,0.7571,0.6223
BA_PYR1_0099,nonbinder,0,LCA3S,0.7708,0.4653
BA_PYR1_0101,nonbinder,0,LCAM,0.5874,0.4713
BA_PYR1_0101,nonbinder,0,LCA3S,0.766,0.1071
BA_PYR1_0102,nonbinder,0,LCAM,0.8463,0.3423
BA_PYR1_0102,nonbinder,0,LCA3S,0.8858,0.2831
BA_PYR1_0103,nonbinder,0,LCAM,0.4954,0.5538
BA_PYR1_0103,nonbinder,0,LCA3S,0.7219,0.5812
BA_PYR1_0104,nonbinder,0,LCAM,0.6135,0.9245
BA_PYR1_0104,nonbinder,0,LCA3S,0.8515,0.2985
BA_PYR1_0105,nonbinder,0,LCAM,0.6941,0.3372
BA_PYR1_0105,nonbinder,0,LCA3S,0.5197,0.4611
BA_PYR1_0123,nonbinder,0,LCAM,0.5741,0.6239
BA_PYR1_0123,nonbinder,0,LCA3S,0.8884,0.5951
BA_PYR1_0124,nonbinder,0,LCAM,0.7237,0.8331
BA_PYR1_0124,nonbinder,0,LCA3S,0.8295,0.2916
BA_PYR1_0129,nonbinder,0,LCAM,0.6748,0.8652
BA_PYR1_0129,nonbinder,0,LCA3S,0.8468,0.1459
BA_PYR1_0130,nonbinder,0,LCAM,0.8408,0.5963
BA_PYR1_0130,nonbinder,0,LCA3S,0.8938,0.6899
BA_PYR1_0131,nonbinder,0,LCAM,0.6878,0.6823
BA_PYR1_0131,nonbinder,0,LCA3S,0.9154,0.6024
BA_PYR1_0132,nonbinder,0,LCAM,0.7255,0.8509
BA_PYR1_0132,nonbinder,0,LCA3S,0.8977,0.3003
BA_PYR1_0133,nonbinder,0,LCAM,0.5331,0.5343
BA_PYR1_0133,nonbinder,0,LCA3S,0.8425,0.534
BA_PYR1_0134,nonbinder,0,LCAM,0.7729,0.6502
BA_PYR1_0134,nonbinder,0,LCA3S,0.7977,0.1527
BA_PYR1_0135,nonbinder,0,LCAM,0.7611,0.5879
BA_PYR1_0135,nonbinder,0,LCA3S,0.8381,0.2015
BA_PYR1_0137,nonbinder,0,LCAM,0.824,0.7609
BA_PYR1_0137,nonbinder,0,LCA3S,0.8676,0.3801
BA_PYR1_0138,nonbinder,1,LCAM,0.859,0.5814
BA_PYR1_0138,nonbinder,1,LCA3S,0.8871,0.0721
BA_PYR1_0139,nonbinder,0,LCAM,0.8362,0.7911
BA_PYR1_0139,nonbinder,0,LCA3S,0.8915,0.1088
BA_PYR1_0140,nonbinder,0,LCAM,0.5208,0.6533
BA_PYR1_0140,nonbinder,0,LCA3S,0.689,0.9408
BA_PYR1_0151,nonbinder,0,LCAM,0.5526,0.3214
BA_PYR1_0151,nonbinder,0,LCA3S,0.9036,0.4391
BA_PYR1_0156,nonbinder,0,LCAM,0.6409,0.6994
BA_PYR1_0156,nonbinder,0,LCA3S,0.6908,0.6297
BA_PYR1_0157,nonbinder,0,LCAM,0.5921,0.4412
BA_PYR1_0157,nonbinder,0,LCA3S,0.6892,0.6314
BA_PYR1_0159,nonbinder,0,LCAM,0.6838,0.5868
BA_PYR1_0159,nonbinder,0,LCA3S,0.8569,0.6334
BA_PYR1_0160,nonbinder,0,LCAM,0.7776,0.9328
BA_PYR1_0160,nonbinder,0,LCA3S,0.8302,0.916
BA_PYR1_0161,nonbinder,0,LCAM,0.8434,0.71
BA_PYR1_0161,nonbinder,0,LCA3S,0.8741,0.5414
BA_PYR1_0162,nonbinder,0,LCAM,0.5016,0.3178
BA_PYR1_0162,nonbinder,0,LCA3S,0.7837,0.5132
BA_PYR1_0163,nonbinder,0,LCAM,0.8018,0.4255
BA_PYR1_0163,nonbinder,0,LCA3S,0.9001,0.5879
BA_PYR1_0164,nonbinder,0,LCAM,0.8032,0.5018
BA_PYR1_0164,nonbinder,0,LCA3S,0.9072,0.5556
BA_PYR1_0165,nonbinder,0,LCAM,0.6553,0.8583
BA_PYR1_0165,nonbinder,0,LCA3S,0.7541,0.5455
BA_PYR1_0166,nonbinder,0,LCAM,0.6628,0.8565
BA_PYR1_0166,nonbinder,0,LCA3S,0.8208,0.3423
BA_PYR1_0167,nonbinder,0,LCAM,0.6721,0.4368
BA_PYR1_0167,nonbinder,0,LCA3S,0.8257,0.6445
BA_PYR1_0168,nonbinder,0,LCAM,0.6724,0.2798
BA_PYR1_0168,nonbinder,0,LCA3S,0.8705,0.5828
BA_PYR1_0169,nonbinder,0,LCAM,0.7842,0.5026
BA_PYR1_0169,nonbinder,0,LCA3S,0.8683,0.4679
BA_PYR1_0170,nonbinder,0,LCAM,0.6496,0.4586
BA_PYR1_0170,nonbinder,0,LCA3S,0.8888,0.7566
BA_PYR1_0171,nonbinder,0,LCAM,0.7708,0.4949
BA_PYR1_0171,nonbinder,0,LCA3S,0.7539,0.5393
BA_PYR1_0172,nonbinder,0,LCAM,0.8089,0.4739
BA_PYR1_0172,nonbinder,0,LCA3S,0.7399,0.4811
BA_PYR1_0173,nonbinder,0,LCAM,0.7288,0.5415
BA_PYR1_0173,nonbinder,0,LCA3S,0.7289,0.551
BA_PYR1_0174,nonbinder,0,LCAM,0.7474,0.4653
BA_PYR1_0174,nonbinder,0,LCA3S,0.8619,0.3778
BA_PYR1_0175,nonbinder,0,LCAM,0.5801,0.5768
BA_PYR1_0175,nonbinder,0,LCA3S,0.6664,0.2309
BA_PYR1_0176,nonbinder,0,LCAM,0.8454,0.8104
BA_PYR1_0176,nonbinder,0,LCA3S,0.8391,0.2093
BA_PYR1_0177,nonbinder,0,LCAM,0.8012,0.7396
BA_PYR1_0177,nonbinder,0,LCA3S,0.813,0.4055
BA_PYR1_0178,nonbinder,0,LCAM,0.8305,0.4395
BA_PYR1_0178,nonbinder,0,LCA3S,0.827,0.2219
BA_PYR1_0179,nonbinder,0,LCAM,0.7839,0.702
BA_PYR1_0179,nonbinder,0,LCA3S,0.915,0.5403
BA_PYR1_0180,nonbinder,0,LCAM,0.8303,0.5867
BA_PYR1_0180,nonbinder,0,LCA3S,0.8613,0.189
BA_PYR1_0181,nonbinder,0,LCAM,0.7766,0.4393
BA_PYR1_0181,nonbinder,0,LCA3S,0.8452,0.2281
BA_PYR1_0182,nonbinder,0,LCAM,0.5479,0.5335
BA_PYR1_0182,nonbinder,0,LCA3S,0.6174,0.6543
BA_PYR1_0183,nonbinder,0,LCAM,0.5145,0.6924
BA_PYR1_0183,nonbinder,0,LCA3S,0.6846,0.6635
BA_PYR1_0184,nonbinder,0,LCAM,0.4826,0.7746
BA_PYR1_0184,nonbinder,0,LCA3S,0.655,0.8826
BA_PYR1_0185,nonbinder,0,LCAM,0.5255,0.6793
BA_PYR1_0185,nonbinder,0,LCA3S,0.7527,0.456
BA_PYR1_0186,nonbinder,0,LCAM,0.7428,0.5114
BA_PYR1_0186,nonbinder,0,LCA3S,0.8365,0.8815
BA_PYR1_0187,nonbinder,0,LCAM,0.8347,0.5032
BA_PYR1_0187,nonbinder,0,LCA3S,0.8668,0.828
BA_PYR1_0188,nonbinder,0,LCAM,0.5835,0.6373
BA_PYR1_0188,nonbinder,0,LCA3S,0.8115,0.7754
BA_PYR1_0189,nonbinder,0,LCAM,0.6053,0.4985
BA_PYR1_0189,nonbinder,0,LCA3S,0.7168,0.4128
BA_PYR1_0190,nonbinder,0,LCAM,0.8414,0.5258
BA_PYR1_0190,nonbinder,0,LCA3S,0.9107,0.3425
BA_PYR1_0191,nonbinder,0,LCAM,0.5657,0.4064
BA_PYR1_0191,nonbinder,0,LCA3S,0.7834,0.4898
BA_PYR1_0192,nonbinder,0,LCAM,0.7846,0.3652
BA_PYR1_0192,nonbinder,0,LCA3S,0.6309,0.4343
BA_PYR1_0194,nonbinder,1,LCAM,0.8525,0.2827
BA_PYR1_0194,nonbinder,1,LCA3S,0.8802,0.2225
BA_PYR1_0198,nonbinder,1,LCAM,0.7692,0.4966
BA_PYR1_0198,nonbinder,1,LCA3S,0.8684,0.0714
BA_PYR1_0199,nonbinder,1,LCAM,0.8992,0.8197
BA_PYR1_0199,nonbinder,1,LCA3S,0.9213,0.1974
BA_PYR1_0200,nonbinder,0,LCAM,0.6399,0.5438
BA_PYR1_0200,nonbinder,0,LCA3S,0.8249,0.2392
BA_PYR1_0201,binder,1,LCAM,0.8966,0.8114
BA_PYR1_0201,binder,1,LCA3S,0.808,0.6881
BA_PYR1_0202,nonbinder,0,LCAM,0.7997,0.8635
BA_PYR1_0202,nonbinder,0,LCA3S,0.8437,0.5808
BA_PYR1_0207,nonbinder,0,LCAM,0.6869,0.4232
BA_PYR1_0207,nonbinder,0,LCA3S,0.8124,0.3539
BA_PYR1_0209,nonbinder,0,LCAM,0.814,0.6535
BA_PYR1_0209,nonbinder,0,LCA3S,0.7707,0.2804
BA_PYR1_0210,nonbinder,0,LCAM,0.8396,0.7343
BA_PYR1_0210,nonbinder,0,LCA3S,0.836,0.5086
BA_PYR1_0213,nonbinder,0,LCAM,0.6038,0.5303
BA_PYR1_0213,nonbinder,0,LCA3S,0.8676,0.3406
BA_PYR1_0214,nonbinder,1,LCAM,0.9341,0.7627
BA_PYR1_0214,nonbinder,1,LCA3S,0.9417,0.4593
BA_PYR1_0215,nonbinder,0,LCAM,0.8351,0.8178
BA_PYR1_0215,nonbinder,0,LCA3S,0.9418,0.1191
BA_PYR1_0216,nonbinder,0,LCAM,0.7166,0.885
BA_PYR1_0216,nonbinder,0,LCA3S,0.9219,0.1502
BA_PYR1_0217,nonbinder,0,LCAM,0.8483,0.7555
BA_PYR1_0217,nonbinder,0,LCA3S,0.9106,0.1342
BA_PYR1_0218,nonbinder,0,LCAM,0.8426,0.7076
BA_PYR1_0218,nonbinder,0,LCA3S,0.9215,0.1144
BA_PYR1_0219,nonbinder,0,LCAM,0.792,0.3643
BA_PYR1_0219,nonbinder,0,LCA3S,0.8054,0.5382
BA_PYR1_0220,nonbinder,1,LCAM,0.8714,0.2179
BA_PYR1_0220,nonbinder,1,LCA3S,0.8711,0.4836
BA_PYR1_0221,nonbinder,0,LCAM,0.9103,0.759
BA_PYR1_0221,nonbinder,0,LCA3S,0.8982,0.263
BA_PYR1_0222,nonbinder,1,LCAM,0.8713,0.6638
BA_PYR1_0222,nonbinder,1,LCA3S,0.8547,0.2753
BA_PYR1_0223,nonbinder,0,LCAM,0.8832,0.8149
BA_PYR1_0223,nonbinder,0,LCA3S,0.9109,0.3627
BA_PYR1_0224,nonbinder,0,LCAM,0.86,0.8629
BA_PYR1_0224,nonbinder,0,LCA3S,0.9214,0.2344
BA_PYR1_0225,nonbinder,0,LCAM,0.8995,0.7569
BA_PYR1_0225,nonbinder,0,LCA3S,0.9092,0.1009
BA_PYR1_0226,nonbinder,0,LCAM,0.8617,0.6575
BA_PYR1_0226,nonbinder,0,LCA3S,0.8328,0.3235
BA_PYR1_0227,nonbinder,0,LCAM,0.9042,0.6771
BA_PYR1_0227,nonbinder,0,LCA3S,0.9175,0.2294
BA_PYR1_0228,nonbinder,0,LCAM,0.8926,0.6819
BA_PYR1_0228,nonbinder,0,LCA3S,0.9005,0.4694
BA_PYR1_0229,nonbinder,1,LCAM,0.9086,0.8339
BA_PYR1_0229,nonbinder,1,LCA3S,0.9502,0.0492
BA_PYR1_0230,nonbinder,0,LCAM,0.8837,0.7655
BA_PYR1_0230,nonbinder,0,LCA3S,0.9237,0.0279
BA_PYR1_0231,nonbinder,0,LCAM,0.7422,0.6263
BA_PYR1_0231,nonbinder,0,LCA3S,0.898,0.9589
BA_PYR1_0232,nonbinder,0,LCAM,0.7194,0.2808
BA_PYR1_0232,nonbinder,0,LCA3S,0.7117,0.3096
BA_PYR1_0233,nonbinder,0,LCAM,0.5922,0.8297
BA_PYR1_0233,nonbinder,0,LCA3S,0.8672,0.6014
BA_PYR1_0234,nonbinder,0,LCAM,0.6521,0.5023
BA_PYR1_0234,nonbinder,0,LCA3S,0.8037,0.3738
BA_PYR1_0235,nonbinder,0,LCAM,0.6207,0.7838
BA_PYR1_0235,nonbinder,0,LCA3S,0.8422,0.3598
BA_PYR1_0236,nonbinder,0,LCAM,0.6728,0.6169
BA_PYR1_0236,nonbinder,0,LCA3S,0.8597,0.2952
BA_PYR1_0237,nonbinder,0,LCAM,0.5239,0.423
BA_PYR1_0237,nonbinder,0,LCA3S,0.7385,0.2536
BA_PYR1_0238,nonbinder,0,LCAM,0.6464,0.7895
BA_PYR1_0238,nonbinder,0,LCA3S,0.7706,0.3582
BA_PYR1_0239,nonbinder,0,LCAM,0.5863,0.4963
BA_PYR1_0239,nonbinder,0,LCA3S,0.7891,0.3476
BA_PYR1_0240,nonbinder,0,LCAM,0.5081,0.4982
BA_PYR1_0240,nonbinder,0,LCA3S,0.6981,0.6472
BA_PYR1_0241,nonbinder,0,LCAM,0.8097,0.2388
BA_PYR1_0241,nonbinder,0,LCA3S,0.8866,0.4478
BA_PYR1_0242,nonbinder,0,LCAM,0.6823,0.3834
BA_PYR1_0242,nonbinder,0,LCA3S,0.7602,0.0716
BA_PYR1_0243,nonbinder,0,LCAM,0.5842,0.3038
BA_PYR1_0243,nonbinder,0,LCA3S,0.6905,0.2384
BA_PYR1_0244,nonbinder,0,LCAM,0.5523,0.5043
BA_PYR1_0244,nonbinder,0,LCA3S,0.5971,0.371
BA_PYR1_0245,nonbinder,0,LCAM,0.536,0.3466
BA_PYR1_0245,nonbinder,0,LCA3S,0.6828,0.4976
BA_PYR1_0246,nonbinder,0,LCAM,0.4828,0.5416
BA_PYR1_0246,nonbinder,0,LCA3S,0.7319,0.612
BA_PYR1_0247,nonbinder,0,LCAM,0.6573,0.6315
BA_PYR1_0247,nonbinder,0,LCA3S,0.8083,0.1872
BA_PYR1_0248,nonbinder,0,LCAM,0.684,0.4794
BA_PYR1_0248,nonbinder,0,LCA3S,0.849,0.1702
BA_PYR1_0258,nonbinder,0,LCAM,0.5027,0.4233
BA_PYR1_0258,nonbinder,0,LCA3S,0.6791,0.3557
BA_PYR1_0259,nonbinder,0,LCAM,0.576,0.5004
BA_PYR1_0259,nonbinder,0,LCA3S,0.6811,0.1484
BA_PYR1_0260,nonbinder,0,LCAM,0.5988,0.7697
BA_PYR1_0260,nonbinder,0,LCA3S,0.699,0.4688
BA_PYR1_0261,nonbinder,0,LCAM,0.8144,0.875
BA_PYR1_0261,nonbinder,0,LCA3S,0.8634,0.2738
BA_PYR1_0262,nonbinder,0,LCAM,0.869,0.8466
BA_PYR1_0262,nonbinder,0,LCA3S,0.878,0.1434
BA_PYR1_0263,nonbinder,0,LCAM,0.8077,0.8015
BA_PYR1_0263,nonbinder,0,LCA3S,0.8681,0.4252
BA_PYR1_0264,nonbinder,1,LCAM,0.8446,0.4323
BA_PYR1_0264,nonbinder,1,LCA3S,0.9211,0.3298
BA_PYR1_0265,binder,1,LCAM,0.8294,0.4568
BA_PYR1_0265,binder,1,LCA3S,0.8589,0.1207
BA_PYR1_0266,binder,1,LCAM,0.8241,0.4401
BA_PYR1_0266,binder,1,LCA3S,0.8025,0.1492
BA_PYR1_0269,nonbinder,0,LCAM,0.7182,0.0836
BA_PYR1_0269,nonbinder,0,LCA3S,0.8543,0.0895
BA_PYR1_0270,nonbinder,0,LCAM,0.6073,0.4581
BA_PYR1_0270,nonbinder,0,LCA3S,0.5931,0.2235
BA_PYR1_0272,nonbinder,0,LCAM,0.8022,0.0999
BA_PYR1_0272,nonbinder,0,LCA3S,0.8577,0.1982
BA_PYR1_0273,nonbinder,0,LCAM,0.6646,0.8226
BA_PYR1_0273,nonbinder,0,LCA3S,0.6161,0.6709
BA_PYR1_0274,nonbinder,0,LCAM,0.6902,0.3045
BA_PYR1_0274,nonbinder,0,LCA3S,0.5204,0.3255
BA_PYR1_0275,nonbinder,0,LCAM,0.7506,0.5106
BA_PYR1_0275,nonbinder,0,LCA3S,0.6848,0.1998
BA_PYR1_0276,nonbinder,1,LCAM,0.8248,0.5205
BA_PYR1_0276,nonbinder,1,LCA3S,0.7963,0.3827
BA_PYR1_0277,nonbinder,0,LCAM,0.7054,0.1827
BA_PYR1_0277,nonbinder,0,LCA3S,0.7822,0.1535
BA_PYR1_0278,nonbinder,0,LCAM,0.4882,0.7842
BA_PYR1_0278,nonbinder,0,LCA3S,0.7945,0.6731
BA_PYR1_0279,nonbinder,0,LCAM,0.6671,0.7751
BA_PYR1_0279,nonbinder,0,LCA3S,0.7724,0.0865
BA_PYR1_0280,nonbinder,0,LCAM,0.6531,0.5017
BA_PYR1_0280,nonbinder,0,LCA3S,0.6818,0.1956
BA_PYR1_0281,nonbinder,0,LCAM,0.7039,0.6834
BA_PYR1_0281,nonbinder,0,LCA3S,0.8341,0.3955
BA_PYR1_0282,nonbinder,0,LCAM,0.6048,0.5476
BA_PYR1_0282,nonbinder,0,LCA3S,0.6308,0.4384
BA_PYR1_0283,nonbinder,0,LCAM,0.5864,0.4647
BA_PYR1_0283,nonbinder,0,LCA3S,0.6444,0.4482
BA_PYR1_0284,nonbinder,0,LCAM,0.6554,0.6222
BA_PYR1_0284,nonbinder,0,LCA3S,0.6336,0.6263
BA_PYR1_0285,nonbinder,0,LCAM,0.6868,0.387
BA_PYR1_0285,nonbinder,0,LCA3S,0.7659,0.5151
BA_PYR1_0286,nonbinder,0,LCAM,0.6347,0.4435
BA_PYR1_0286,nonbinder,0,LCA3S,0.6948,0.4004
BA_PYR1_0287,nonbinder,0,LCAM,0.6081,0.491
BA_PYR1_0287,nonbinder,0,LCA3S,0.5759,0.655
BA_PYR1_0288,nonbinder,0,LCAM,0.4995,0.4381
BA_PYR1_0288,nonbinder,0,LCA3S,0.5767,0.5584
BA_PYR1_0289,nonbinder,0,LCAM,0.6072,0.5142
BA_PYR1_0289,nonbinder,0,LCA3S,0.6758,0.3057
BA_PYR1_0290,nonbinder,0,LCAM,0.7884,0.6234
BA_PYR1_0290,nonbinder,0,LCA3S,0.8161,0.4664
BA_PYR1_0291,nonbinder,0,LCAM,0.7145,0.1462
BA_PYR1_0291,nonbinder,0,LCA3S,0.7515,0.301
BA_PYR1_0292,nonbinder,0,LCAM,0.6651,0.4043
BA_PYR1_0292,nonbinder,0,LCA3S,0.8411,0.2448
BA_PYR1_0293,nonbinder,0,LCAM,0.6212,0.5192
BA_PYR1_0293,nonbinder,0,LCA3S,0.6016,0.2096
BA_PYR1_0294,nonbinder,0,LCAM,0.5148,0.5851
BA_PYR1_0294,nonbinder,0,LCA3S,0.6205,0.7446
BA_PYR1_0295,nonbinder,0,LCAM,0.5585,0.4111
BA_PYR1_0295,nonbinder,0,LCA3S,0.8496,0.3075
BA_PYR1_0296,nonbinder,0,LCAM,0.666,0.569
BA_PYR1_0296,nonbinder,0,LCA3S,0.6573,0.3131
BA_PYR1_0297,nonbinder,0,LCAM,0.7072,0.4102
BA_PYR1_0297,nonbinder,0,LCA3S,0.6244,0.562
BA_PYR1_0301,nonbinder,1,LCAM,0.8198,0.5224
BA_PYR1_0301,nonbinder,1,LCA3S,0.8311,0.5733
BA_PYR1_0302,nonbinder,0,LCAM,0.8352,0.4987
BA_PYR1_0302,nonbinder,0,LCA3S,0.8722,0.5775
BA_PYR1_0303,nonbinder,0,LCAM,0.7699,0.3625
BA_PYR1_0303,nonbinder,0,LCA3S,0.8443,0.0878
BA_PYR1_0304,nonbinder,0,LCAM,0.7319,0.3026
BA_PYR1_0304,nonbinder,0,LCA3S,0.7862,0.14
BA_PYR1_0305,nonbinder,0,LCAM,0.657,0.574
BA_PYR1_0305,nonbinder,0,LCA3S,0.831,0.0932
BA_PYR1_0306,nonbinder,0,LCAM,0.8606,0.6383
BA_PYR1_0306,nonbinder,0,LCA3S,0.8708,0.3854
BA_PYR1_0307,nonbinder,0,LCAM,0.6953,0.224
BA_PYR1_0307,nonbinder,0,LCA3S,0.8627,0.1895
BA_PYR1_0308,nonbinder,0,LCAM,0.7854,0.2635
BA_PYR1_0308,nonbinder,0,LCA3S,0.8615,0.2817
BA_PYR1_0309,nonbinder,0,LCAM,0.756,0.699
BA_PYR1_0309,nonbinder,0,LCA3S,0.8527,0.0824
BA_PYR1_0310,nonbinder,0,LCAM,0.8559,0.6483
BA_PYR1_0310,nonbinder,0,LCA3S,0.8815,0.4609
BA_PYR1_0311,nonbinder,0,LCAM,0.6718,0.4893
BA_PYR1_0311,nonbinder,0,LCA3S,0.8161,0.9214
BA_PYR1_0312,nonbinder,0,LCAM,0.6737,0.443
BA_PYR1_0312,nonbinder,0,LCA3S,0.6055,0.5456
BA_PYR1_0313,nonbinder,0,LCAM,0.6559,0.2747
BA_PYR1_0313,nonbinder,0,LCA3S,0.7399,0.1784
BA_PYR1_0314,nonbinder,0,LCAM,0.6199,0.3599
BA_PYR1_0314,nonbinder,0,LCA3S,0.7007,0.508
BA_PYR1_0315,nonbinder,0,LCAM,0.5265,0.466
BA_PYR1_0315,nonbinder,0,LCA3S,0.5236,0.3779
BA_PYR1_0316,nonbinder,0,LCAM,0.5702,0.3823
BA_PYR1_0316,nonbinder,0,LCA3S,0.5443,0.1783
BA_PYR1_0317,nonbinder,0,LCAM,0.5598,0.4788
BA_PYR1_0317,nonbinder,0,LCA3S,0.4915,0.342
BA_PYR1_0318,nonbinder,0,LCAM,0.6373,0.4515
BA_PYR1_0318,nonbinder,0,LCA3S,0.6566,0.2948
BA_PYR1_0319,nonbinder,0,LCAM,0.6422,0.4612
BA_PYR1_0319,nonbinder,0,LCA3S,0.6796,0.3593
BA_PYR1_0325,binder,1,LCAM,0.8394,0.3526
BA_PYR1_0325,binder,1,LCA3S,0.8214,0.511
BA_PYR1_0326,nonbinder,0,LCAM,0.5852,0.5374
BA_PYR1_0326,nonbinder,0,LCA3S,0.8311,0.3649
BA_PYR1_0327,nonbinder,0,LCAM,0.6329,0.0599
BA_PYR1_0327,nonbinder,0,LCA3S,0.8841,0.1458
BA_PYR1_0328,nonbinder,0,LCAM,0.763,0.0896
BA_PYR1_0328,nonbinder,0,LCA3S,0.9169,0.0757
BA_PYR1_0329,nonbinder,0,LCAM,0.6781,0.5842
BA_PYR1_0329,nonbinder,0,LCA3S,0.6964,0.2298
BA_PYR1_0330,nonbinder,0,LCAM,0.7054,0.5398
BA_PYR1_0330,nonbinder,0,LCA3S,0.5769,0.3742
BA_PYR1_0331,nonbinder,0,LCAM,0.7241,0.1
BA_PYR1_0331,nonbinder,0,LCA3S,0.8049,0.0953
BA_PYR1_0332,nonbinder,0,LCAM,0.777,0.4117
BA_PYR1_0332,nonbinder,0,LCA3S,0.6422,0.4056
BA_PYR1_0333,nonbinder,1,LCAM,0.6741,0.4066
BA_PYR1_0333,nonbinder,1,LCA3S,0.8615,0.1085
BA_PYR1_0334,nonbinder,0,LCAM,0.7899,0.1758
BA_PYR1_0334,nonbinder,0,LCA3S,0.9294,0.3826
BA_PYR1_0335,nonbinder,0,LCAM,0.7495,0.4931
BA_PYR1_0335,nonbinder,0,LCA3S,0.837,0.3701
BA_PYR1_0336,nonbinder,0,LCAM,0.5866,0.3996
BA_PYR1_0336,nonbinder,0,LCA3S,0.6767,0.3417
BA_PYR1_0337,nonbinder,0,LCAM,0.5209,0.2748
BA_PYR1_0337,nonbinder,0,LCA3S,0.6036,0.2458
BA_PYR1_0338,nonbinder,0,LCAM,0.6074,0.2921
BA_PYR1_0338,nonbinder,0,LCA3S,0.5678,0.2539
BA_PYR1_0339,nonbinder,0,LCAM,0.4614,0.6186
BA_PYR1_0339,nonbinder,0,LCA3S,0.663,0.4013
BA_PYR1_0340,nonbinder,0,LCAM,0.5895,0.5153
BA_PYR1_0340,nonbinder,0,LCA3S,0.5153,0.603
BA_PYR1_0341,nonbinder,0,LCAM,0.6711,0.2726
BA_PYR1_0341,nonbinder,0,LCA3S,0.5615,0.3382
BA_PYR1_0342,nonbinder,0,LCAM,0.6601,0.3618
BA_PYR1_0342,nonbinder,0,LCA3S,0.518,0.3866
BA_PYR1_0343,nonbinder,0,LCAM,0.4953,0.4886
BA_PYR1_0343,nonbinder,0,LCA3S,0.7019,0.6027
BA_PYR1_0344,nonbinder,0,LCAM,0.7052,0.4067
BA_PYR1_0344,nonbinder,0,LCA3S,0.6247,0.193
BA_PYR1_0345,nonbinder,0,LCAM,0.7,0.4823
BA_PYR1_0345,nonbinder,0,LCA3S,0.654,0.4928
BA_PYR1_0346,nonbinder,0,LCAM,0.5277,0.2161
BA_PYR1_0346,nonbinder,0,LCA3S,0.6177,0.1196
BA_PYR1_0347,nonbinder,0,LCAM,0.6119,0.5941
BA_PYR1_0347,nonbinder,0,LCA3S,0.6719,0.357
BA_PYR1_0348,nonbinder,0,LCAM,0.7785,0.6273
BA_PYR1_0348,nonbinder,0,LCA3S,0.6958,0.3185
BA_PYR1_0349,nonbinder,0,LCAM,0.7158,0.3239
BA_PYR1_0349,nonbinder,0,LCA3S,0.5278,0.6194
BA_PYR1_0350,nonbinder,0,LCAM,0.7118,0.4216
BA_PYR1_0350,nonbinder,0,LCA3S,0.5265,0.2708
BA_PYR1_0351,nonbinder,0,LCAM,0.6683,0.4955
BA_PYR1_0351,nonbinder,0,LCA3S,0.4985,0.7449
BA_PYR1_0352,nonbinder,1,LCAM,0.797,0.5513
BA_PYR1_0352,nonbinder,1,LCA3S,0.7803,0.4087
BA_PYR1_0353,nonbinder,0,LCAM,0.8126,0.7622
BA_PYR1_0353,nonbinder,0,LCA3S,0.6381,0.6254
BA_PYR1_0354,nonbinder,0,LCAM,0.6556,0.3208
BA_PYR1_0354,nonbinder,0,LCA3S,0.635,0.1087
BA_PYR1_0355,nonbinder,0,LCAM,0.6631,0.3696
BA_PYR1_0355,nonbinder,0,LCA3S,0.5742,0.4352
BA_PYR1_0356,nonbinder,0,LCAM,0.719,0.3177
BA_PYR1_0356,nonbinder,0,LCA3S,0.7592,0.3289
BA_PYR1_0357,nonbinder,0,LCAM,0.6124,0.6973
BA_PYR1_0357,nonbinder,0,LCA3S,0.6362,0.7451
BA_PYR1_0358,nonbinder,0,LCAM,0.7149,0.5892
BA_PYR1_0358,nonbinder,0,LCA3S,0.8118,0.2838
BA_PYR1_0359,nonbinder,0,LCAM,0.5433,0.5148
BA_PYR1_0359,nonbinder,0,LCA3S,0.6451,0.0714
BA_PYR1_0360,nonbinder,0,LCAM,0.6779,0.5581
BA_PYR1_0360,nonbinder,0,LCA3S,0.718,0.5121
BA_PYR1_0361,nonbinder,0,LCAM,0.6931,0.4606
BA_PYR1_0361,nonbinder,0,LCA3S,0.738,0.2257
BA_PYR1_0362,nonbinder,0,LCAM,0.4851,0.697
BA_PYR1_0362,nonbinder,0,LCA3S,0.7486,0.4182
BA_PYR1_0363,nonbinder,0,LCAM,0.7834,0.9281
BA_PYR1_0363,nonbinder,0,LCA3S,0.6946,0.5049
BA_PYR1_0364,nonbinder,0,LCAM,0.63,0.3742
BA_PYR1_0364,nonbinder,0,LCA3S,0.7989,0.3461
BA_PYR1_0365,nonbinder,0,LCAM,0.6346,0.49
BA_PYR1_0365,nonbinder,0,LCA3S,0.6433,0.4555
BA_PYR1_0366,nonbinder,0,LCAM,0.7265,0.2808
BA_PYR1_0366,nonbinder,0,LCA3S,0.7005,0.3549
BA_PYR1_0367,nonbinder,0,LCAM,0.4912,0.4973
BA_PYR1_0367,nonbinder,0,LCA3S,0.4807,0.5467
BA_PYR1_0368,nonbinder,0,LCAM,0.7031,0.3765
BA_PYR1_0368,nonbinder,0,LCA3S,0.5899,0.5142
BA_PYR1_0369,nonbinder,0,LCAM,0.6926,0.7785
BA_PYR1_0369,nonbinder,0,LCA3S,0.8212,0.2592
BA_PYR1_0370,nonbinder,0,LCAM,0.6425,0.587
BA_PYR1_0370,nonbinder,0,LCA3S,0.6019,0.4202
BA_PYR1_0371,nonbinder,0,LCAM,0.5472,0.5975
BA_PYR1_0371,nonbinder,0,LCA3S,0.7683,0.4413
BA_PYR1_0372,nonbinder,0,LCAM,0.6161,0.3742
BA_PYR1_0372,nonbinder,0,LCA3S,0.6322,0.4979
BA_PYR1_0373,nonbinder,0,LCAM,0.6198,0.4334
BA_PYR1_0373,nonbinder,0,LCA3S,0.6934,0.427
BA_PYR1_0374,nonbinder,0,LCAM,0.6852,0.4524
BA_PYR1_0374,nonbinder,0,LCA3S,0.6028,0.3062
BA_PYR1_0375,nonbinder,0,LCAM,0.6849,0.1211
BA_PYR1_0375,nonbinder,0,LCA3S,0.621,0.3238
BA_PYR1_0376,nonbinder,0,LCAM,0.6202,0.5153
BA_PYR1_0376,nonbinder,0,LCA3S,0.7805,0.4267
BA_PYR1_0377,nonbinder,0,LCAM,0.6134,0.3039
BA_PYR1_0377,nonbinder,0,LCA3S,0.628,0.6069
BA_PYR1_0378,nonbinder,0,LCAM,0.6402,0.3957
BA_PYR1_0378,nonbinder,0,LCA3S,0.5866,0.3993
BA_PYR1_0379,nonbinder,0,LCAM,0.6756,0.5911
BA_PYR1_0379,nonbinder,0,LCA3S,0.6379,0.2123
BA_PYR1_0380,nonbinder,0,LCAM,0.6016,0.6576
BA_PYR1_0380,nonbinder,0,LCA3S,0.7358,0.3269
BA_PYR1_0381,nonbinder,0,LCAM,0.5404,0.4751
BA_PYR1_0381,nonbinder,0,LCA3S,0.6138,0.5339
BA_PYR1_0382,nonbinder,0,LCAM,0.6668,0.444
BA_PYR1_0382,nonbinder,0,LCA3S,0.7279,0.4518
BA_PYR1_0383,nonbinder,0,LCAM,0.7135,0.6532
BA_PYR1_0383,nonbinder,0,LCA3S,0.5946,0.4836
BA_PYR1_0384,nonbinder,0,LCAM,0.6694,0.1901
BA_PYR1_0384,nonbinder,0,LCA3S,0.6256,0.552
BA_PYR1_0385,nonbinder,0,LCAM,0.6733,0.2901
BA_PYR1_0385,nonbinder,0,LCA3S,0.652,0.5962
BA_PYR1_0386,nonbinder,0,LCAM,0.5593,0.4254
BA_PYR1_0386,nonbinder,0,LCA3S,0.503,0.333
BA_PYR1_0387,nonbinder,0,LCAM,0.5081,0.2955
BA_PYR1_0387,nonbinder,0,LCA3S,0.7349,0.3245
BA_PYR1_0388,nonbinder,0,LCAM,0.6179,0.2245
BA_PYR1_0388,nonbinder,0,LCA3S,0.5105,0.3765
BA_PYR1_0389,nonbinder,0,LCAM,0.7043,0.3888
BA_PYR1_0389,nonbinder,0,LCA3S,0.6076,0.5333
BA_PYR1_0390,nonbinder,0,LCAM,0.6948,0.3702
BA_PYR1_0390,nonbinder,0,LCA3S,0.7616,0.308
BA_PYR1_0391,nonbinder,0,LCAM,0.6434,0.5659
BA_PYR1_0391,nonbinder,0,LCA3S,0.5442,0.498
BA_PYR1_0392,nonbinder,0,LCAM,0.5568,0.5813
BA_PYR1_0392,nonbinder,0,LCA3S,0.6759,0.5206
BA_PYR1_0393,nonbinder,0,LCAM,0.7222,0.3429
BA_PYR1_0393,nonbinder,0,LCA3S,0.5499,0.3889
BA_PYR1_0394,nonbinder,0,LCAM,0.7151,0.8529
BA_PYR1_0394,nonbinder,0,LCA3S,0.6358,0.8549
BA_PYR1_0395,nonbinder,0,LCAM,0.5121,0.6235
BA_PYR1_0395,nonbinder,0,LCA3S,0.6506,0.5597
BA_PYR1_0396,nonbinder,0,LCAM,0.5672,0.4576
BA_PYR1_0396,nonbinder,0,LCA3S,0.7997,0.3703
BA_PYR1_0397,nonbinder,0,LCAM,0.6624,0.2119
BA_PYR1_0397,nonbinder,0,LCA3S,0.5858,0.3515
BA_PYR1_0398,nonbinder,1,LCAM,0.8137,0.275
BA_PYR1_0398,nonbinder,1,LCA3S,0.8405,0.4523
BA_PYR1_0399,nonbinder,1,LCAM,0.7922,0.2718
BA_PYR1_0399,nonbinder,1,LCA3S,0.6468,0.1033
BA_PYR1_0400,nonbinder,1,LCAM,0.7847,0.1801
BA_PYR1_0400,nonbinder,1,LCA3S,0.7518,0.3969
BA_PYR1_0401,nonbinder,0,LCAM,0.5387,0.2424
BA_PYR1_0401,nonbinder,0,LCA3S,0.5563,0.3748
BA_PYR1_0402,nonbinder,1,LCAM,0.8361,0.4293
BA_PYR1_0402,nonbinder,1,LCA3S,0.7694,0.2052
BA_PYR1_0403,nonbinder,0,LCAM,0.756,0.3714
BA_PYR1_0403,nonbinder,0,LCA3S,0.5864,0.4872
BA_PYR1_0404,nonbinder,1,LCAM,0.8181,0.4978
BA_PYR1_0404,nonbinder,1,LCA3S,0.8103,0.516
BA_PYR1_0405,nonbinder,0,LCAM,0.6562,0.6862
BA_PYR1_0405,nonbinder,0,LCA3S,0.6701,0.3258
BA_PYR1_0406,nonbinder,0,LCAM,0.6834,0.3589
BA_PYR1_0406,nonbinder,0,LCA3S,0.5777,0.2579
BA_PYR1_0407,nonbinder,1,LCAM,0.6374,0.484
BA_PYR1_0407,nonbinder,1,LCA3S,0.7492,0.3347
BA_PYR1_0408,nonbinder,0,LCAM,0.7275,0.3006
BA_PYR1_0408,nonbinder,0,LCA3S,0.9154,0.1792
BA_PYR1_0409,nonbinder,0,LCAM,0.7214,0.3901
BA_PYR1_0409,nonbinder,0,LCA3S,0.9201,0.4449
BA_PYR1_0410,nonbinder,0,LCAM,0.8608,0.4449
BA_PYR1_0410,nonbinder,0,LCA3S,0.8663,0.5049
BA_PYR1_0411,nonbinder,1,LCAM,0.7541,0.2559
BA_PYR1_0411,nonbinder,1,LCA3S,0.7489,0.1081
BA_PYR1_0412,nonbinder,0,LCAM,0.6655,0.4716
BA_PYR1_0412,nonbinder,0,LCA3S,0.8147,0.1472
BA_PYR1_0413,nonbinder,0,LCAM,0.719,0.6545
BA_PYR1_0413,nonbinder,0,LCA3S,0.8377,0.2284
BA_PYR1_0414,nonbinder,1,LCAM,0.8787,0.6002
BA_PYR1_0414,nonbinder,1,LCA3S,0.8698,0.4538
BA_PYR1_0415,nonbinder,0,LCAM,0.7037,0.3758
BA_PYR1_0415,nonbinder,0,LCA3S,0.8595,0.1512
BA_PYR1_0416,nonbinder,0,LCAM,0.7987,0.3844
BA_PYR1_0416,nonbinder,0,LCA3S,0.7975,0.1786
BA_PYR1_0417,nonbinder,0,LCAM,0.8708,0.611
BA_PYR1_0417,nonbinder,0,LCA3S,0.8549,0.1479
BA_PYR1_0418,nonbinder,0,LCAM,0.7974,0.2038
BA_PYR1_0418,nonbinder,0,LCA3S,0.905,0.4401
BA_PYR1_0419,nonbinder,0,LCAM,0.6808,0.6603
BA_PYR1_0419,nonbinder,0,LCA3S,0.7249,0.2095
BA_PYR1_0420,nonbinder,0,LCAM,0.8596,0.2023
BA_PYR1_0420,nonbinder,0,LCA3S,0.8302,0.4584
BA_PYR1_0421,nonbinder,0,LCAM,0.782,0.0833
BA_PYR1_0421,nonbinder,0,LCA3S,0.8931,0.0461
BA_PYR1_0422,nonbinder,0,LCAM,0.7495,0.1861
BA_PYR1_0422,nonbinder,0,LCA3S,0.8825,0.0613
BA_PYR1_0423,nonbinder,1,LCAM,0.8158,0.7778
BA_PYR1_0423,nonbinder,1,LCA3S,0.7841,0.4969
BA_PYR1_0424,nonbinder,0,LCAM,0.6363,0.3549
BA_PYR1_0424,nonbinder,0,LCA3S,0.4684,0.3891
BA_PYR1_0425,nonbinder,0,LCAM,0.4799,0.7513
BA_PYR1_0425,nonbinder,0,LCA3S,0.516,0.4859
BA_PYR1_0426,nonbinder,0,LCAM,0.5328,0.3425
BA_PYR1_0426,nonbinder,0,LCA3S,0.6639,0.2673
BA_PYR1_0427,nonbinder,0,LCAM,0.681,0.4699
BA_PYR1_0427,nonbinder,0,LCA3S,0.5743,0.2393
BA_PYR1_0428,nonbinder,0,LCAM,0.6766,0.4308
BA_PYR1_0428,nonbinder,0,LCA3S,0.6841,0.0798
BA_PYR1_0429,nonbinder,0,LCAM,0.5491,0.4955
BA_PYR1_0429,nonbinder,0,LCA3S,0.6181,0.3105
BA_PYR1_0430,nonbinder,0,LCAM,0.5458,0.2473
BA_PYR1_0430,nonbinder,0,LCA3S,0.6559,0.4915
BA_PYR1_0431,nonbinder,0,LCAM,0.5525,0.2164
BA_PYR1_0431,nonbinder,0,LCA3S,0.6065,0.4016
BA_PYR1_0432,nonbinder,0,LCAM,0.5104,0.3406
BA_PYR1_0432,nonbinder,0,LCA3S,0.5614,0.4842
BA_PYR1_0433,nonbinder,0,LCAM,0.584,0.4305
BA_PYR1_0433,nonbinder,0,LCA3S,0.7572,0.3033
BA_PYR1_0434,nonbinder,0,LCAM,0.5549,0.3477
BA_PYR1_0434,nonbinder,0,LCA3S,0.5388,0.4863
BA_PYR1_0435,nonbinder,0,LCAM,0.6305,0.0618
BA_PYR1_0435,nonbinder,0,LCA3S,0.5977,0.4359
BA_PYR1_0436,nonbinder,0,LCAM,0.5234,0.2604
BA_PYR1_0436,nonbinder,0,LCA3S,0.639,0.4564
BA_PYR1_0437,nonbinder,0,LCAM,0.6703,0.3372
BA_PYR1_0437,nonbinder,0,LCA3S,0.5996,0.3409
BA_PYR1_0438,nonbinder,0,LCAM,0.524,0.3205
BA_PYR1_0438,nonbinder,0,LCA3S,0.5907,0.4013
BA_PYR1_0439,nonbinder,0,LCAM,0.5585,0.4729
BA_PYR1_0439,nonbinder,0,LCA3S,0.5989,0.2883
BA_PYR1_0440,nonbinder,0,LCAM,0.681,0.5261
BA_PYR1_0440,nonbinder,0,LCA3S,0.8462,0.1653
BA_PYR1_0441,nonbinder,0,LCAM,0.7953,0.5816
BA_PYR1_0441,nonbinder,0,LCA3S,0.8285,0.1471
BA_PYR1_0442,nonbinder,0,LCAM,0.7562,0.6448
BA_PYR1_0442,nonbinder,0,LCA3S,0.7032,0.1853
BA_PYR1_0443,nonbinder,0,LCAM,0.5028,0.8301
BA_PYR1_0443,nonbinder,0,LCA3S,0.7024,0.7157
BA_PYR1_0444,nonbinder,0,LCAM,0.549,0.4248
BA_PYR1_0444,nonbinder,0,LCA3S,0.7691,0.1302
BA_PYR1_0445,nonbinder,1,LCAM,0.8422,0.7649
BA_PYR1_0445,nonbinder,1,LCA3S,0.8853,0.0929
BA_PYR1_0446,nonbinder,0,LCAM,0.5979,0.5194
BA_PYR1_0446,nonbinder,0,LCA3S,0.6117,0.4579
BA_PYR1_0447,nonbinder,0,LCAM,0.6647,0.5102
BA_PYR1_0447,nonbinder,0,LCA3S,0.7065,0.8033
BA_PYR1_0448,nonbinder,0,LCAM,0.5668,0.2305
BA_PYR1_0448,nonbinder,0,LCA3S,0.6072,0.0922
BA_PYR1_0449,nonbinder,0,LCAM,0.6129,0.7245
BA_PYR1_0449,nonbinder,0,LCA3S,0.6735,0.4457
BA_PYR1_0450,nonbinder,1,LCAM,0.7877,0.7879
BA_PYR1_0450,nonbinder,1,LCA3S,0.7616,0.605
BA_PYR1_0452,nonbinder,0,LCAM,0.5168,0.285
BA_PYR1_0452,nonbinder,0,LCA3S,0.6309,0.3085
BA_PYR1_0453,nonbinder,0,LCAM,0.519,0.5192
BA_PYR1_0453,nonbinder,0,LCA3S,0.7638,0.892
BA_PYR1_0454,nonbinder,0,LCAM,0.4569,0.6577
BA_PYR1_0454,nonbinder,0,LCA3S,0.6384,0.6774
BA_PYR1_0455,nonbinder,0,LCAM,0.6668,0.3829
BA_PYR1_0455,nonbinder,0,LCA3S,0.6881,0.384
BA_PYR1_0456,nonbinder,0,LCAM,0.7737,0.7051
BA_PYR1_0456,nonbinder,0,LCA3S,0.7771,0.1802
BA_PYR1_0457,nonbinder,0,LCAM,0.7843,0.6963
BA_PYR1_0457,nonbinder,0,LCA3S,0.8309,0.1171
BA_PYR1_0458,nonbinder,0,LCAM,0.4963,0.423
BA_PYR1_0458,nonbinder,0,LCA3S,0.5488,0.9064
BA_PYR1_0459,nonbinder,0,LCAM,0.5519,0.4868
BA_PYR1_0459,nonbinder,0,LCA3S,0.636,0.4803
BA_PYR1_0460,nonbinder,0,LCAM,0.497,0.5403
BA_PYR1_0460,nonbinder,0,LCA3S,0.656,0.2486
BA_PYR1_0461,nonbinder,0,LCAM,0.6833,0.4516
BA_PYR1_0461,nonbinder,0,LCA3S,0.6497,0.5849
BA_PYR1_0462,nonbinder,0,LCAM,0.4944,0.4809
BA_PYR1_0462,nonbinder,0,LCA3S,0.5893,0.6384
BA_PYR1_0463,nonbinder,0,LCAM,0.591,0.7921
BA_PYR1_0463,nonbinder,0,LCA3S,0.6946,0.3098
BA_PYR1_0464,nonbinder,0,LCAM,0.606,0.6455
BA_PYR1_0464,nonbinder,0,LCA3S,0.6378,0.6955
BA_PYR1_0465,nonbinder,0,LCAM,0.5678,0.4936
BA_PYR1_0465,nonbinder,0,LCA3S,0.6228,0.6178
BA_PYR1_0466,nonbinder,0,LCAM,0.6865,0.646
BA_PYR1_0466,nonbinder,0,LCA3S,0.568,0.4709
BA_PYR1_0467,nonbinder,0,LCAM,0.7522,0.4827
BA_PYR1_0467,nonbinder,0,LCA3S,0.7236,0.3062
BA_PYR1_0468,nonbinder,0,LCAM,0.6014,0.4212
BA_PYR1_0468,nonbinder,0,LCA3S,0.5539,0.4316
BA_PYR1_0469,nonbinder,0,LCAM,0.5361,0.4378
BA_PYR1_0469,nonbinder,0,LCA3S,0.6593,0.1568
BA_PYR1_0470,nonbinder,0,LCAM,0.5141,0.614
BA_PYR1_0470,nonbinder,0,LCA3S,0.5784,0.3914
BA_PYR1_0471,nonbinder,0,LCAM,0.565,0.6854
BA_PYR1_0471,nonbinder,0,LCA3S,0.7723,0.2683
BA_PYR1_0472,nonbinder,0,LCAM,0.6463,0.4966
BA_PYR1_0472,nonbinder,0,LCA3S,0.7487,0.6962
BA_PYR1_0473,nonbinder,0,LCAM,0.5937,0.454
BA_PYR1_0473,nonbinder,0,LCA3S,0.6402,0.2493
BA_PYR1_0474,nonbinder,0,LCAM,0.7081,0.3048
BA_PYR1_0474,nonbinder,0,LCA3S,0.5679,0.4843
BA_PYR1_0475,nonbinder,0,LCAM,0.8277,0.1604
BA_PYR1_0475,nonbinder,0,LCA3S,0.9005,0.1103
BA_PYR1_0476,nonbinder,1,LCAM,0.7182,0.4985
BA_PYR1_0476,nonbinder,1,LCA3S,0.858,0.0941
BA_PYR1_0477,nonbinder,1,LCAM,0.8344,0.691
BA_PYR1_0477,nonbinder,1,LCA3S,0.8648,0.4043
BA_PYR1_0478,nonbinder,0,LCAM,0.7271,0.5255
BA_PYR1_0478,nonbinder,0,LCA3S,0.7895,0.1658
BA_PYR1_0479,nonbinder,0,LCAM,0.6824,0.4687
BA_PYR1_0479,nonbinder,0,LCA3S,0.5891,0.2036
BA_PYR1_0480,nonbinder,0,LCAM,0.721,0.8733
BA_PYR1_0480,nonbinder,0,LCA3S,0.7827,0.421
BA_PYR1_0481,nonbinder,0,LCAM,0.5025,0.5078
BA_PYR1_0481,nonbinder,0,LCA3S,0.7075,0.3342
BA_PYR1_0482,nonbinder,0,LCAM,0.7706,0.3064
BA_PYR1_0482,nonbinder,0,LCA3S,0.7542,0.4206
BA_PYR1_0483,nonbinder,0,LCAM,0.6456,0.6433
BA_PYR1_0483,nonbinder,0,LCA3S,0.648,0.0886
BA_PYR1_0484,nonbinder,0,LCAM,0.716,0.5371
BA_PYR1_0484,nonbinder,0,LCA3S,0.6868,0.0824
BA_PYR1_0485,nonbinder,0,LCAM,0.764,0.2821
BA_PYR1_0485,nonbinder,0,LCA3S,0.8142,0.4226
BA_PYR1_0486,nonbinder,0,LCAM,0.6997,0.5082
BA_PYR1_0486,nonbinder,0,LCA3S,0.771,0.2317
BA_PYR1_0487,nonbinder,0,LCAM,0.7878,0.8453
BA_PYR1_0487,nonbinder,0,LCA3S,0.7705,0.0871
BA_PYR1_0488,nonbinder,0,LCAM,0.7408,0.4493
BA_PYR1_0488,nonbinder,0,LCA3S,0.6594,0.3226
BA_PYR1_0489,nonbinder,0,LCAM,0.7672,0.294
BA_PYR1_0489,nonbinder,0,LCA3S,0.7333,0.3001
BA_PYR1_0490,nonbinder,0,LCAM,0.7502,0.6098
BA_PYR1_0490,nonbinder,0,LCA3S,0.7763,0.2092
BA_PYR1_0491,nonbinder,0,LCAM,0.6925,0.8327
BA_PYR1_0491,nonbinder,0,LCA3S,0.6617,0.5141
BA_PYR1_0492,nonbinder,0,LCAM,0.7975,0.5973
BA_PYR1_0492,nonbinder,0,LCA3S,0.8119,0.545
BA_PYR1_0493,nonbinder,0,LCAM,0.7967,0.6714
BA_PYR1_0493,nonbinder,0,LCA3S,0.8903,0.2365
BA_PYR1_0494,nonbinder,0,LCAM,0.7999,0.6465
BA_PYR1_0494,nonbinder,0,LCA3S,0.7867,0.5468
BA_PYR1_0495,nonbinder,0,LCAM,0.6745,0.8639
BA_PYR1_0495,nonbinder,0,LCA3S,0.8031,0.387
BA_PYR1_0496,nonbinder,0,LCAM,0.7803,0.755
BA_PYR1_0496,nonbinder,0,LCA3S,0.7637,0.4435
BA_PYR1_0497,nonbinder,0,LCAM,0.583,0.2904
BA_PYR1_0497,nonbinder,0,LCA3S,0.7392,0.8891
BA_PYR1_0498,nonbinder,0,LCAM,0.5343,0.4671
BA_PYR1_0498,nonbinder,0,LCA3S,0.5819,0.4211
BA_PYR1_0499,nonbinder,0,LCAM,0.6124,0.5006
BA_PYR1_0499,nonbinder,0,LCA3S,0.6519,0.193
BA_PYR1_0500,nonbinder,0,LCAM,0.5743,0.4216
BA_PYR1_0500,nonbinder,0,LCA3S,0.7269,0.207
BA_PYR1_0501,nonbinder,0,LCAM,0.6314,0.496
BA_PYR1_0501,nonbinder,0,LCA3S,0.6903,0.2489
BA_PYR1_0502,nonbinder,0,LCAM,0.4697,0.3063
BA_PYR1_0502,nonbinder,0,LCA3S,0.5802,0.5354
BA_PYR1_0503,nonbinder,0,LCAM,0.6169,0.4993
BA_PYR1_0503,nonbinder,0,LCA3S,0.6951,0.2362
BA_PYR1_0504,nonbinder,0,LCAM,0.7006,0.3844
BA_PYR1_0504,nonbinder,0,LCA3S,0.6386,0.4964
BA_PYR1_0505,nonbinder,0,LCAM,0.5033,0.2763
BA_PYR1_0505,nonbinder,0,LCA3S,0.5723,0.2793
BA_PYR1_0506,nonbinder,0,LCAM,0.5174,0.9131
BA_PYR1_0506,nonbinder,0,LCA3S,0.7001,0.4877
BA_PYR1_0507,nonbinder,0,LCAM,0.5108,0.7729
BA_PYR1_0507,nonbinder,0,LCA3S,0.6485,0.4207
BA_PYR1_0508,nonbinder,0,LCAM,0.5695,0.2649
BA_PYR1_0508,nonbinder,0,LCA3S,0.5923,0.3588
BA_PYR1_0509,nonbinder,0,LCAM,0.5262,0.4915
BA_PYR1_0509,nonbinder,0,LCA3S,0.6845,0.4065
BA_PYR1_0510,nonbinder,0,LCAM,0.4776,0.4726
BA_PYR1_0510,nonbinder,0,LCA3S,0.6005,0.592
BA_PYR1_0511,nonbinder,0,LCAM,0.7419,0.8254
BA_PYR1_0511,nonbinder,0,LCA3S,0.8315,0.4154
BA_PYR1_0512,nonbinder,0,LCAM,0.4902,0.4389
BA_PYR1_0512,nonbinder,0,LCA3S,0.8112,0.8732
BA_PYR1_0513,nonbinder,0,LCAM,0.5257,0.657
BA_PYR1_0513,nonbinder,0,LCA3S,0.8136,0.3233
BA_PYR1_0515,nonbinder,0,LCAM,0.7756,0.6691
BA_PYR1_0515,nonbinder,0,LCA3S,0.854,0.1169
BA_PYR1_0516,nonbinder,0,LCAM,0.618,0.5247
BA_PYR1_0516,nonbinder,0,LCA3S,0.8342,0.2047
BA_PYR1_0517,nonbinder,0,LCAM,0.675,0.5243
BA_PYR1_0517,nonbinder,0,LCA3S,0.7188,0.5414
BA_PYR1_0518,nonbinder,0,LCAM,0.8502,0.7104
BA_PYR1_0518,nonbinder,0,LCA3S,0.7769,0.3594
BA_PYR1_0519,nonbinder,0,LCAM,0.8723,0.717
BA_PYR1_0519,nonbinder,0,LCA3S,0.8285,0.5877
BA_PYR1_0520,nonbinder,0,LCAM,0.8121,0.7011
BA_PYR1_0520,nonbinder,0,LCA3S,0.889,0.1525
BA_PYR1_0521,nonbinder,0,LCAM,0.5092,0.4942
BA_PYR1_0521,nonbinder,0,LCA3S,0.7771,0.136
BA_PYR1_0522,nonbinder,0,LCAM,0.7529,0.6171
BA_PYR1_0522,nonbinder,0,LCA3S,0.7039,0.3006
BA_PYR1_0523,nonbinder,0,LCAM,0.4859,0.4782
BA_PYR1_0523,nonbinder,0,LCA3S,0.6763,0.5746
BA_PYR1_0524,nonbinder,0,LCAM,0.5584,0.8024
BA_PYR1_0524,nonbinder,0,LCA3S,0.7688,0.4032
BA_PYR1_0525,nonbinder,0,LCAM,0.7478,0.4503
BA_PYR1_0525,nonbinder,0,LCA3S,0.8365,0.2945
BA_PYR1_0526,nonbinder,0,LCAM,0.7175,0.8034
BA_PYR1_0526,nonbinder,0,LCA3S,0.8411,0.4522
BA_PYR1_0527,nonbinder,0,LCAM,0.6574,0.7771
BA_PYR1_0527,nonbinder,0,LCA3S,0.7206,0.1025
BA_PYR1_0528,nonbinder,0,LCAM,0.5304,0.5604
BA_PYR1_0528,nonbinder,0,LCA3S,0.8091,0.7866
BA_PYR1_0529,nonbinder,0,LCAM,0.8665,0.58
BA_PYR1_0529,nonbinder,0,LCA3S,0.9011,0.2815
BA_PYR1_0530,nonbinder,0,LCAM,0.7768,0.757
BA_PYR1_0530,nonbinder,0,LCA3S,0.8087,0.1517
BA_PYR1_0531,nonbinder,0,LCAM,0.8436,0.5375
BA_PYR1_0531,nonbinder,0,LCA3S,0.8242,0.1698
BA_PYR1_0532,nonbinder,0,LCAM,0.4855,0.8138
BA_PYR1_0532,nonbinder,0,LCA3S,0.5297,0.5823
BA_PYR1_0533,nonbinder,0,LCAM,0.7577,0.5066
BA_PYR1_0533,nonbinder,0,LCA3S,0.8764,0.6129
BA_PYR1_0534,nonbinder,0,LCAM,0.606,0.4839
BA_PYR1_0534,nonbinder,0,LCA3S,0.6613,0.2961
BA_PYR1_0535,nonbinder,0,LCAM,0.7363,0.7118
BA_PYR1_0535,nonbinder,0,LCA3S,0.758,0.2222
BA_PYR1_0536,nonbinder,0,LCAM,0.6727,0.5174
BA_PYR1_0536,nonbinder,0,LCA3S,0.6448,0.6432
BA_PYR1_0537,nonbinder,0,LCAM,0.79,0.6602
BA_PYR1_0537,nonbinder,0,LCA3S,0.7758,0.4684
BA_PYR1_0538,nonbinder,0,LCAM,0.5279,0.4651
BA_PYR1_0538,nonbinder,0,LCA3S,0.7656,0.5384
BA_PYR1_0539,nonbinder,0,LCAM,0.6023,0.3947
BA_PYR1_0539,nonbinder,0,LCA3S,0.7665,0.6164
BA_PYR1_0540,nonbinder,0,LCAM,0.8511,0.623
BA_PYR1_0540,nonbinder,0,LCA3S,0.8094,0.5412
BA_PYR1_0541,nonbinder,0,LCAM,0.6975,0.4978
BA_PYR1_0541,nonbinder,0,LCA3S,0.747,0.3055
BA_PYR1_0542,nonbinder,0,LCAM,0.6799,0.6642
BA_PYR1_0542,nonbinder,0,LCA3S,0.758,0.3918
BA_PYR1_0543,nonbinder,0,LCAM,0.568,0.37
BA_PYR1_0543,nonbinder,0,LCA3S,0.6767,0.7688
BA_PYR1_0544,nonbinder,0,LCAM,0.6038,0.4959
BA_PYR1_0544,nonbinder,0,LCA3S,0.8587,0.6163
BA_PYR1_0545,nonbinder,0,LCAM,0.7264,0.6146
BA_PYR1_0545,nonbinder,0,LCA3S,0.6354,0.3806
BA_PYR1_0546,nonbinder,0,LCAM,0.8514,0.7822
BA_PYR1_0546,nonbinder,0,LCA3S,0.7859,0.3867
BA_PYR1_0547,nonbinder,0,LCAM,0.7863,0.6088
BA_PYR1_0547,nonbinder,0,LCA3S,0.7117,0.1979
BA_PYR1_0548,nonbinder,0,LCAM,0.5261,0.4999
BA_PYR1_0548,nonbinder,0,LCA3S,0.6907,0.6409
BA_PYR1_0549,nonbinder,0,LCAM,0.4713,0.7148
BA_PYR1_0549,nonbinder,0,LCA3S,0.6696,0.6119
BA_PYR1_0550,nonbinder,0,LCAM,0.5075,0.4699
BA_PYR1_0550,nonbinder,0,LCA3S,0.7324,0.4487
BA_PYR1_0551,nonbinder,0,LCAM,0.8301,0.4979
BA_PYR1_0551,nonbinder,0,LCA3S,0.8701,0.7246
BA_PYR1_0552,nonbinder,0,LCAM,0.5987,0.5325
BA_PYR1_0552,nonbinder,0,LCA3S,0.6958,0.646
BA_PYR1_0553,nonbinder,0,LCAM,0.8479,0.7867
BA_PYR1_0553,nonbinder,0,LCA3S,0.8599,0.5002
BA_PYR1_0554,nonbinder,1,LCAM,0.8325,0.7802
BA_PYR1_0554,nonbinder,1,LCA3S,0.8875,0.4241
BA_PYR1_0555,nonbinder,0,LCAM,0.7739,0.5492
BA_PYR1_0555,nonbinder,0,LCA3S,0.8225,0.3708
BA_PYR1_0556,nonbinder,0,LCAM,0.6835,0.9258
BA_PYR1_0556,nonbinder,0,LCA3S,0.7172,0.384
BA_PYR1_0557,nonbinder,0,LCAM,0.8133,0.8967
BA_PYR1_0557,nonbinder,0,LCA3S,0.8506,0.4571
BA_PYR1_0559,nonbinder,0,LCAM,0.7983,0.6537
BA_PYR1_0559,nonbinder,0,LCA3S,0.8723,0.3671
BA_PYR1_0560,nonbinder,0,LCAM,0.6569,0.5895
BA_PYR1_0560,nonbinder,0,LCA3S,0.7912,0.5204
BA_PYR1_0561,nonbinder,0,LCAM,0.6362,0.4189
BA_PYR1_0561,nonbinder,0,LCA3S,0.8342,0.4944
BA_PYR1_0562,nonbinder,0,LCAM,0.7657,0.8062
BA_PYR1_0562,nonbinder,0,LCA3S,0.6939,0.1314
BA_PYR1_0563,nonbinder,0,LCAM,0.6421,0.6986
BA_PYR1_0563,nonbinder,0,LCA3S,0.8297,0.1962
BA_PYR1_0564,nonbinder,0,LCAM,0.8602,0.5712
BA_PYR1_0564,nonbinder,0,LCA3S,0.8551,0.4007
BA_PYR1_0565,nonbinder,1,LCAM,0.8751,0.5615
BA_PYR1_0565,nonbinder,1,LCA3S,0.8329,0.0925
BA_PYR1_0566,nonbinder,0,LCAM,0.7889,0.2595
BA_PYR1_0566,nonbinder,0,LCA3S,0.8135,0.4926
BA_PYR1_0567,nonbinder,0,LCAM,0.9203,0.6723
BA_PYR1_0567,nonbinder,0,LCA3S,0.8988,0.3075
BA_PYR1_0568,nonbinder,0,LCAM,0.8872,0.7093
BA_PYR1_0568,nonbinder,0,LCA3S,0.9015,0.4214
BA_PYR1_0569,nonbinder,0,LCAM,0.9134,0.9092
BA_PYR1_0569,nonbinder,0,LCA3S,0.9214,0.0923
BA_PYR1_0570,nonbinder,0,LCAM,0.9096,0.6444
BA_PYR1_0570,nonbinder,0,LCA3S,0.9126,0.1319
BA_PYR1_0571,nonbinder,0,LCAM,0.8946,0.4811
BA_PYR1_0571,nonbinder,0,LCA3S,0.9206,0.2786
BA_PYR1_0572,nonbinder,0,LCAM,0.8452,0.788
BA_PYR1_0572,nonbinder,0,LCA3S,0.9051,0.036
BA_PYR1_0573,nonbinder,0,LCAM,0.6976,0.4362
BA_PYR1_0573,nonbinder,0,LCA3S,0.8497,0.9312
BA_PYR1_0574,nonbinder,0,LCAM,0.6259,0.1887
BA_PYR1_0574,nonbinder,0,LCA3S,0.6878,0.1789
BA_PYR1_0575,nonbinder,0,LCAM,0.6648,0.3275
BA_PYR1_0575,nonbinder,0,LCA3S,0.7537,0.4438
BA_PYR1_0576,nonbinder,0,LCAM,0.5071,0.4654
BA_PYR1_0576,nonbinder,0,LCA3S,0.6218,0.4144
BA_PYR1_0577,nonbinder,0,LCAM,0.5522,0.4903
BA_PYR1_0577,nonbinder,0,LCA3S,0.5736,0.2056
BA_PYR1_0578,nonbinder,0,LCAM,0.4941,0.4789
BA_PYR1_0578,nonbinder,0,LCA3S,0.5274,0.319
BA_PYR1_0579,nonbinder,0,LCAM,0.4776,0.5148
BA_PYR1_0579,nonbinder,0,LCA3S,0.7054,0.6152
BA_PYR1_0580,nonbinder,0,LCAM,0.6068,0.4011
BA_PYR1_0580,nonbinder,0,LCA3S,0.667,0.3684
BA_PYR1_0581,nonbinder,0,LCAM,0.627,0.4747
BA_PYR1_0581,nonbinder,0,LCA3S,0.6857,0.5666
BA_PYR1_0582,nonbinder,0,LCAM,0.6074,0.6922
BA_PYR1_0582,nonbinder,0,LCA3S,0.5875,0.5699
BA_PYR1_0583,nonbinder,0,LCAM,0.6959,0.5286
BA_PYR1_0583,nonbinder,0,LCA3S,0.6719,0.2256
BA_PYR1_0584,nonbinder,0,LCAM,0.7833,0.8427
BA_PYR1_0584,nonbinder,0,LCA3S,0.8696,0.3783
BA_PYR1_0585,nonbinder,0,LCAM,0.8323,0.6504
BA_PYR1_0585,nonbinder,0,LCA3S,0.7309,0.3477
BA_PYR1_0592,binder,1,LCAM,0.8394,0.8051
BA_PYR1_0592,binder,1,LCA3S,0.8637,0.1522
BA_PYR1_0593,binder,1,LCAM,0.9129,0.7891
BA_PYR1_0593,binder,1,LCA3S,0.9297,0.2212
BA_PYR1_0594,binder,1,LCAM,0.8975,0.7633
BA_PYR1_0594,binder,1,LCA3S,0.8951,0.0294
BA_PYR1_0595,binder,1,LCAM,0.8636,0.9921
BA_PYR1_0595,binder,1,LCA3S,0.8878,0.057
BA_PYR1_0596,nonbinder,0,LCAM,0.8413,0.7093
BA_PYR1_0596,nonbinder,0,LCA3S,0.9458,0.0582
BA_PYR1_0597,nonbinder,0,LCAM,0.6256,0.6262
BA_PYR1_0597,nonbinder,0,LCA3S,0.9003,0.1612
BA_PYR1_0598,nonbinder,0,LCAM,0.8145,0.5543
BA_PYR1_0598,nonbinder,0,LCA3S,0.9178,0.0379
BA_PYR1_0599,nonbinder,1,LCAM,0.9393,0.6592
BA_PYR1_0599,nonbinder,1,LCA3S,0.9567,0.092
BA_PYR1_0600,nonbinder,0,LCAM,0.5628,0.508
BA_PYR1_0600,nonbinder,0,LCA3S,0.6215,0.1019
BA_PYR1_0601,nonbinder,0,LCAM,0.7041,0.8107
BA_PYR1_0601,nonbinder,0,LCA3S,0.7091,0.2255
BA_PYR1_0602,nonbinder,0,LCAM,0.6706,0.9164
BA_PYR1_0602,nonbinder,0,LCA3S,0.7468,0.0875
BA_PYR1_0603,nonbinder,0,LCAM,0.5223,0.491
BA_PYR1_0603,nonbinder,0,LCA3S,0.5799,0.2848
BA_PYR1_0604,nonbinder,0,LCAM,0.7997,0.679
BA_PYR1_0604,nonbinder,0,LCA3S,0.8928,0.3407
BA_PYR1_0605,nonbinder,1,LCAM,0.6248,0.5334
BA_PYR1_0605,nonbinder,1,LCA3S,0.8814,0.1088
BA_PYR1_0606,nonbinder,0,LCAM,0.5685,0.5895
BA_PYR1_0606,nonbinder,0,LCA3S,0.7223,0.5151
BA_PYR1_0607,nonbinder,0,LCAM,0.5539,0.7121
BA_PYR1_0607,nonbinder,0,LCA3S,0.8862,0.4357
BA_PYR1_0608,nonbinder,1,LCAM,0.8419,0.7813
BA_PYR1_0608,nonbinder,1,LCA3S,0.883,0.0654
BA_PYR1_0609,nonbinder,0,LCAM,0.8278,0.7179
BA_PYR1_0609,nonbinder,0,LCA3S,0.8742,0.1583
BA_PYR1_0611,nonbinder,0,LCAM,0.8039,0.8988
BA_PYR1_0611,nonbinder,0,LCA3S,0.792,0.8622
BA_PYR1_0612,nonbinder,0,LCAM,0.4753,0.8797
BA_PYR1_0612,nonbinder,0,LCA3S,0.5523,0.5293
BA_PYR1_0613,nonbinder,0,LCAM,0.7675,0.5223
BA_PYR1_0613,nonbinder,0,LCA3S,0.781,0.2492
BA_PYR1_0614,nonbinder,0,LCAM,0.492,0.4416
BA_PYR1_0614,nonbinder,0,LCA3S,0.7416,0.3402
BA_PYR1_0615,nonbinder,0,LCAM,0.601,0.4681
BA_PYR1_0615,nonbinder,0,LCA3S,0.7073,0.3665
BA_PYR1_0616,nonbinder,0,LCAM,0.5474,0.6333
BA_PYR1_0616,nonbinder,0,LCA3S,0.7709,0.3547
BA_PYR1_0617,nonbinder,0,LCAM,0.7993,0.8299
BA_PYR1_0617,nonbinder,0,LCA3S,0.9033,0.2706
BA_PYR1_0618,nonbinder,0,LCAM,0.7901,0.6053
BA_PYR1_0618,nonbinder,0,LCA3S,0.732,0.5337
BA_PYR1_0619,nonbinder,0,LCAM,0.8593,0.7974
BA_PYR1_0619,nonbinder,0,LCA3S,0.6665,0.53
BA_PYR1_0620,nonbinder,0,LCAM,0.555,0.3422
BA_PYR1_0620,nonbinder,0,LCA3S,0.6394,0.2283
BA_PYR1_0621,nonbinder,0,LCAM,0.8026,0.7706
BA_PYR1_0621,nonbinder,0,LCA3S,0.9057,0.4048
BA_PYR1_0622,nonbinder,0,LCAM,0.5625,0.9077
BA_PYR1_0622,nonbinder,0,LCA3S,0.7204,0.484
BA_PYR1_0623,nonbinder,0,LCAM,0.5193,0.5143
BA_PYR1_0623,nonbinder,0,LCA3S,0.6672,0.4389
BA_PYR1_0624,nonbinder,0,LCAM,0.7877,0.7807
BA_PYR1_0624,nonbinder,0,LCA3S,0.9134,0.276
BA_PYR1_0625,nonbinder,0,LCAM,0.543,0.6163
BA_PYR1_0625,nonbinder,0,LCA3S,0.7207,0.2367
BA_PYR1_0628,nonbinder,0,LCAM,0.8172,0.9174
BA_PYR1_0628,nonbinder,0,LCA3S,0.8847,0.4979
BA_PYR1_0629,nonbinder,1,LCAM,0.7675,0.6858
BA_PYR1_0629,nonbinder,1,LCA3S,0.7947,0.291
BA_PYR1_0631,nonbinder,0,LCAM,0.8386,0.5975
BA_PYR1_0631,nonbinder,0,LCA3S,0.8817,0.3137
BA_PYR1_0632,nonbinder,0,LCAM,0.8475,0.7547
BA_PYR1_0632,nonbinder,0,LCA3S,0.8897,0.1466
BA_PYR1_0633,nonbinder,0,LCAM,0.6477,0.4564
BA_PYR1_0633,nonbinder,0,LCA3S,0.898,0.0903
BA_PYR1_0634,nonbinder,0,LCAM,0.8292,0.7972
BA_PYR1_0634,nonbinder,0,LCA3S,0.8953,0.0997
BA_PYR1_0635,nonbinder,0,LCAM,0.8041,0.5006
BA_PYR1_0635,nonbinder,0,LCA3S,0.8229,0.1225
BA_PYR1_0636,nonbinder,1,LCAM,0.8654,0.8
BA_PYR1_0636,nonbinder,1,LCA3S,0.8673,0.2912
BA_PYR1_0637,nonbinder,0,LCAM,0.8731,0.779
BA_PYR1_0637,nonbinder,0,LCA3S,0.9313,0.1345
BA_PYR1_0638,nonbinder,0,LCAM,0.9301,0.868
BA_PYR1_0638,nonbinder,0,LCA3S,0.9618,0.1471
BA_PYR1_0639,nonbinder,1,LCAM,0.9331,0.7477
BA_PYR1_0639,nonbinder,1,LCA3S,0.9632,0.5035
BA_PYR1_0640,nonbinder,0,LCAM,0.7764,0.5429
BA_PYR1_0640,nonbinder,0,LCA3S,0.8141,0.1531
BA_PYR1_0641,nonbinder,0,LCAM,0.9034,0.6651
BA_PYR1_0641,nonbinder,0,LCA3S,0.9505,0.0601
BA_PYR1_0642,nonbinder,0,LCAM,0.7667,0.2141
BA_PYR1_0642,nonbinder,0,LCA3S,0.6911,0.1208
BA_PYR1_0643,nonbinder,0,LCAM,0.6054,0.9521
BA_PYR1_0643,nonbinder,0,LCA3S,0.8363,0.4811
BA_PYR1_0644,nonbinder,0,LCAM,0.5095,0.4199
BA_PYR1_0644,nonbinder,0,LCA3S,0.6957,0.3131
BA_PYR1_0645,nonbinder,0,LCAM,0.5466,0.6065
BA_PYR1_0645,nonbinder,0,LCA3S,0.7508,0.261
BA_PYR1_0646,nonbinder,0,LCAM,0.4759,0.5658
BA_PYR1_0646,nonbinder,0,LCA3S,0.721,0.369
BA_PYR1_0647,nonbinder,0,LCAM,0.5645,0.9191
BA_PYR1_0647,nonbinder,0,LCA3S,0.7573,0.5485
BA_PYR1_0648,nonbinder,0,LCAM,0.5338,0.9107
BA_PYR1_0648,nonbinder,0,LCA3S,0.7354,0.4565
BA_PYR1_0650,nonbinder,0,LCAM,0.5465,0.6088
BA_PYR1_0650,nonbinder,0,LCA3S,0.7303,0.316
BA_PYR1_0652,nonbinder,0,LCAM,0.7872,0.1302
BA_PYR1_0652,nonbinder,0,LCA3S,0.7348,0.4041
BA_PYR1_0653,nonbinder,0,LCAM,0.6711,0.5055
BA_PYR1_0653,nonbinder,0,LCA3S,0.6857,0.6841
BA_PYR1_0654,nonbinder,0,LCAM,0.5472,0.5206
BA_PYR1_0654,nonbinder,0,LCA3S,0.7236,0.3187
BA_PYR1_0655,nonbinder,1,LCAM,0.8491,0.5467
BA_PYR1_0655,nonbinder,1,LCA3S,0.7878,0.3538
BA_PYR1_0656,nonbinder,0,LCAM,0.8269,0.3895
BA_PYR1_0656,nonbinder,0,LCA3S,0.8133,0.5259
BA_PYR1_0657,nonbinder,0,LCAM,0.6232,0.4995
BA_PYR1_0657,nonbinder,0,LCA3S,0.7169,0.2672
BA_PYR1_0658,nonbinder,1,LCAM,0.7478,0.5455
BA_PYR1_0658,nonbinder,1,LCA3S,0.7809,0.0598
BA_PYR1_0659,nonbinder,0,LCAM,0.7651,0.2194
BA_PYR1_0659,nonbinder,0,LCA3S,0.727,0.4979
BA_PYR1_0660,nonbinder,0,LCAM,0.7258,0.1654
BA_PYR1_0660,nonbinder,0,LCA3S,0.8309,0.3627
BA_PYR1_0661,nonbinder,0,LCAM,0.6753,0.1697
BA_PYR1_0661,nonbinder,0,LCA3S,0.8147,0.3077
BA_PYR1_0662,nonbinder,0,LCAM,0.761,0.6516
BA_PYR1_0662,nonbinder,0,LCA3S,0.8185,0.0913
BA_PYR1_0663,nonbinder,0,LCAM,0.7086,0.6136
BA_PYR1_0663,nonbinder,0,LCA3S,0.6274,0.2553
BA_PYR1_0664,nonbinder,0,LCAM,0.6995,0.1013
BA_PYR1_0664,nonbinder,0,LCA3S,0.7762,0.2318
BA_PYR1_0665,nonbinder,0,LCAM,0.6116,0.8719
BA_PYR1_0665,nonbinder,0,LCA3S,0.5701,0.1574
BA_PYR1_0666,nonbinder,0,LCAM,0.6051,0.6522
BA_PYR1_0666,nonbinder,0,LCA3S,0.552,0.1102
BA_PYR1_0667,nonbinder,0,LCAM,0.7794,0.8394
BA_PYR1_0667,nonbinder,0,LCA3S,0.688,0.5561
BA_PYR1_0668,nonbinder,0,LCAM,0.6143,0.6272
BA_PYR1_0668,nonbinder,0,LCA3S,0.8271,0.831
BA_PYR1_0669,nonbinder,0,LCAM,0.5841,0.3903
BA_PYR1_0669,nonbinder,0,LCA3S,0.7803,0.449
BA_PYR1_0670,nonbinder,0,LCAM,0.753,0.8114
BA_PYR1_0670,nonbinder,0,LCA3S,0.815,0.3805
BA_PYR1_0671,nonbinder,0,LCAM,0.6614,0.4363
BA_PYR1_0671,nonbinder,0,LCA3S,0.8456,0.3057
BA_PYR1_0672,nonbinder,0,LCAM,0.7102,0.2382
BA_PYR1_0672,nonbinder,0,LCA3S,0.819,0.2635
BA_PYR1_0673,nonbinder,0,LCAM,0.6003,0.6075
BA_PYR1_0673,nonbinder,0,LCA3S,0.6944,0.4645
BA_PYR1_0674,nonbinder,0,LCAM,0.5577,0.4634
BA_PYR1_0674,nonbinder,0,LCA3S,0.6629,0.47
BA_PYR1_0675,nonbinder,0,LCAM,0.4587,0.4523
BA_PYR1_0675,nonbinder,0,LCA3S,0.5205,0.63
BA_PYR1_0676,nonbinder,0,LCAM,0.721,0.4727
BA_PYR1_0676,nonbinder,0,LCA3S,0.5983,0.3194
BA_PYR1_0677,nonbinder,0,LCAM,0.633,0.5754
BA_PYR1_0677,nonbinder,0,LCA3S,0.599,0.1717
BA_PYR1_0678,nonbinder,0,LCAM,0.7614,0.5512
BA_PYR1_0678,nonbinder,0,LCA3S,0.6849,0.2267
BA_PYR1_0679,nonbinder,0,LCAM,0.6266,0.5419
BA_PYR1_0679,nonbinder,0,LCA3S,0.5194,0.4823
BA_PYR1_0680,nonbinder,0,LCAM,0.5414,0.4817
BA_PYR1_0680,nonbinder,0,LCA3S,0.6573,0.4839
BA_PYR1_0681,nonbinder,0,LCAM,0.6428,0.5028
BA_PYR1_0681,nonbinder,0,LCA3S,0.7906,0.0806
BA_PYR1_0682,nonbinder,0,LCAM,0.7501,0.1531
BA_PYR1_0682,nonbinder,0,LCA3S,0.6574,0.175
BA_PYR1_0683,nonbinder,0,LCAM,0.6906,0.3903
BA_PYR1_0683,nonbinder,0,LCA3S,0.7475,0.1753
BA_PYR1_0684,nonbinder,0,LCAM,0.6192,0.7627
BA_PYR1_0684,nonbinder,0,LCA3S,0.6819,0.491
BA_PYR1_0685,nonbinder,0,LCAM,0.5733,0.5513
BA_PYR1_0685,nonbinder,0,LCA3S,0.5846,0.4666
BA_PYR1_0686,nonbinder,0,LCAM,0.6585,0.6275
BA_PYR1_0686,nonbinder,0,LCA3S,0.5538,0.488
BA_PYR1_0687,nonbinder,0,LCAM,0.5279,0.5424
BA_PYR1_0687,nonbinder,0,LCA3S,0.5567,0.5586
BA_PYR1_0688,nonbinder,0,LCAM,0.542,0.5751
BA_PYR1_0688,nonbinder,0,LCA3S,0.6854,0.6402
BA_PYR1_0689,nonbinder,0,LCAM,0.5567,0.5586
BA_PYR1_0689,nonbinder,0,LCA3S,0.6973,0.4616
BA_PYR1_0690,nonbinder,0,LCAM,0.7131,0.5802
BA_PYR1_0690,nonbinder,0,LCA3S,0.6455,0.1735
BA_PYR1_0691,nonbinder,0,LCAM,0.572,0.7431
BA_PYR1_0691,nonbinder,0,LCA3S,0.692,0.4922
BA_PYR1_0692,nonbinder,0,LCAM,0.6075,0.4382
BA_PYR1_0692,nonbinder,0,LCA3S,0.579,0.4
BA_PYR1_0693,nonbinder,0,LCAM,0.5138,0.33
BA_PYR1_0693,nonbinder,0,LCA3S,0.7541,0.1583
BA_PYR1_0694,nonbinder,0,LCAM,0.5345,0.4157
BA_PYR1_0694,nonbinder,0,LCA3S,0.6442,0.4981
BA_PYR1_0695,nonbinder,0,LCAM,0.6521,0.4159
BA_PYR1_0695,nonbinder,0,LCA3S,0.7659,0.3298
BA_PYR1_0696,nonbinder,0,LCAM,0.5949,0.563
BA_PYR1_0696,nonbinder,0,LCA3S,0.6445,0.5689
BA_PYR1_0697,nonbinder,1,LCAM,0.878,0.5873
BA_PYR1_0697,nonbinder,1,LCA3S,0.7934,0.3836
BA_PYR1_0698,nonbinder,0,LCAM,0.6914,0.4441
BA_PYR1_0698,nonbinder,0,LCA3S,0.7931,0.4477
BA_PYR1_0699,nonbinder,1,LCAM,0.7891,0.1034
BA_PYR1_0699,nonbinder,1,LCA3S,0.8114,0.0889
BA_PYR1_0700,nonbinder,1,LCAM,0.8492,0.857
BA_PYR1_0700,nonbinder,1,LCA3S,0.8042,0.2131
BA_PYR1_0701,nonbinder,0,LCAM,0.7133,0.2766
BA_PYR1_0701,nonbinder,0,LCA3S,0.7533,0.3645
BA_PYR1_0702,nonbinder,0,LCAM,0.6769,0.7564
BA_PYR1_0702,nonbinder,0,LCA3S,0.6946,0.3715
BA_PYR1_0703,nonbinder,0,LCAM,0.7909,0.3024
BA_PYR1_0703,nonbinder,0,LCA3S,0.7916,0.549
BA_PYR1_0704,nonbinder,0,LCAM,0.8027,0.3129
BA_PYR1_0704,nonbinder,0,LCA3S,0.8017,0.4969
BA_PYR1_0705,nonbinder,0,LCAM,0.8119,0.4496
BA_PYR1_0705,nonbinder,0,LCA3S,0.7357,0.4963
BA_PYR1_0706,nonbinder,0,LCAM,0.6876,0.439
BA_PYR1_0706,nonbinder,0,LCA3S,0.5798,0.2837
BA_PYR1_0707,nonbinder,0,LCAM,0.6364,0.2485
BA_PYR1_0707,nonbinder,0,LCA3S,0.5692,0.313
BA_PYR1_0708,nonbinder,0,LCAM,0.7974,0.1882
BA_PYR1_0708,nonbinder,0,LCA3S,0.77,0.2805
BA_PYR1_0709,nonbinder,0,LCAM,0.6991,0.2277
BA_PYR1_0709,nonbinder,0,LCA3S,0.6355,0.2311
BA_PYR1_0710,nonbinder,0,LCAM,0.7285,0.4439
BA_PYR1_0710,nonbinder,0,LCA3S,0.6481,0.0284
BA_PYR1_0711,nonbinder,0,LCAM,0.8053,0.3291
BA_PYR1_0711,nonbinder,0,LCA3S,0.7761,0.5163
BA_PYR1_0712,nonbinder,0,LCAM,0.6006,0.3671
BA_PYR1_0712,nonbinder,0,LCA3S,0.6979,0.1565
BA_PYR1_0713,nonbinder,0,LCAM,0.7905,0.0885
BA_PYR1_0713,nonbinder,0,LCA3S,0.8043,0.481
BA_PYR1_0714,nonbinder,0,LCAM,0.8165,0.3513
BA_PYR1_0714,nonbinder,0,LCA3S,0.7629,0.2975
BA_PYR1_0715,nonbinder,0,LCAM,0.8054,0.7795
BA_PYR1_0715,nonbinder,0,LCA3S,0.7494,0.1338
BA_PYR1_0716,nonbinder,0,LCAM,0.7218,0.1237
BA_PYR1_0716,nonbinder,0,LCA3S,0.6965,0.1808
BA_PYR1_0717,nonbinder,0,LCAM,0.5444,0.2317
BA_PYR1_0717,nonbinder,0,LCA3S,0.7397,0.6312
BA_PYR1_0718,nonbinder,0,LCAM,0.6257,0.4687
BA_PYR1_0718,nonbinder,0,LCA3S,0.6634,0.378
BA_PYR1_0719,nonbinder,0,LCAM,0.5425,0.7107
BA_PYR1_0719,nonbinder,0,LCA3S,0.5721,0.7482
BA_PYR1_0720,nonbinder,0,LCAM,0.7416,0.4701
BA_PYR1_0720,nonbinder,0,LCA3S,0.6626,0.5177
BA_PYR1_0721,nonbinder,0,LCAM,0.6164,0.5024
BA_PYR1_0721,nonbinder,0,LCA3S,0.7437,0.4873
BA_PYR1_0722,nonbinder,0,LCAM,0.5863,0.4829
BA_PYR1_0722,nonbinder,0,LCA3S,0.6455,0.4736
BA_PYR1_0723,nonbinder,0,LCAM,0.6596,0.9104
BA_PYR1_0723,nonbinder,0,LCA3S,0.5678,0.1241
BA_PYR1_0724,nonbinder,0,LCAM,0.5108,0.7888
BA_PYR1_0724,nonbinder,0,LCA3S,0.7232,0.4631
BA_PYR1_0725,nonbinder,0,LCAM,0.5279,0.3595
BA_PYR1_0725,nonbinder,0,LCA3S,0.6082,0.5995
BA_PYR1_0726,nonbinder,0,LCAM,0.643,0.3431
BA_PYR1_0726,nonbinder,0,LCA3S,0.7339,0.2387
BA_PYR1_0727,nonbinder,0,LCAM,0.6437,0.633
BA_PYR1_0727,nonbinder,0,LCA3S,0.5819,0.4185
BA_PYR1_0728,nonbinder,0,LCAM,0.6566,0.5606
BA_PYR1_0728,nonbinder,0,LCA3S,0.6172,0.133
BA_PYR1_0729,nonbinder,0,LCAM,0.6142,0.3082
BA_PYR1_0729,nonbinder,0,LCA3S,0.6967,0.621
BA_PYR1_0730,nonbinder,0,LCAM,0.6934,0.7346
BA_PYR1_0730,nonbinder,0,LCA3S,0.6244,0.5796
BA_PYR1_0731,nonbinder,0,LCAM,0.7774,0.6246
BA_PYR1_0731,nonbinder,0,LCA3S,0.7282,0.4583
BA_PYR1_0732,nonbinder,0,LCAM,0.877,0.5878
BA_PYR1_0732,nonbinder,0,LCA3S,0.8164,0.197
BA_PYR1_0733,nonbinder,0,LCAM,0.7705,0.7671
BA_PYR1_0733,nonbinder,0,LCA3S,0.7148,0.1662
BA_PYR1_0734,nonbinder,0,LCAM,0.64,0.5304
BA_PYR1_0734,nonbinder,0,LCA3S,0.8836,0.2158
BA_PYR1_0735,nonbinder,0,LCAM,0.6243,0.4864
BA_PYR1_0735,nonbinder,0,LCA3S,0.9259,0.2621
BA_PYR1_0736,nonbinder,0,LCAM,0.516,0.5565
BA_PYR1_0736,nonbinder,0,LCA3S,0.7833,0.7283
BA_PYR1_0737,nonbinder,0,LCAM,0.5202,0.1581
BA_PYR1_0737,nonbinder,0,LCA3S,0.8253,0.3113
BA_PYR1_0738,nonbinder,0,LCAM,0.5404,0.1396
BA_PYR1_0738,nonbinder,0,LCA3S,0.8148,0.3241
BA_PYR1_0739,binder,1,LCAM,0.7124,0.8105
BA_PYR1_0739,binder,1,LCA3S,0.7257,0.3524
BA_PYR1_0740,nonbinder,0,LCAM,0.8006,0.7698
BA_PYR1_0740,nonbinder,0,LCA3S,0.9449,0.1632
BA_PYR1_0741,nonbinder,1,LCAM,0.9536,0.7722
BA_PYR1_0741,nonbinder,1,LCA3S,0.9696,0.159
BA_PYR1_0742,nonbinder,1,LCAM,0.9139,0.808
BA_PYR1_0742,nonbinder,1,LCA3S,0.9533,0.0672
BA_PYR1_0743,nonbinder,0,LCAM,0.5526,0.5118
BA_PYR1_0743,nonbinder,0,LCA3S,0.769,0.4099
BA_PYR1_0744,nonbinder,0,LCAM,0.5347,0.5052
BA_PYR1_0744,nonbinder,0,LCA3S,0.9196,0.0479
BA_PYR1_0745,nonbinder,0,LCAM,0.8264,0.7512
BA_PYR1_0745,nonbinder,0,LCA3S,0.734,0.3352
BA_PYR1_0746,nonbinder,1,LCAM,0.8643,0.8032
BA_PYR1_0746,nonbinder,1,LCA3S,0.8881,0.076
BA_PYR1_0747,nonbinder,0,LCAM,0.7911,0.2647
BA_PYR1_0747,nonbinder,0,LCA3S,0.8289,0.3162
BA_PYR1_0748,nonbinder,0,LCAM,0.4889,0.7872
BA_PYR1_0748,nonbinder,0,LCA3S,0.722,0.2999
BA_PYR1_0749,nonbinder,0,LCAM,0.6063,0.328
BA_PYR1_0749,nonbinder,0,LCA3S,0.7518,0.3431
BA_PYR1_0750,nonbinder,0,LCAM,0.8154,0.8838
BA_PYR1_0750,nonbinder,0,LCA3S,0.7479,0.4618
BA_PYR1_0751,nonbinder,0,LCAM,0.6892,0.5218
BA_PYR1_0751,nonbinder,0,LCA3S,0.6351,0.2698
BA_PYR1_0752,nonbinder,0,LCAM,0.8061,0.866
BA_PYR1_0752,nonbinder,0,LCA3S,0.6315,0.2013
BA_PYR1_0753,nonbinder,0,LCAM,0.4738,0.3211
BA_PYR1_0753,nonbinder,0,LCA3S,0.5315,0.3698
BA_PYR1_0754,nonbinder,0,LCAM,0.5307,0.631
BA_PYR1_0754,nonbinder,0,LCA3S,0.5852,0.2621
BA_PYR1_0755,nonbinder,1,LCAM,0.8061,0.5889
BA_PYR1_0755,nonbinder,1,LCA3S,0.8753,0.5606
BA_PYR1_0756,nonbinder,0,LCAM,0.5241,0.8816
BA_PYR1_0756,nonbinder,0,LCA3S,0.68,0.5757
BA_PYR1_0757,nonbinder,0,LCAM,0.5973,0.9754
BA_PYR1_0757,nonbinder,0,LCA3S,0.7709,0.4693
BA_PYR1_0758,nonbinder,0,LCAM,0.6995,0.4635
BA_PYR1_0758,nonbinder,0,LCA3S,0.51,0.4702
BA_PYR1_0759,nonbinder,0,LCAM,0.7862,0.5625
BA_PYR1_0759,nonbinder,0,LCA3S,0.7855,0.4413
BA_PYR1_0763,nonbinder,1,LCAM,0.8375,0.8023
BA_PYR1_0763,nonbinder,1,LCA3S,0.8667,0.6558
BA_PYR1_0764,nonbinder,0,LCAM,0.6193,0.6037
BA_PYR1_0764,nonbinder,0,LCA3S,0.5682,0.0729
BA_PYR1_0765,nonbinder,0,LCAM,0.6791,0.8294
BA_PYR1_0765,nonbinder,0,LCA3S,0.8058,0.3763
BA_PYR1_0766,nonbinder,0,LCAM,0.5209,0.4078
BA_PYR1_0766,nonbinder,0,LCA3S,0.5804,0.797
BA_PYR1_0767,nonbinder,0,LCAM,0.6079,0.5234
BA_PYR1_0767,nonbinder,0,LCA3S,0.8149,0.6039
BA_PYR1_0768,nonbinder,0,LCAM,0.6397,0.9089
BA_PYR1_0768,nonbinder,0,LCA3S,0.9084,0.23
BA_PYR1_0769,nonbinder,0,LCAM,0.6618,0.9265
BA_PYR1_0769,nonbinder,0,LCA3S,0.5732,0.1392
BA_PYR1_0770,nonbinder,0,LCAM,0.5608,0.7652
BA_PYR1_0770,nonbinder,0,LCA3S,0.824,0.3999
BA_PYR1_0771,nonbinder,0,LCAM,0.6138,0.9398
BA_PYR1_0771,nonbinder,0,LCA3S,0.8918,0.3477
BA_PYR1_0772,nonbinder,0,LCAM,0.8412,0.7422
BA_PYR1_0772,nonbinder,0,LCA3S,0.8812,0.229
BA_PYR1_0773,nonbinder,0,LCAM,0.8108,0.6669
BA_PYR1_0773,nonbinder,0,LCA3S,0.8153,0.2067
BA_PYR1_0774,nonbinder,0,LCAM,0.8122,0.7428
BA_PYR1_0774,nonbinder,0,LCA3S,0.8392,0.1222
BA_PYR1_0775,nonbinder,0,LCAM,0.7731,0.424
BA_PYR1_0775,nonbinder,0,LCA3S,0.8019,0.1298
BA_PYR1_0776,nonbinder,0,LCAM,0.7263,0.8999
BA_PYR1_0776,nonbinder,0,LCA3S,0.8866,0.5095
BA_PYR1_0777,nonbinder,0,LCAM,0.6501,0.229
BA_PYR1_0777,nonbinder,0,LCA3S,0.8061,0.9675
BA_PYR1_0778,nonbinder,0,LCAM,0.7689,0.5664
BA_PYR1_0778,nonbinder,0,LCA3S,0.707,0.4812
BA_PYR1_0779,nonbinder,0,LCAM,0.5502,0.5321
BA_PYR1_0779,nonbinder,0,LCA3S,0.7795,0.4601
BA_PYR1_0780,nonbinder,0,LCAM,0.5312,0.506
BA_PYR1_0780,nonbinder,0,LCA3S,0.6359,0.5223
BA_PYR1_0781,nonbinder,0,LCAM,0.647,0.2863
BA_PYR1_0781,nonbinder,0,LCA3S,0.8962,0.2386
BA_PYR1_0782,nonbinder,0,LCAM,0.6372,0.6015
BA_PYR1_0782,nonbinder,0,LCA3S,0.6507,0.3039
BA_PYR1_0784,nonbinder,0,LCAM,0.6688,0.6168
BA_PYR1_0784,nonbinder,0,LCA3S,0.732,0.4522
BA_PYR1_0785,nonbinder,0,LCAM,0.7632,0.8949
BA_PYR1_0785,nonbinder,0,LCA3S,0.7934,0.8177
BA_PYR1_0786,nonbinder,0,LCAM,0.8249,0.6792
BA_PYR1_0786,nonbinder,0,LCA3S,0.8546,0.3884
BA_PYR1_0787,nonbinder,0,LCAM,0.6357,0.8003
BA_PYR1_0787,nonbinder,0,LCA3S,0.5723,0.2791
BA_PYR1_0788,nonbinder,0,LCAM,0.8047,0.4555
BA_PYR1_0788,nonbinder,0,LCA3S,0.6907,0.2568
BA_PYR1_0789,nonbinder,0,LCAM,0.7422,0.0847
BA_PYR1_0789,nonbinder,0,LCA3S,0.6432,0.2563
BA_PYR1_0790,nonbinder,0,LCAM,0.5425,0.4779
BA_PYR1_0790,nonbinder,0,LCA3S,0.6701,0.2276
BA_PYR1_0791,nonbinder,0,LCAM,0.5859,0.7495
BA_PYR1_0791,nonbinder,0,LCA3S,0.6919,0.5124
BA_PYR1_0792,nonbinder,0,LCAM,0.6285,0.7846
BA_PYR1_0792,nonbinder,0,LCA3S,0.6839,0.3111
BA_PYR1_0793,nonbinder,0,LCAM,0.5743,0.6209
BA_PYR1_0793,nonbinder,0,LCA3S,0.7155,0.5064
BA_PYR1_0794,nonbinder,0,LCAM,0.459,0.5182
BA_PYR1_0794,nonbinder,0,LCA3S,0.6203,0.5048
BA_PYR1_0795,nonbinder,0,LCAM,0.694,0.7163
BA_PYR1_0795,nonbinder,0,LCA3S,0.7859,0.3898
BA_PYR1_0796,nonbinder,0,LCAM,0.4907,0.3081
BA_PYR1_0796,nonbinder,0,LCA3S,0.6209,0.4831
BA_PYR1_0797,nonbinder,0,LCAM,0.6862,0.3858
BA_PYR1_0797,nonbinder,0,LCA3S,0.6069,0.4335
BA_PYR1_0798,nonbinder,0,LCAM,0.5843,0.7141
BA_PYR1_0798,nonbinder,0,LCA3S,0.7262,0.3509
BA_PYR1_0799,nonbinder,0,LCAM,0.733,0.4679
BA_PYR1_0799,nonbinder,0,LCA3S,0.7263,0.1639
BA_PYR1_0800,nonbinder,0,LCAM,0.7537,0.5279
BA_PYR1_0800,nonbinder,0,LCA3S,0.7277,0.3976
BA_PYR1_0801,nonbinder,0,LCAM,0.5819,0.6986
BA_PYR1_0801,nonbinder,0,LCA3S,0.6685,0.4407
BA_PYR1_0802,nonbinder,0,LCAM,0.5991,0.7852
BA_PYR1_0802,nonbinder,0,LCA3S,0.7897,0.1832
BA_PYR1_0803,nonbinder,0,LCAM,0.5699,0.3098
BA_PYR1_0803,nonbinder,0,LCA3S,0.7229,0.5171
BA_PYR1_0804,nonbinder,0,LCAM,0.6632,0.8905
BA_PYR1_0804,nonbinder,0,LCA3S,0.7488,0.4486
BA_PYR1_0805,nonbinder,0,LCAM,0.7428,0.7201
BA_PYR1_0805,nonbinder,0,LCA3S,0.6237,0.5181
BA_PYR1_0806,nonbinder,0,LCAM,0.7912,0.6513
BA_PYR1_0806,nonbinder,0,LCA3S,0.8585,0.2909
BA_PYR1_0808,nonbinder,1,LCAM,0.9225,0.6161
BA_PYR1_0808,nonbinder,1,LCA3S,0.9377,0.3505
BA_PYR1_0809,nonbinder,0,LCAM,0.7616,0.5429
BA_PYR1_0809,nonbinder,0,LCA3S,0.8398,0.1894
BA_PYR1_0810,nonbinder,0,LCAM,0.627,0.2996
BA_PYR1_0810,nonbinder,0,LCA3S,0.8578,0.1632
BA_PYR1_0811,nonbinder,0,LCAM,0.6427,0.4285
BA_PYR1_0811,nonbinder,0,LCA3S,0.6846,0.1764
BA_PYR1_0812,nonbinder,0,LCAM,0.8055,0.9165
BA_PYR1_0812,nonbinder,0,LCA3S,0.887,0.4354
BA_PYR1_0814,nonbinder,0,LCAM,0.515,0.3619
BA_PYR1_0814,nonbinder,0,LCA3S,0.5736,0.4646
BA_PYR1_0815,nonbinder,0,LCAM,0.5915,0.5384
BA_PYR1_0815,nonbinder,0,LCA3S,0.7416,0.3795
BA_PYR1_0818,nonbinder,0,LCAM,0.7607,0.5785
BA_PYR1_0818,nonbinder,0,LCA3S,0.707,0.2673
BA_PYR1_0819,nonbinder,0,LCAM,0.638,0.6398
BA_PYR1_0819,nonbinder,0,LCA3S,0.7179,0.3841
BA_PYR1_0820,nonbinder,0,LCAM,0.6828,0.439
BA_PYR1_0820,nonbinder,0,LCA3S,0.7216,0.5097
BA_PYR1_0826,nonbinder,0,LCAM,0.5905,0.7724
BA_PYR1_0826,nonbinder,0,LCA3S,0.7065,0.156
BA_PYR1_0827,nonbinder,0,LCAM,0.5501,0.4385
BA_PYR1_0827,nonbinder,0,LCA3S,0.592,0.1871
BA_PYR1_0828,nonbinder,0,LCAM,0.7513,0.6321
BA_PYR1_0828,nonbinder,0,LCA3S,0.7533,0.1613
BA_PYR1_0829,nonbinder,0,LCAM,0.8111,0.7936
BA_PYR1_0829,nonbinder,0,LCA3S,0.83,0.2438
BA_PYR1_0830,nonbinder,0,LCAM,0.6357,0.4904
BA_PYR1_0830,nonbinder,0,LCA3S,0.893,0.1216
BA_PYR1_0831,nonbinder,0,LCAM,0.8584,0.8736
BA_PYR1_0831,nonbinder,0,LCA3S,0.8642,0.3376
BA_PYR1_0832,nonbinder,0,LCAM,0.7368,0.8329
BA_PYR1_0832,nonbinder,0,LCA3S,0.9449,0.0787
BA_PYR1_0833,nonbinder,0,LCAM,0.6394,0.4428
BA_PYR1_0833,nonbinder,0,LCA3S,0.8898,0.1178
BA_PYR1_0834,nonbinder,0,LCAM,0.8186,0.6289
BA_PYR1_0834,nonbinder,0,LCA3S,0.856,0.0526
BA_PYR1_0835,nonbinder,0,LCAM,0.835,0.5576
BA_PYR1_0835,nonbinder,0,LCA3S,0.8034,0.0497
BA_PYR1_0836,nonbinder,0,LCAM,0.7516,0.4973
BA_PYR1_0836,nonbinder,0,LCA3S,0.6365,0.1733
BA_PYR1_0837,nonbinder,0,LCAM,0.7987,0.2965
BA_PYR1_0837,nonbinder,0,LCA3S,0.86,0.4524
BA_PYR1_0838,nonbinder,1,LCAM,0.8838,0.3712
BA_PYR1_0838,nonbinder,1,LCA3S,0.8401,0.2871
BA_PYR1_0839,nonbinder,0,LCAM,0.8653,0.1597
BA_PYR1_0839,nonbinder,0,LCA3S,0.8324,0.3407
BA_PYR1_0840,nonbinder,0,LCAM,0.8833,0.747
BA_PYR1_0840,nonbinder,0,LCA3S,0.9096,0.1549
BA_PYR1_0841,nonbinder,0,LCAM,0.8468,0.7331
BA_PYR1_0841,nonbinder,0,LCA3S,0.8423,0.3509
BA_PYR1_0842,nonbinder,0,LCAM,0.8048,0.7915
BA_PYR1_0842,nonbinder,0,LCA3S,0.7545,0.4416
BA_PYR1_0843,nonbinder,0,LCAM,0.8257,0.744
BA_PYR1_0843,nonbinder,0,LCA3S,0.9221,0.1381
BA_PYR1_0844,nonbinder,0,LCAM,0.802,0.5482
BA_PYR1_0844,nonbinder,0,LCA3S,0.8633,0.1044
BA_PYR1_0845,nonbinder,1,LCAM,0.9284,0.8623
BA_PYR1_0845,nonbinder,1,LCA3S,0.971,0.0783
BA_PYR1_0846,nonbinder,0,LCAM,0.7424,0.4844
BA_PYR1_0846,nonbinder,0,LCA3S,0.8458,0.1699
BA_PYR1_0847,nonbinder,1,LCAM,0.9433,0.9547
BA_PYR1_0847,nonbinder,1,LCA3S,0.9626,0.1711
BA_PYR1_0848,nonbinder,0,LCAM,0.8338,0.4861
BA_PYR1_0848,nonbinder,0,LCA3S,0.7417,0.5226
BA_PYR1_0849,nonbinder,1,LCAM,0.9036,0.7656
BA_PYR1_0849,nonbinder,1,LCA3S,0.9485,0.0895
BA_PYR1_0850,nonbinder,0,LCAM,0.8547,0.7045
BA_PYR1_0850,nonbinder,0,LCA3S,0.9376,0.0358
BA_PYR1_0851,nonbinder,0,LCAM,0.618,0.3784
BA_PYR1_0851,nonbinder,0,LCA3S,0.879,0.6679
BA_PYR1_0852,nonbinder,0,LCAM,0.5976,0.2985
BA_PYR1_0852,nonbinder,0,LCA3S,0.6575,0.4138
BA_PYR1_0853,nonbinder,0,LCAM,0.6236,0.4141
BA_PYR1_0853,nonbinder,0,LCA3S,0.5862,0.4654
BA_PYR1_0854,nonbinder,0,LCAM,0.7794,0.8123
BA_PYR1_0854,nonbinder,0,LCA3S,0.799,0.1473
BA_PYR1_0855,nonbinder,0,LCAM,0.431,0.6439
BA_PYR1_0855,nonbinder,0,LCA3S,0.6201,0.3053
BA_PYR1_0856,nonbinder,0,LCAM,0.8509,0.1732
BA_PYR1_0856,nonbinder,0,LCA3S,0.7732,0.1125
BA_PYR1_0857,nonbinder,0,LCAM,0.7169,0.3606
BA_PYR1_0857,nonbinder,0,LCA3S,0.6209,0.2732
BA_PYR1_0858,nonbinder,0,LCAM,0.4842,0.2014
BA_PYR1_0858,nonbinder,0,LCA3S,0.762,0.1751
BA_PYR1_0859,nonbinder,0,LCAM,0.5095,0.5204
BA_PYR1_0859,nonbinder,0,LCA3S,0.7124,0.1049
BA_PYR1_0860,nonbinder,0,LCAM,0.545,0.9445
BA_PYR1_0860,nonbinder,0,LCA3S,0.7773,0.1451
BA_PYR1_0861,nonbinder,0,LCAM,0.7898,0.7675
BA_PYR1_0861,nonbinder,0,LCA3S,0.8505,0.0984
BA_PYR1_0862,nonbinder,0,LCAM,0.6463,0.3897
BA_PYR1_0862,nonbinder,0,LCA3S,0.8163,0.165
BA_PYR1_0863,nonbinder,0,LCAM,0.4722,0.3173
BA_PYR1_0863,nonbinder,0,LCA3S,0.6725,0.5054
BA_PYR1_0864,nonbinder,0,LCAM,0.5152,0.4172
BA_PYR1_0864,nonbinder,0,LCA3S,0.7169,0.2369
BA_PYR1_0865,nonbinder,0,LCAM,0.6853,0.8383
BA_PYR1_0865,nonbinder,0,LCA3S,0.7783,0.4515
BA_PYR1_0866,nonbinder,0,LCAM,0.6217,0.9319
BA_PYR1_0866,nonbinder,0,LCA3S,0.6627,0.3384
BA_PYR1_0867,nonbinder,0,LCAM,0.4708,0.276
BA_PYR1_0867,nonbinder,0,LCA3S,0.6157,0.411
BA_PYR1_0868,nonbinder,0,LCAM,0.7493,0.1718
BA_PYR1_0868,nonbinder,0,LCA3S,0.7534,0.5142
BA_PYR1_0869,nonbinder,0,LCAM,0.8155,0.1552
BA_PYR1_0869,nonbinder,0,LCA3S,0.7721,0.3133
BA_PYR1_0870,nonbinder,0,LCAM,0.7874,0.8847
BA_PYR1_0870,nonbinder,0,LCA3S,0.8893,0.2673
BA_PYR1_0871,nonbinder,0,LCAM,0.4927,0.5211
BA_PYR1_0871,nonbinder,0,LCA3S,0.5482,0.4527
BA_PYR1_0872,nonbinder,0,LCAM,0.5457,0.2548
BA_PYR1_0872,nonbinder,0,LCA3S,0.5417,0.4358
BA_PYR1_0873,nonbinder,0,LCAM,0.5131,0.7001
BA_PYR1_0873,nonbinder,0,LCA3S,0.7135,0.3187
BA_PYR1_0874,nonbinder,0,LCAM,0.5312,0.7319
BA_PYR1_0874,nonbinder,0,LCA3S,0.7031,0.1265
BA_PYR1_0875,nonbinder,0,LCAM,0.6392,0.4236
BA_PYR1_0875,nonbinder,0,LCA3S,0.7417,0.0898
BA_PYR1_0876,nonbinder,0,LCAM,0.6769,0.3906
BA_PYR1_0876,nonbinder,0,LCA3S,0.7868,0.1442
BA_PYR1_0877,nonbinder,0,LCAM,0.7261,0.6083
BA_PYR1_0877,nonbinder,0,LCA3S,0.8074,0.2546
BA_PYR1_0878,nonbinder,0,LCAM,0.5779,0.7451
BA_PYR1_0878,nonbinder,0,LCA3S,0.6161,0.1623
BA_PYR1_0879,nonbinder,0,LCAM,0.6491,0.4805
BA_PYR1_0879,nonbinder,0,LCA3S,0.6255,0.147
BA_PYR1_0881,nonbinder,0,LCAM,0.7938,0.7381
BA_PYR1_0881,nonbinder,0,LCA3S,0.8692,0.1638
BA_PYR1_0884,nonbinder,0,LCAM,0.6834,0.6257
BA_PYR1_0884,nonbinder,0,LCA3S,0.7372,0.3472
BA_PYR1_0885,nonbinder,0,LCAM,0.5907,0.4229
BA_PYR1_0885,nonbinder,0,LCA3S,0.7476,0.1612
BA_PYR1_0887,nonbinder,0,LCAM,0.7904,0.2924
BA_PYR1_0887,nonbinder,0,LCA3S,0.7132,0.4072
BA_PYR1_0888,nonbinder,0,LCAM,0.6524,0.3151
BA_PYR1_0888,nonbinder,0,LCA3S,0.8835,0.1872
BA_PYR1_0889,nonbinder,0,LCAM,0.6844,0.087
BA_PYR1_0889,nonbinder,0,LCA3S,0.7612,0.0915
BA_PYR1_0890,nonbinder,0,LCAM,0.5513,0.474
BA_PYR1_0890,nonbinder,0,LCA3S,0.5952,0.1935
BA_PYR1_0891,nonbinder,1,LCAM,0.7653,0.4624
BA_PYR1_0891,nonbinder,1,LCA3S,0.8775,0.1591
BA_PYR1_0892,nonbinder,0,LCAM,0.7189,0.7279
BA_PYR1_0892,nonbinder,0,LCA3S,0.8482,0.1804
BA_PYR1_0893,nonbinder,0,LCAM,0.7294,0.494
BA_PYR1_0893,nonbinder,0,LCA3S,0.6989,0.4349
BA_PYR1_0894,nonbinder,0,LCAM,0.7116,0.36
BA_PYR1_0894,nonbinder,0,LCA3S,0.7077,0.4265
BA_PYR1_0895,nonbinder,0,LCAM,0.8028,0.8223
BA_PYR1_0895,nonbinder,0,LCA3S,0.7898,0.4832
BA_PYR1_0896,nonbinder,0,LCAM,0.5297,0.5551
BA_PYR1_0896,nonbinder,0,LCA3S,0.6068,0.7411
BA_PYR1_0897,nonbinder,0,LCAM,0.6963,0.8838
BA_PYR1_0897,nonbinder,0,LCA3S,0.788,0.5664
BA_PYR1_0898,nonbinder,0,LCAM,0.5867,0.4213
BA_PYR1_0898,nonbinder,0,LCA3S,0.5183,0.3796
BA_PYR1_0899,nonbinder,0,LCAM,0.6003,0.4186
BA_PYR1_0899,nonbinder,0,LCA3S,0.5964,0.2854
BA_PYR1_0900,nonbinder,0,LCAM,0.5775,0.4948
BA_PYR1_0900,nonbinder,0,LCA3S,0.5397,0.3604
BA_PYR1_0901,nonbinder,0,LCAM,0.6921,0.6418
BA_PYR1_0901,nonbinder,0,LCA3S,0.5795,0.1386
BA_PYR1_0902,nonbinder,0,LCAM,0.6613,0.7888
BA_PYR1_0902,nonbinder,0,LCA3S,0.677,0.4572
BA_PYR1_0903,nonbinder,0,LCAM,0.5101,0.4149
BA_PYR1_0903,nonbinder,0,LCA3S,0.5615,0.58
BA_PYR1_0904,nonbinder,0,LCAM,0.6963,0.6546
BA_PYR1_0904,nonbinder,0,LCA3S,0.7534,0.4637
BA_PYR1_0905,nonbinder,0,LCAM,0.6642,0.2749
BA_PYR1_0905,nonbinder,0,LCA3S,0.5033,0.4404
BA_PYR1_0907,nonbinder,0,LCAM,0.7671,0.6556
BA_PYR1_0907,nonbinder,0,LCA3S,0.7936,0.4617
BA_PYR1_0908,nonbinder,1,LCAM,0.8486,0.3979
BA_PYR1_0908,nonbinder,1,LCA3S,0.8165,0.295
BA_PYR1_0924,nonbinder,0,LCAM,0.6037,0.3584
BA_PYR1_0924,nonbinder,0,LCA3S,0.6805,0.3449
BA_PYR1_0925,nonbinder,0,LCAM,0.5145,0.6626
BA_PYR1_0925,nonbinder,0,LCA3S,0.5313,0.8628
BA_PYR1_0926,nonbinder,0,LCAM,0.5943,0.455
BA_PYR1_0926,nonbinder,0,LCA3S,0.7001,0.4276
BA_PYR1_0927,nonbinder,0,LCAM,0.7091,0.6243
BA_PYR1_0927,nonbinder,0,LCA3S,0.779,0.2926
BA_PYR1_0928,nonbinder,0,LCAM,0.6591,0.6441
BA_PYR1_0928,nonbinder,0,LCA3S,0.6549,0.6149
BA_PYR1_0929,nonbinder,0,LCAM,0.7047,0.3331
BA_PYR1_0929,nonbinder,0,LCA3S,0.7776,0.3627
BA_PYR1_0930,nonbinder,0,LCAM,0.7,0.6381
BA_PYR1_0930,nonbinder,0,LCA3S,0.7412,0.2738
BA_PYR1_0931,nonbinder,0,LCAM,0.5488,0.7094
BA_PYR1_0931,nonbinder,0,LCA3S,0.5995,0.8046
BA_PYR1_0932,nonbinder,0,LCAM,0.7844,0.5079
BA_PYR1_0932,nonbinder,0,LCA3S,0.6625,0.8584
BA_PYR1_0933,nonbinder,0,LCAM,0.6916,0.3445
BA_PYR1_0933,nonbinder,0,LCA3S,0.6933,0.1612
BA_PYR1_0934,nonbinder,0,LCAM,0.6621,0.7637
BA_PYR1_0934,nonbinder,0,LCA3S,0.738,0.7202
BA_PYR1_0935,nonbinder,0,LCAM,0.6044,0.5929
BA_PYR1_0935,nonbinder,0,LCA3S,0.5234,0.4912
BA_PYR1_0936,nonbinder,0,LCAM,0.686,0.5111
BA_PYR1_0936,nonbinder,0,LCA3S,0.57,0.2939
BA_PYR1_0938,nonbinder,0,LCAM,0.5494,0.3297
BA_PYR1_0938,nonbinder,0,LCA3S,0.5396,0.3238
BA_PYR1_0939,nonbinder,0,LCAM,0.694,0.1524
BA_PYR1_0939,nonbinder,0,LCA3S,0.6454,0.4819
BA_PYR1_0943,nonbinder,0,LCAM,0.6743,0.3356
BA_PYR1_0943,nonbinder,0,LCA3S,0.6346,0.2954
BA_PYR1_0944,nonbinder,0,LCAM,0.5041,0.3632
BA_PYR1_0944,nonbinder,0,LCA3S,0.6394,0.2494
BA_PYR1_0945,nonbinder,0,LCAM,0.5487,0.5203
BA_PYR1_0945,nonbinder,0,LCA3S,0.6634,0.3972
BA_PYR1_0946,nonbinder,0,LCAM,0.7178,0.7826
BA_PYR1_0946,nonbinder,0,LCA3S,0.7719,0.4911
BA_PYR1_0947,nonbinder,0,LCAM,0.6912,0.2657
BA_PYR1_0947,nonbinder,0,LCA3S,0.6675,0.4974
BA_PYR1_0948,nonbinder,0,LCAM,0.5867,0.2557
BA_PYR1_0948,nonbinder,0,LCA3S,0.5861,0.4356
BA_PYR1_0949,nonbinder,0,LCAM,0.621,0.4391
BA_PYR1_0949,nonbinder,0,LCA3S,0.56,0.3918
BA_PYR1_0950,nonbinder,0,LCAM,0.546,0.5533
BA_PYR1_0950,nonbinder,0,LCA3S,0.642,0.2313
BA_PYR1_0951,nonbinder,0,LCAM,0.5761,0.824
BA_PYR1_0951,nonbinder,0,LCA3S,0.7464,0.4686
BA_PYR1_0952,nonbinder,0,LCAM,0.4941,0.4
BA_PYR1_0952,nonbinder,0,LCA3S,0.6676,0.4885
BA_PYR1_0953,nonbinder,0,LCAM,0.6138,0.5267
BA_PYR1_0953,nonbinder,0,LCA3S,0.5277,0.3321
BA_PYR1_0954,nonbinder,0,LCAM,0.5852,0.403
BA_PYR1_0954,nonbinder,0,LCA3S,0.5724,0.3866
BA_PYR1_0955,nonbinder,0,LCAM,0.539,0.5546
BA_PYR1_0955,nonbinder,0,LCA3S,0.6732,0.3526
BA_PYR1_0956,nonbinder,0,LCAM,0.6245,0.7603
BA_PYR1_0956,nonbinder,0,LCA3S,0.6221,0.4782
BA_PYR1_0957,nonbinder,0,LCAM,0.5138,0.7529
BA_PYR1_0957,nonbinder,0,LCA3S,0.5611,0.4628
BA_PYR1_0958,nonbinder,0,LCAM,0.7579,0.4889
BA_PYR1_0958,nonbinder,0,LCA3S,0.6737,0.1686
BA_PYR1_0959,nonbinder,0,LCAM,0.6748,0.5924
BA_PYR1_0959,nonbinder,0,LCA3S,0.8173,0.5106
BA_PYR1_0960,nonbinder,0,LCAM,0.5988,0.7516
BA_PYR1_0960,nonbinder,0,LCA3S,0.7055,0.4673
BA_PYR1_0961,nonbinder,0,LCAM,0.5589,0.5992
BA_PYR1_0961,nonbinder,0,LCA3S,0.7463,0.5164
BA_PYR1_0962,nonbinder,0,LCAM,0.4876,0.3843
BA_PYR1_0962,nonbinder,0,LCA3S,0.7104,0.3494
BA_PYR1_0963,nonbinder,0,LCAM,0.4483,0.1313
BA_PYR1_0963,nonbinder,0,LCA3S,0.5103,0.2471
BA_PYR1_0964,nonbinder,0,LCAM,0.7507,0.7019
BA_PYR1_0964,nonbinder,0,LCA3S,0.6989,0.5052
BA_PYR1_0965,nonbinder,0,LCAM,0.7262,0.9066
BA_PYR1_0965,nonbinder,0,LCA3S,0.6927,0.2073
BA_PYR1_0966,nonbinder,0,LCAM,0.6791,0.4044
BA_PYR1_0966,nonbinder,0,LCA3S,0.5258,0.1065
BA_PYR1_0967,nonbinder,0,LCAM,0.5488,0.8346
BA_PYR1_0967,nonbinder,0,LCA3S,0.7307,0.4093
BA_PYR1_0968,nonbinder,0,LCAM,0.4884,0.7908
BA_PYR1_0968,nonbinder,0,LCA3S,0.6211,0.2976
BA_PYR1_0969,nonbinder,0,LCAM,0.7206,0.4905
BA_PYR1_0969,nonbinder,0,LCA3S,0.5273,0.2922
BA_PYR1_0970,nonbinder,0,LCAM,0.5292,0.5072
BA_PYR1_0970,nonbinder,0,LCA3S,0.6402,0.3216
BA_PYR1_0971,nonbinder,1,LCAM,0.8722,0.3596
BA_PYR1_0971,nonbinder,1,LCA3S,0.8387,0.1149
BA_PYR1_0973,binder,1,LCAM,0.8655,0.3214
BA_PYR1_0973,binder,1,LCA3S,0.8623,0.2217
BA_PYR1_0974,nonbinder,0,LCAM,0.7718,0.5768
BA_PYR1_0974,nonbinder,0,LCA3S,0.8504,0.1082
BA_PYR1_0975,nonbinder,1,LCAM,0.7253,0.4955
BA_PYR1_0975,nonbinder,1,LCA3S,0.8073,0.3591
BA_PYR1_0976,nonbinder,0,LCAM,0.6522,0.0439
BA_PYR1_0976,nonbinder,0,LCA3S,0.8087,0.085
BA_PYR1_0977,nonbinder,1,LCAM,0.5936,0.7102
BA_PYR1_0977,nonbinder,1,LCA3S,0.7469,0.3003
BA_PYR1_0978,binder,1,LCAM,0.6263,0.6008
BA_PYR1_0978,binder,1,LCA3S,0.8837,0.0919
BA_PYR1_0979,nonbinder,0,LCAM,0.5242,0.2725
BA_PYR1_0979,nonbinder,0,LCA3S,0.5371,0.4235
BA_PYR1_0981,nonbinder,0,LCAM,0.6864,0.467
BA_PYR1_0981,nonbinder,0,LCA3S,0.658,0.3777
BA_PYR1_0982,nonbinder,0,LCAM,0.7309,0.5059
BA_PYR1_0982,nonbinder,0,LCA3S,0.6226,0.5577
BA_PYR1_0983,nonbinder,0,LCAM,0.7662,0.3051
BA_PYR1_0983,nonbinder,0,LCA3S,0.6328,0.1766
BA_PYR1_0987,nonbinder,0,LCAM,0.6902,0.7591
BA_PYR1_0987,nonbinder,0,LCA3S,0.6268,0.2972
BA_PYR1_0988,nonbinder,0,LCAM,0.7367,0.0414
BA_PYR1_0988,nonbinder,0,LCA3S,0.8775,0.1356
BA_PYR1_0989,nonbinder,0,LCAM,0.6528,0.6524
BA_PYR1_0989,nonbinder,0,LCA3S,0.626,0.2671
BA_PYR1_0991,nonbinder,0,LCAM,0.729,0.3165
BA_PYR1_0991,nonbinder,0,LCA3S,0.6299,0.52
BA_PYR1_0992,nonbinder,0,LCAM,0.5995,0.0848
BA_PYR1_0992,nonbinder,0,LCA3S,0.6088,0.1906
BA_PYR1_0993,nonbinder,0,LCAM,0.7175,0.3231
BA_PYR1_0993,nonbinder,0,LCA3S,0.6549,0.0466
BA_PYR1_0994,nonbinder,0,LCAM,0.7051,0.4167
BA_PYR1_0994,nonbinder,0,LCA3S,0.647,0.2623
BA_PYR1_0995,nonbinder,0,LCAM,0.84,0.6585
BA_PYR1_0995,nonbinder,0,LCA3S,0.9455,0.102
BA_PYR1_0996,nonbinder,0,LCAM,0.8538,0.7225
BA_PYR1_0996,nonbinder,0,LCA3S,0.928,0.4978
BA_PYR1_0997,nonbinder,0,LCAM,0.7665,0.5224
BA_PYR1_0997,nonbinder,0,LCA3S,0.7204,0.1042
BA_PYR1_0998,nonbinder,0,LCAM,0.7479,0.6593
BA_PYR1_0998,nonbinder,0,LCA3S,0.8523,0.0794
BA_PYR1_0999,nonbinder,0,LCAM,0.7837,0.4585
BA_PYR1_0999,nonbinder,0,LCA3S,0.7927,0.5157
BA_PYR1_1000,nonbinder,1,LCAM,0.7481,0.3173
BA_PYR1_1000,nonbinder,1,LCA3S,0.6817,0.0492
BA_PYR1_1001,nonbinder,0,LCAM,0.7699,0.5771
BA_PYR1_1001,nonbinder,0,LCA3S,0.7622,0.3928
BA_PYR1_1002,nonbinder,0,LCAM,0.7012,0.308
BA_PYR1_1002,nonbinder,0,LCA3S,0.8176,0.3169
BA_PYR1_1003,nonbinder,0,LCAM,0.8125,0.4812
BA_PYR1_1003,nonbinder,0,LCA3S,0.7352,0.175
BA_PYR1_1004,nonbinder,0,LCAM,0.8234,0.2383
BA_PYR1_1004,nonbinder,0,LCA3S,0.811,0.5038
BA_PYR1_1005,nonbinder,0,LCAM,0.8212,0.6815
BA_PYR1_1005,nonbinder,0,LCA3S,0.8204,0.1448
BA_PYR1_1006,nonbinder,0,LCAM,0.8121,0.7116
BA_PYR1_1006,nonbinder,0,LCA3S,0.7782,0.284
BA_PYR1_1007,nonbinder,0,LCAM,0.7206,0.5985
BA_PYR1_1007,nonbinder,0,LCA3S,0.7956,0.4299
BA_PYR1_1008,nonbinder,0,LCAM,0.6856,0.7548
BA_PYR1_1008,nonbinder,0,LCA3S,0.7229,0.3469
BA_PYR1_1009,nonbinder,1,LCAM,0.8586,0.9277
BA_PYR1_1009,nonbinder,1,LCA3S,0.9432,0.1386
BA_PYR1_1010,nonbinder,0,LCAM,0.7694,0.6332
BA_PYR1_1010,nonbinder,0,LCA3S,0.7202,0.3361
BA_PYR1_1011,nonbinder,0,LCAM,0.7772,0.5239
BA_PYR1_1011,nonbinder,0,LCA3S,0.7643,0.2906
BA_PYR1_1012,nonbinder,0,LCAM,0.7427,0.5107
BA_PYR1_1012,nonbinder,0,LCA3S,0.8995,0.0425
BA_PYR1_1013,nonbinder,0,LCAM,0.7872,0.3818
BA_PYR1_1013,nonbinder,0,LCA3S,0.875,0.0486
BA_PYR1_1014,nonbinder,0,LCAM,0.7645,0.5343
BA_PYR1_1014,nonbinder,0,LCA3S,0.7336,0.5812
BA_PYR1_1015,nonbinder,0,LCAM,0.5542,0.7002
BA_PYR1_1015,nonbinder,0,LCA3S,0.6131,0.149
BA_PYR1_1018,nonbinder,0,LCAM,0.6741,0.434
BA_PYR1_1018,nonbinder,0,LCA3S,0.5251,0.2904
BA_PYR1_1019,nonbinder,0,LCAM,0.7143,0.7644
BA_PYR1_1019,nonbinder,0,LCA3S,0.7103,0.0871
BA_PYR1_1020,nonbinder,0,LCAM,0.5027,0.5673
BA_PYR1_1020,nonbinder,0,LCA3S,0.5741,0.1962
BA_PYR1_1021,nonbinder,0,LCAM,0.4966,0.2273
BA_PYR1_1021,nonbinder,0,LCA3S,0.7022,0.5112
BA_PYR1_1022,nonbinder,0,LCAM,0.5338,0.4027
BA_PYR1_1022,nonbinder,0,LCA3S,0.6735,0.2966
BA_PYR1_1023,nonbinder,0,LCAM,0.6073,0.3812
BA_PYR1_1023,nonbinder,0,LCA3S,0.7195,0.0572
BA_PYR1_1024,nonbinder,0,LCAM,0.5956,0.5042
BA_PYR1_1024,nonbinder,0,LCA3S,0.5842,0.3666
BA_PYR1_1025,nonbinder,0,LCAM,0.5663,0.1788
BA_PYR1_1025,nonbinder,0,LCA3S,0.6595,0.1301
BA_PYR1_1026,nonbinder,0,LCAM,0.6716,0.1422
BA_PYR1_1026,nonbinder,0,LCA3S,0.7233,0.4947
BA_PYR1_1027,nonbinder,0,LCAM,0.5817,0.3433
BA_PYR1_1027,nonbinder,0,LCA3S,0.6649,0.1455
BA_PYR1_1028,nonbinder,0,LCAM,0.5287,0.1807
BA_PYR1_1028,nonbinder,0,LCA3S,0.5169,0.3025
BA_PYR1_1029,nonbinder,0,LCAM,0.5127,0.7785
BA_PYR1_1029,nonbinder,0,LCA3S,0.697,0.5051
BA_PYR1_1030,nonbinder,0,LCAM,0.7161,0.3803
BA_PYR1_1030,nonbinder,0,LCA3S,0.6396,0.0838
BA_PYR1_1031,nonbinder,0,LCAM,0.5522,0.9199
BA_PYR1_1031,nonbinder,0,LCA3S,0.7643,0.5021
BA_PYR1_1032,nonbinder,0,LCAM,0.459,0.4304
BA_PYR1_1032,nonbinder,0,LCA3S,0.5669,0.3823
BA_PYR1_1035,nonbinder,0,LCAM,0.4662,0.3974
BA_PYR1_1035,nonbinder,0,LCA3S,0.6113,0.202
BA_PYR1_1036,nonbinder,0,LCAM,0.7768,0.7705
BA_PYR1_1036,nonbinder,0,LCA3S,0.815,0.0354
BA_PYR1_1037,nonbinder,1,LCAM,0.8253,0.7124
BA_PYR1_1037,nonbinder,1,LCA3S,0.8546,0.1259
BA_PYR1_1038,nonbinder,0,LCAM,0.5663,0.5506
BA_PYR1_1038,nonbinder,0,LCA3S,0.7358,0.2602
BA_PYR1_1039,binder,1,LCAM,0.8452,0.2873
BA_PYR1_1039,binder,1,LCA3S,0.8648,0.2936
BA_PYR1_1042,nonbinder,0,LCAM,0.6901,0.7484
BA_PYR1_1042,nonbinder,0,LCA3S,0.7198,0.8288
BA_PYR1_1046,binder,1,LCAM,0.8733,0.5545
BA_PYR1_1046,binder,1,LCA3S,0.8768,0.0825
BA_PYR1_1047,binder,1,LCAM,0.9131,0.8815
BA_PYR1_1047,binder,1,LCA3S,0.9312,0.2242
BA_PYR1_1048,binder,1,LCAM,0.8938,0.5997
BA_PYR1_1048,binder,1,LCA3S,0.8642,0.4406
BA_PYR1_1056,nonbinder,0,LCAM,0.6974,0.6827
BA_PYR1_1056,nonbinder,0,LCA3S,0.5999,0.0661
BA_PYR1_1057,nonbinder,0,LCAM,0.6191,0.5191
BA_PYR1_1057,nonbinder,0,LCA3S,0.6132,0.4683
BA_PYR1_1059,nonbinder,0,LCAM,0.7625,0.86
BA_PYR1_1059,nonbinder,0,LCA3S,0.6165,0.2948
BA_PYR1_1069,nonbinder,0,LCAM,0.6899,0.1529
BA_PYR1_1069,nonbinder,0,LCA3S,0.7292,0.3123
BA_PYR1_1070,nonbinder,0,LCAM,0.6967,0.8116
BA_PYR1_1070,nonbinder,0,LCA3S,0.69,0.2478
BA_PYR1_1073,nonbinder,0,LCAM,0.5037,0.5707
BA_PYR1_1073,nonbinder,0,LCA3S,0.4521,0.5475
BA_PYR1_1074,nonbinder,0,LCAM,0.746,0.5725
BA_PYR1_1074,nonbinder,0,LCA3S,0.7671,0.7342
BA_PYR1_1075,nonbinder,0,LCAM,0.5354,0.4813
BA_PYR1_1075,nonbinder,0,LCA3S,0.6544,0.485
BA_PYR1_1076,nonbinder,0,LCAM,0.786,0.7031
BA_PYR1_1076,nonbinder,0,LCA3S,0.7867,0.1325
BA_PYR1_1077,nonbinder,0,LCAM,0.6598,0.6189
BA_PYR1_1077,nonbinder,0,LCA3S,0.7481,0.4659
BA_PYR1_1078,nonbinder,0,LCAM,0.5924,0.7922
BA_PYR1_1078,nonbinder,0,LCA3S,0.5368,0.5479
BA_PYR1_1079,nonbinder,0,LCAM,0.6751,0.7064
BA_PYR1_1079,nonbinder,0,LCA3S,0.7734,0.443
BA_PYR1_1080,nonbinder,1,LCAM,0.8244,0.9121
BA_PYR1_1080,nonbinder,1,LCA3S,0.858,0.0441
BA_PYR1_1088,nonbinder,1,LCAM,0.7703,0.3608
BA_PYR1_1088,nonbinder,1,LCA3S,0.6951,0.2658
BA_PYR1_1091,binder,1,LCAM,0.7658,0.9076
BA_PYR1_1091,binder,1,LCA3S,0.8873,0.2092
BA_PYR1_1093,nonbinder,1,LCAM,0.7568,0.6303
BA_PYR1_1093,nonbinder,1,LCA3S,0.8636,0.4064
BA_PYR1_1094,nonbinder,0,LCAM,0.7403,0.6776
BA_PYR1_1094,nonbinder,0,LCA3S,0.6969,0.2205
BA_PYR1_1097,nonbinder,1,LCAM,0.9249,0.7486
BA_PYR1_1097,nonbinder,1,LCA3S,0.9472,0.3769
BA_PYR1_1098,nonbinder,0,LCAM,0.8211,0.3907
BA_PYR1_1098,nonbinder,0,LCA3S,0.835,0.5137
BA_PYR1_1099,nonbinder,0,LCAM,0.8239,0.6707
BA_PYR1_1099,nonbinder,0,LCA3S,0.7925,0.5394
BA_PYR1_1100,nonbinder,0,LCAM,0.8087,0.7156
BA_PYR1_1100,nonbinder,0,LCA3S,0.7396,0.4692
BA_PYR1_1101,nonbinder,0,LCAM,0.8559,0.6728
BA_PYR1_1101,nonbinder,0,LCA3S,0.7928,0.4714
BA_PYR1_1102,nonbinder,0,LCAM,0.7224,0.4527
BA_PYR1_1102,nonbinder,0,LCA3S,0.7123,0.7897
BA_PYR1_1103,nonbinder,0,LCAM,0.5869,0.6442
BA_PYR1_1103,nonbinder,0,LCA3S,0.5763,0.355
BA_PYR1_1104,nonbinder,0,LCAM,0.6171,0.3675
BA_PYR1_1104,nonbinder,0,LCA3S,0.6222,0.24
BA_PYR1_1105,nonbinder,0,LCAM,0.6129,0.4498
BA_PYR1_1105,nonbinder,0,LCA3S,0.6146,0.5777
BA_PYR1_1106,nonbinder,0,LCAM,0.6491,0.5216
BA_PYR1_1106,nonbinder,0,LCA3S,0.6007,0.2262
BA_PYR1_1116,nonbinder,0,LCAM,0.7899,0.8517
BA_PYR1_1116,nonbinder,0,LCA3S,0.8531,0.3203
BA_PYR1_1117,nonbinder,1,LCAM,0.8948,0.7459
BA_PYR1_1117,nonbinder,1,LCA3S,0.8814,0.1473
BA_PYR1_1118,nonbinder,0,LCAM,0.5743,0.8024
BA_PYR1_1118,nonbinder,0,LCA3S,0.5434,0.1032
BA_PYR1_1119,nonbinder,0,LCAM,0.6422,0.4942
BA_PYR1_1119,nonbinder,0,LCA3S,0.7285,0.7864
BA_PYR1_1120,nonbinder,0,LCAM,0.4597,0.735
BA_PYR1_1120,nonbinder,0,LCA3S,0.5437,0.7371
BA_PYR1_1121,nonbinder,0,LCAM,0.5271,0.8878
BA_PYR1_1121,nonbinder,0,LCA3S,0.6797,0.2551
BA_PYR1_1122,nonbinder,0,LCAM,0.7959,0.6054
BA_PYR1_1122,nonbinder,0,LCA3S,0.702,0.2955
BA_PYR1_1123,nonbinder,0,LCAM,0.6861,0.6902
BA_PYR1_1123,nonbinder,0,LCA3S,0.7216,0.0925
BA_PYR1_1124,nonbinder,0,LCAM,0.5973,0.5502
BA_PYR1_1124,nonbinder,0,LCA3S,0.7659,0.5635
BA_PYR1_1125,nonbinder,0,LCAM,0.8019,0.6486
BA_PYR1_1125,nonbinder,0,LCA3S,0.8231,0.2781
BA_PYR1_1126,nonbinder,0,LCAM,0.5476,0.3648
BA_PYR1_1126,nonbinder,0,LCA3S,0.7019,0.1487
BA_PYR1_1127,nonbinder,0,LCAM,0.5009,0.4802
BA_PYR1_1127,nonbinder,0,LCA3S,0.643,0.4747
BA_PYR1_1128,nonbinder,0,LCAM,0.7856,0.4353
BA_PYR1_1128,nonbinder,0,LCA3S,0.7786,0.1543
BA_PYR1_1129,nonbinder,0,LCAM,0.653,0.9127
BA_PYR1_1129,nonbinder,0,LCA3S,0.6183,0.5135
BA_PYR1_1130,nonbinder,0,LCAM,0.6539,0.4973
BA_PYR1_1130,nonbinder,0,LCA3S,0.6171,0.4756
BA_PYR1_1131,nonbinder,0,LCAM,0.6141,0.3924
BA_PYR1_1131,nonbinder,0,LCA3S,0.5746,0.5952
BA_PYR1_1132,nonbinder,0,LCAM,0.8306,0.4383
BA_PYR1_1132,nonbinder,0,LCA3S,0.572,0.2439
BA_PYR1_1133,nonbinder,0,LCAM,0.8043,0.7887
BA_PYR1_1133,nonbinder,0,LCA3S,0.7002,0.1383
BA_PYR1_1134,nonbinder,0,LCAM,0.792,0.4216
BA_PYR1_1134,nonbinder,0,LCA3S,0.6783,0.108
BA_PYR1_1135,nonbinder,0,LCAM,0.4909,0.6867
BA_PYR1_1135,nonbinder,0,LCA3S,0.5924,0.6454
BA_PYR1_1136,nonbinder,0,LCAM,0.822,0.7616
BA_PYR1_1136,nonbinder,0,LCA3S,0.849,0.2788
BA_PYR1_1137,nonbinder,0,LCAM,0.7744,0.4382
BA_PYR1_1137,nonbinder,0,LCA3S,0.8582,0.1371
BA_PYR1_1138,nonbinder,0,LCAM,0.8648,0.7534
BA_PYR1_1138,nonbinder,0,LCA3S,0.8584,0.3139
BA_PYR1_1139,nonbinder,0,LCAM,0.8676,0.7357
BA_PYR1_1139,nonbinder,0,LCA3S,0.8472,0.2224
BA_PYR1_1140,nonbinder,0,LCAM,0.8585,0.1596
BA_PYR1_1140,nonbinder,0,LCA3S,0.828,0.4521
BA_PYR1_1141,nonbinder,0,LCAM,0.889,0.2419
BA_PYR1_1141,nonbinder,0,LCA3S,0.8593,0.5114
BA_PYR1_1142,nonbinder,0,LCAM,0.8462,0.6913
BA_PYR1_1142,nonbinder,0,LCA3S,0.8593,0.0864
BA_PYR1_1143,nonbinder,1,LCAM,0.8835,0.7732
BA_PYR1_1143,nonbinder,1,LCA3S,0.8826,0.1108
BA_PYR1_1144,nonbinder,0,LCAM,0.6962,0.4462
BA_PYR1_1144,nonbinder,0,LCA3S,0.8488,0.9366
BA_PYR1_1145,nonbinder,0,LCAM,0.7574,0.3186
BA_PYR1_1145,nonbinder,0,LCA3S,0.5645,0.4056
BA_PYR1_1146,nonbinder,0,LCAM,0.5587,0.457
BA_PYR1_1146,nonbinder,0,LCA3S,0.7065,0.3093
BA_PYR1_1147,nonbinder,0,LCAM,0.6086,0.3266
BA_PYR1_1147,nonbinder,0,LCA3S,0.7285,0.2752
BA_PYR1_1148,nonbinder,0,LCAM,0.5896,0.5146
BA_PYR1_1148,nonbinder,0,LCA3S,0.517,0.4289
BA_PYR1_1149,nonbinder,0,LCAM,0.4914,0.3412
BA_PYR1_1149,nonbinder,0,LCA3S,0.7284,0.6609
BA_PYR1_1150,nonbinder,0,LCAM,0.487,0.7542
BA_PYR1_1150,nonbinder,0,LCA3S,0.6467,0.5916
BA_PYR1_1151,nonbinder,0,LCAM,0.6138,0.4463
BA_PYR1_1151,nonbinder,0,LCA3S,0.6563,0.704
BA_PYR1_1154,nonbinder,0,LCAM,0.6537,0.2994
BA_PYR1_1154,nonbinder,0,LCA3S,0.9125,0.3047
BA_PYR1_1155,nonbinder,0,LCAM,0.605,0.7998
BA_PYR1_1155,nonbinder,0,LCA3S,0.6675,0.1107
BA_PYR1_1156,nonbinder,0,LCAM,0.6523,0.3955
BA_PYR1_1156,nonbinder,0,LCA3S,0.6782,0.0801
BA_PYR1_1157,nonbinder,0,LCAM,0.7389,0.7468
BA_PYR1_1157,nonbinder,0,LCA3S,0.6696,0.1469
BA_PYR1_1158,nonbinder,0,LCAM,0.6264,0.5405
BA_PYR1_1158,nonbinder,0,LCA3S,0.5906,0.1938
BA_PYR1_1159,nonbinder,0,LCAM,0.5714,0.3368
BA_PYR1_1159,nonbinder,0,LCA3S,0.5675,0.1227
BA_PYR1_1160,nonbinder,0,LCAM,0.5752,0.4047
BA_PYR1_1160,nonbinder,0,LCA3S,0.6173,0.3323
BA_PYR1_1161,nonbinder,0,LCAM,0.499,0.7727
BA_PYR1_1161,nonbinder,0,LCA3S,0.5379,0.2659
BA_PYR1_1162,nonbinder,0,LCAM,0.639,0.4013
BA_PYR1_1162,nonbinder,0,LCA3S,0.5088,0.3925
BA_PYR1_1163,nonbinder,0,LCAM,0.7566,0.2504
BA_PYR1_1163,nonbinder,0,LCA3S,0.8527,0.3515
BA_PYR1_1164,nonbinder,0,LCAM,0.5303,0.2799
BA_PYR1_1164,nonbinder,0,LCA3S,0.5692,0.1415
BA_PYR1_1165,nonbinder,0,LCAM,0.667,0.3021
BA_PYR1_1165,nonbinder,0,LCA3S,0.5191,0.3092
BA_PYR1_1166,nonbinder,0,LCAM,0.7536,0.6838
BA_PYR1_1166,nonbinder,0,LCA3S,0.7254,0.6428
BA_PYR1_1167,nonbinder,1,LCAM,0.8534,0.6452
BA_PYR1_1167,nonbinder,1,LCA3S,0.7911,0.4489
BA_PYR1_1168,nonbinder,0,LCAM,0.5841,0.2934
BA_PYR1_1168,nonbinder,0,LCA3S,0.6942,0.1374
BA_PYR1_1169,nonbinder,0,LCAM,0.6592,0.3702
BA_PYR1_1169,nonbinder,0,LCA3S,0.6477,0.3171
BA_PYR1_1170,nonbinder,0,LCAM,0.6731,0.5055
BA_PYR1_1170,nonbinder,0,LCA3S,0.6876,0.2877
BA_PYR1_1171,nonbinder,0,LCAM,0.5674,0.7655
BA_PYR1_1171,nonbinder,0,LCA3S,0.6669,0.5941
BA_PYR1_1172,nonbinder,0,LCAM,0.7953,0.5463
BA_PYR1_1172,nonbinder,0,LCA3S,0.8512,0.113
BA_PYR1_1173,nonbinder,0,LCAM,0.6291,0.2535
BA_PYR1_1173,nonbinder,0,LCA3S,0.6793,0.5061
BA_PYR1_1174,nonbinder,0,LCAM,0.4483,0.4974
BA_PYR1_1174,nonbinder,0,LCA3S,0.5313,0.1871
BA_PYR1_1175,nonbinder,0,LCAM,0.5085,0.3119
BA_PYR1_1175,nonbinder,0,LCA3S,0.6233,0.1896
BA_PYR1_1176,nonbinder,0,LCAM,0.8095,0.8061
BA_PYR1_1176,nonbinder,0,LCA3S,0.8484,0.4793
BA_PYR1_1177,nonbinder,0,LCAM,0.6207,0.2507
BA_PYR1_1177,nonbinder,0,LCA3S,0.7489,0.4856
BA_PYR1_1178,nonbinder,0,LCAM,0.6524,0.4601
BA_PYR1_1178,nonbinder,0,LCA3S,0.5999,0.3218
BA_PYR1_1179,nonbinder,0,LCAM,0.6771,0.65
BA_PYR1_1179,nonbinder,0,LCA3S,0.5937,0.4774
BA_PYR1_1180,nonbinder,0,LCAM,0.6424,0.2676
BA_PYR1_1180,nonbinder,0,LCA3S,0.6702,0.2489
BA_PYR1_1181,nonbinder,0,LCAM,0.6188,0.3979
BA_PYR1_1181,nonbinder,0,LCA3S,0.5822,0.1649
BA_PYR1_1182,nonbinder,0,LCAM,0.5093,0.6061
BA_PYR1_1182,nonbinder,0,LCA3S,0.5584,0.363
BA_PYR1_1183,nonbinder,0,LCAM,0.4823,0.4673
BA_PYR1_1183,nonbinder,0,LCA3S,0.5429,0.5112
BA_PYR1_1184,nonbinder,0,LCAM,0.5699,0.6457
BA_PYR1_1184,nonbinder,0,LCA3S,0.6702,0.2873
BA_PYR1_1185,nonbinder,0,LCAM,0.7829,0.8802
BA_PYR1_1185,nonbinder,0,LCA3S,0.7605,0.4709
BA_PYR1_1186,nonbinder,0,LCAM,0.6585,0.5598
BA_PYR1_1186,nonbinder,0,LCA3S,0.7443,0.3419
BA_PYR1_1187,nonbinder,0,LCAM,0.7115,0.3124
BA_PYR1_1187,nonbinder,0,LCA3S,0.6555,0.3908
BA_PYR1_1188,nonbinder,0,LCAM,0.5,0.8237
BA_PYR1_1188,nonbinder,0,LCA3S,0.684,0.4916
BA_PYR1_1189,nonbinder,0,LCAM,0.6966,0.5512
BA_PYR1_1189,nonbinder,0,LCA3S,0.6629,0.2295
BA_PYR1_1190,nonbinder,0,LCAM,0.6557,0.3059
BA_PYR1_1190,nonbinder,0,LCA3S,0.6777,0.3836
BA_PYR1_1191,nonbinder,0,LCAM,0.7054,0.5259
BA_PYR1_1191,nonbinder,0,LCA3S,0.6536,0.2781
BA_PYR1_1192,nonbinder,1,LCAM,0.8445,0.6288
BA_PYR1_1192,nonbinder,1,LCA3S,0.8896,0.1011
BA_PYR1_1193,nonbinder,0,LCAM,0.7362,0.4255
BA_PYR1_1193,nonbinder,0,LCA3S,0.8139,0.3385
BA_PYR1_1194,nonbinder,1,LCAM,0.809,0.4363
BA_PYR1_1194,nonbinder,1,LCA3S,0.6367,0.1264
BA_PYR1_1196,nonbinder,1,LCAM,0.8196,0.442
BA_PYR1_1196,nonbinder,1,LCA3S,0.7437,0.3561
BA_PYR1_1198,nonbinder,0,LCAM,0.5373,0.1622
BA_PYR1_1198,nonbinder,0,LCA3S,0.5627,0.4471
BA_PYR1_1199,nonbinder,0,LCAM,0.7492,0.3809
BA_PYR1_1199,nonbinder,0,LCA3S,0.6663,0.2746
BA_PYR1_1200,nonbinder,0,LCAM,0.686,0.5624
BA_PYR1_1200,nonbinder,0,LCA3S,0.5901,0.4052
BA_PYR1_1201,nonbinder,0,LCAM,0.6988,0.5877
BA_PYR1_1201,nonbinder,0,LCA3S,0.7002,0.3165
BA_PYR1_1202,nonbinder,0,LCAM,0.7756,0.5585
BA_PYR1_1202,nonbinder,0,LCA3S,0.6895,0.0759
BA_PYR1_1203,nonbinder,0,LCAM,0.8089,0.4983
BA_PYR1_1203,nonbinder,0,LCA3S,0.7865,0.3515
BA_PYR1_1204,nonbinder,1,LCAM,0.7617,0.4782
BA_PYR1_1204,nonbinder,1,LCA3S,0.6866,0.1858
BA_PYR1_1205,nonbinder,0,LCAM,0.7198,0.61
BA_PYR1_1205,nonbinder,0,LCA3S,0.7561,0.076
BA_PYR1_1206,nonbinder,0,LCAM,0.7575,0.3851
BA_PYR1_1206,nonbinder,0,LCA3S,0.7169,0.3782
BA_PYR1_1207,nonbinder,0,LCAM,0.811,0.6223
BA_PYR1_1207,nonbinder,0,LCA3S,0.8276,0.0847
BA_PYR1_1208,nonbinder,0,LCAM,0.7971,0.2873
BA_PYR1_1208,nonbinder,0,LCA3S,0.7797,0.1853
BA_PYR1_1209,nonbinder,0,LCAM,0.8284,0.6853
BA_PYR1_1209,nonbinder,0,LCA3S,0.822,0.1284
BA_PYR1_1210,nonbinder,0,LCAM,0.7472,0.1246
BA_PYR1_1210,nonbinder,0,LCA3S,0.8643,0.0415
BA_PYR1_1211,nonbinder,0,LCAM,0.7094,0.6701
BA_PYR1_1211,nonbinder,0,LCA3S,0.8928,0.0954
BA_PYR1_1212,nonbinder,0,LCAM,0.6841,0.2079
BA_PYR1_1212,nonbinder,0,LCA3S,0.6689,0.0813
BA_PYR1_1213,nonbinder,0,LCAM,0.7584,0.1915
BA_PYR1_1213,nonbinder,0,LCA3S,0.8607,0.0702
BA_PYR1_1214,nonbinder,0,LCAM,0.8022,0.5116
BA_PYR1_1214,nonbinder,0,LCA3S,0.6798,0.7099
BA_PYR1_1215,nonbinder,0,LCAM,0.5295,0.5127
BA_PYR1_1215,nonbinder,0,LCA3S,0.6379,0.2693
BA_PYR1_1216,nonbinder,0,LCAM,0.518,0.4588
BA_PYR1_1216,nonbinder,0,LCA3S,0.738,0.4059
BA_PYR1_1217,nonbinder,0,LCAM,0.5927,0.4537
BA_PYR1_1217,nonbinder,0,LCA3S,0.6707,0.2943
BA_PYR1_1218,nonbinder,0,LCAM,0.6726,0.5051
BA_PYR1_1218,nonbinder,0,LCA3S,0.6585,0.2422
BA_PYR1_1219,nonbinder,0,LCAM,0.6998,0.4782
BA_PYR1_1219,nonbinder,0,LCA3S,0.7346,0.1482
BA_PYR1_1220,nonbinder,0,LCAM,0.5647,0.1775
BA_PYR1_1220,nonbinder,0,LCA3S,0.6494,0.3836
BA_PYR1_1221,nonbinder,0,LCAM,0.7396,0.1786
BA_PYR1_1221,nonbinder,0,LCA3S,0.7163,0.3981
BA_PYR1_1222,nonbinder,0,LCAM,0.553,0.6965
BA_PYR1_1222,nonbinder,0,LCA3S,0.7477,0.4051
BA_PYR1_1223,nonbinder,0,LCAM,0.6259,0.506
BA_PYR1_1223,nonbinder,0,LCA3S,0.7528,0.4747
BA_PYR1_1224,nonbinder,0,LCAM,0.4868,0.3892
BA_PYR1_1224,nonbinder,0,LCA3S,0.6592,0.4794
BA_PYR1_1226,nonbinder,0,LCAM,0.6594,0.524
BA_PYR1_1226,nonbinder,0,LCA3S,0.7599,0.4318
BA_PYR1_1227,nonbinder,1,LCAM,0.8077,0.3351
BA_PYR1_1227,nonbinder,1,LCA3S,0.819,0.306
BA_PYR1_1228,nonbinder,0,LCAM,0.696,0.444
BA_PYR1_1228,nonbinder,0,LCA3S,0.5969,0.2759
BA_PYR1_1229,nonbinder,0,LCAM,0.6142,0.5072
BA_PYR1_1229,nonbinder,0,LCA3S,0.5894,0.2528
BA_PYR1_1230,nonbinder,0,LCAM,0.535,0.8809
BA_PYR1_1230,nonbinder,0,LCA3S,0.6502,0.1652
BA_PYR1_1231,nonbinder,0,LCAM,0.7166,0.3867
BA_PYR1_1231,nonbinder,0,LCA3S,0.6843,0.2105
BA_PYR1_1232,nonbinder,0,LCAM,0.6156,0.5226
BA_PYR1_1232,nonbinder,0,LCA3S,0.5587,0.1712
BA_PYR1_1233,nonbinder,0,LCAM,0.7002,0.6761
BA_PYR1_1233,nonbinder,0,LCA3S,0.6414,0.0332
BA_PYR1_1234,nonbinder,0,LCAM,0.5121,0.9042
BA_PYR1_1234,nonbinder,0,LCA3S,0.5003,0.4377
BA_PYR1_1235,nonbinder,0,LCAM,0.5274,0.4723
BA_PYR1_1235,nonbinder,0,LCA3S,0.5631,0.1316
BA_PYR1_1236,nonbinder,0,LCAM,0.6562,0.832
BA_PYR1_1236,nonbinder,0,LCA3S,0.5908,0.094
BA_PYR1_1237,nonbinder,0,LCAM,0.6012,0.48
BA_PYR1_1237,nonbinder,0,LCA3S,0.5654,0.3293
BA_PYR1_1238,nonbinder,0,LCAM,0.5545,0.5538
BA_PYR1_1238,nonbinder,0,LCA3S,0.5753,0.4162
BA_PYR1_1239,nonbinder,0,LCAM,0.6418,0.5308
BA_PYR1_1239,nonbinder,0,LCA3S,0.6097,0.7476
BA_PYR1_1240,nonbinder,0,LCAM,0.6014,0.4855
BA_PYR1_1240,nonbinder,0,LCA3S,0.6302,0.195
BA_PYR1_1241,nonbinder,0,LCAM,0.7587,0.3745
BA_PYR1_1241,nonbinder,0,LCA3S,0.5901,0.2
BA_PYR1_1242,nonbinder,0,LCAM,0.7851,0.7611
BA_PYR1_1242,nonbinder,0,LCA3S,0.7297,0.3508
BA_PYR1_1243,nonbinder,0,LCAM,0.6967,0.4572
BA_PYR1_1243,nonbinder,0,LCA3S,0.6936,0.3313
BA_PYR1_1244,nonbinder,0,LCAM,0.5501,0.5163
BA_PYR1_1244,nonbinder,0,LCA3S,0.6938,0.069
BA_PYR1_1245,nonbinder,0,LCAM,0.7176,0.4519
BA_PYR1_1245,nonbinder,0,LCA3S,0.6507,0.0539
BA_PYR1_1246,nonbinder,0,LCAM,0.6417,0.3353
BA_PYR1_1246,nonbinder,0,LCA3S,0.675,0.4273
BA_PYR1_1247,nonbinder,0,LCAM,0.6045,0.2998
BA_PYR1_1247,nonbinder,0,LCA3S,0.5819,0.1702
BA_PYR1_1248,nonbinder,0,LCAM,0.5438,0.7652
BA_PYR1_1248,nonbinder,0,LCA3S,0.6336,0.4587
BA_PYR1_1249,nonbinder,0,LCAM,0.537,0.9072
BA_PYR1_1249,nonbinder,0,LCA3S,0.5998,0.3191
BA_PYR1_1250,nonbinder,0,LCAM,0.6101,0.511
BA_PYR1_1250,nonbinder,0,LCA3S,0.5399,0.1129
BA_PYR1_1251,binder,1,LCAM,0.9032,0.4883
BA_PYR1_1251,binder,1,LCA3S,0.9541,0.4036
BA_PYR1_1253,nonbinder,0,LCAM,0.8283,0.825
BA_PYR1_1253,nonbinder,0,LCA3S,0.8519,0.5038
BA_PYR1_1254,binder,1,LCAM,0.8733,0.8038
BA_PYR1_1254,binder,1,LCA3S,0.8815,0.2976
BA_PYR1_1255,binder,1,LCAM,0.8423,0.6544
BA_PYR1_1255,binder,1,LCA3S,0.7851,0.1313
BA_PYR1_1256,binder,1,LCAM,0.8884,0.7342
BA_PYR1_1256,binder,1,LCA3S,0.8718,0.0314
BA_PYR1_1257,nonbinder,0,LCAM,0.8454,0.8537
BA_PYR1_1257,nonbinder,0,LCA3S,0.9195,0.0504
BA_PYR1_1258,nonbinder,1,LCAM,0.8788,0.7764
BA_PYR1_1258,nonbinder,1,LCA3S,0.8724,0.131
BA_PYR1_1259,nonbinder,0,LCAM,0.8446,0.8232
BA_PYR1_1259,nonbinder,0,LCA3S,0.9209,0.0389
BA_PYR1_1260,nonbinder,0,LCAM,0.8021,0.2219
BA_PYR1_1260,nonbinder,0,LCA3S,0.8112,0.1041
BA_PYR1_1261,nonbinder,0,LCAM,0.8311,0.6233
BA_PYR1_1261,nonbinder,0,LCA3S,0.902,0.2666
BA_PYR1_1262,nonbinder,0,LCAM,0.7285,0.1864
BA_PYR1_1262,nonbinder,0,LCA3S,0.6094,0.1624
BA_PYR1_1263,nonbinder,0,LCAM,0.6835,0.4109
BA_PYR1_1263,nonbinder,0,LCA3S,0.7419,0.2181
BA_PYR1_1264,nonbinder,1,LCAM,0.8637,0.6693
BA_PYR1_1264,nonbinder,1,LCA3S,0.8765,0.2561
BA_PYR1_1265,nonbinder,0,LCAM,0.7593,0.7635
BA_PYR1_1265,nonbinder,0,LCA3S,0.7822,0.1507
BA_PYR1_1266,nonbinder,0,LCAM,0.6589,0.4637
BA_PYR1_1266,nonbinder,0,LCA3S,0.7327,0.575
BA_PYR1_1268,nonbinder,0,LCAM,0.4693,0.4927
BA_PYR1_1268,nonbinder,0,LCA3S,0.685,0.4746
BA_PYR1_1269,nonbinder,0,LCAM,0.5424,0.6999
BA_PYR1_1269,nonbinder,0,LCA3S,0.8076,0.2929
BA_PYR1_1270,nonbinder,0,LCAM,0.6985,0.5899
BA_PYR1_1270,nonbinder,0,LCA3S,0.7622,0.475
BA_PYR1_1273,nonbinder,0,LCAM,0.591,0.4618
BA_PYR1_1273,nonbinder,0,LCA3S,0.8207,0.623
BA_PYR1_1274,nonbinder,0,LCAM,0.7445,0.5956
BA_PYR1_1274,nonbinder,0,LCA3S,0.9127,0.6708
BA_PYR1_1275,nonbinder,0,LCAM,0.7088,0.5716
BA_PYR1_1275,nonbinder,0,LCA3S,0.899,0.2852
BA_PYR1_1276,nonbinder,0,LCAM,0.8232,0.6712
BA_PYR1_1276,nonbinder,0,LCA3S,0.8228,0.232
BA_PYR1_1277,nonbinder,0,LCAM,0.7986,0.7641
BA_PYR1_1277,nonbinder,0,LCA3S,0.8304,0.1642
BA_PYR1_1278,nonbinder,0,LCAM,0.8947,0.7876
BA_PYR1_1278,nonbinder,0,LCA3S,0.9231,0.1204
BA_PYR1_1279,nonbinder,0,LCAM,0.7342,0.5145
BA_PYR1_1279,nonbinder,0,LCA3S,0.6866,0.6172
BA_PYR1_1280,nonbinder,0,LCAM,0.6949,0.4562
BA_PYR1_1280,nonbinder,0,LCA3S,0.7951,0.3943
BA_PYR1_1281,nonbinder,0,LCAM,0.804,0.6121
BA_PYR1_1281,nonbinder,0,LCA3S,0.864,0.3795
BA_PYR1_1282,nonbinder,0,LCAM,0.8633,0.5006
BA_PYR1_1282,nonbinder,0,LCA3S,0.8666,0.4835
BA_PYR1_1283,nonbinder,0,LCAM,0.5794,0.4943
BA_PYR1_1283,nonbinder,0,LCA3S,0.6454,0.679
BA_PYR1_1284,nonbinder,0,LCAM,0.8449,0.443
BA_PYR1_1284,nonbinder,0,LCA3S,0.7622,0.0942
BA_PYR1_1285,nonbinder,0,LCAM,0.4763,0.4703
BA_PYR1_1285,nonbinder,0,LCA3S,0.7015,0.7196
BA_PYR1_1286,nonbinder,0,LCAM,0.6639,0.4776
BA_PYR1_1286,nonbinder,0,LCA3S,0.7582,0.5685
BA_PYR1_1287,nonbinder,0,LCAM,0.5549,0.5111
BA_PYR1_1287,nonbinder,0,LCA3S,0.6821,0.5369
BA_PYR1_1288,nonbinder,1,LCAM,0.8394,0.8625
BA_PYR1_1288,nonbinder,1,LCA3S,0.8932,0.1901
BA_PYR1_1290,nonbinder,0,LCAM,0.6191,0.9076
BA_PYR1_1290,nonbinder,0,LCA3S,0.796,0.3359
BA_PYR1_1292,nonbinder,1,LCAM,0.7967,0.9085
BA_PYR1_1292,nonbinder,1,LCA3S,0.8484,0.372
BA_PYR1_1293,nonbinder,0,LCAM,0.4689,0.4359
BA_PYR1_1293,nonbinder,0,LCA3S,0.6075,0.4564
BA_PYR1_1294,nonbinder,0,LCAM,0.6317,0.4774
BA_PYR1_1294,nonbinder,0,LCA3S,0.7653,0.0787
BA_PYR1_1295,nonbinder,1,LCAM,0.8326,0.705
BA_PYR1_1295,nonbinder,1,LCA3S,0.688,0.3781
BA_PYR1_1296,nonbinder,0,LCAM,0.7712,0.6713
BA_PYR1_1296,nonbinder,0,LCA3S,0.6882,0.0675
BA_PYR1_1297,nonbinder,0,LCAM,0.833,0.7364
BA_PYR1_1297,nonbinder,0,LCA3S,0.7144,0.4449
BA_PYR1_1298,nonbinder,0,LCAM,0.806,0.7
BA_PYR1_1298,nonbinder,0,LCA3S,0.7164,0.2346
BA_PYR1_1299,nonbinder,1,LCAM,0.9087,0.5322
BA_PYR1_1299,nonbinder,1,LCA3S,0.9099,0.3004
BA_PYR1_1300,nonbinder,0,LCAM,0.8846,0.8791
BA_PYR1_1300,nonbinder,0,LCA3S,0.9104,0.4641
BA_PYR1_1301,nonbinder,0,LCAM,0.6379,0.5056
BA_PYR1_1301,nonbinder,0,LCA3S,0.8937,0.1498
BA_PYR1_1302,nonbinder,0,LCAM,0.8438,0.771
BA_PYR1_1302,nonbinder,0,LCA3S,0.9011,0.0976
BA_PYR1_1303,nonbinder,0,LCAM,0.8877,0.6992
BA_PYR1_1303,nonbinder,0,LCA3S,0.9237,0.0391
BA_PYR1_1304,nonbinder,0,LCAM,0.9293,0.6487
BA_PYR1_1304,nonbinder,0,LCA3S,0.9357,0.3341
BA_PYR1_1305,nonbinder,0,LCAM,0.9079,0.7556
BA_PYR1_1305,nonbinder,0,LCA3S,0.9175,0.2088
BA_PYR1_1306,nonbinder,0,LCAM,0.9,0.5045
BA_PYR1_1306,nonbinder,0,LCA3S,0.8762,0.3836
BA_PYR1_1307,nonbinder,0,LCAM,0.9113,0.7771
BA_PYR1_1307,nonbinder,0,LCA3S,0.952,0.1613
BA_PYR1_1308,nonbinder,0,LCAM,0.8689,0.6771
BA_PYR1_1308,nonbinder,0,LCA3S,0.8555,0.0902
BA_PYR1_1309,nonbinder,1,LCAM,0.8908,0.6598
BA_PYR1_1309,nonbinder,1,LCA3S,0.9216,0.0614
BA_PYR1_1310,nonbinder,0,LCAM,0.8867,0.6535
BA_PYR1_1310,nonbinder,0,LCA3S,0.9426,0.0379
BA_PYR1_1311,nonbinder,0,LCAM,0.7915,0.1577
BA_PYR1_1311,nonbinder,0,LCA3S,0.5857,0.3753
BA_PYR1_1312,nonbinder,0,LCAM,0.861,0.296
BA_PYR1_1312,nonbinder,0,LCA3S,0.8379,0.2129
BA_PYR1_1313,nonbinder,0,LCAM,0.5869,0.932
BA_PYR1_1313,nonbinder,0,LCA3S,0.8268,0.2325
BA_PYR1_1314,nonbinder,0,LCAM,0.5283,0.4621
BA_PYR1_1314,nonbinder,0,LCA3S,0.7016,0.5552
BA_PYR1_1315,nonbinder,0,LCAM,0.5469,0.3726
BA_PYR1_1315,nonbinder,0,LCA3S,0.7461,0.3207
BA_PYR1_1316,nonbinder,0,LCAM,0.5869,0.361
BA_PYR1_1316,nonbinder,0,LCA3S,0.777,0.254
BA_PYR1_1317,nonbinder,0,LCAM,0.4645,0.5741
BA_PYR1_1317,nonbinder,0,LCA3S,0.6448,0.3103
BA_PYR1_1318,nonbinder,0,LCAM,0.8064,0.2466
BA_PYR1_1318,nonbinder,0,LCA3S,0.8878,0.3269
BA_PYR1_1319,nonbinder,0,LCAM,0.5643,0.6986
BA_PYR1_1319,nonbinder,0,LCA3S,0.7696,0.4486
BA_PYR1_1322,nonbinder,0,LCAM,0.6138,0.716
BA_PYR1_1322,nonbinder,0,LCA3S,0.6711,0.1133
BA_PYR1_1323,nonbinder,0,LCAM,0.6834,0.5968
BA_PYR1_1323,nonbinder,0,LCA3S,0.7363,0.1501
BA_PYR1_1324,nonbinder,0,LCAM,0.8175,0.7465
BA_PYR1_1324,nonbinder,0,LCA3S,0.86,0.2696
BA_PYR1_1328,binder,1,LCAM,0.8217,0.3021
BA_PYR1_1328,binder,1,LCA3S,0.8376,0.3928
BA_PYR1_1329,binder,1,LCAM,0.8623,0.7017
BA_PYR1_1329,binder,1,LCA3S,0.8734,0.1341
BA_PYR1_1330,binder,1,LCAM,0.8814,0.712
BA_PYR1_1330,binder,1,LCA3S,0.8498,0.0657
BA_PYR1_1331,nonbinder,0,LCAM,0.6911,0.3857
BA_PYR1_1331,nonbinder,0,LCA3S,0.9061,0.2419
BA_PYR1_1332,nonbinder,0,LCAM,0.5055,0.0744
BA_PYR1_1332,nonbinder,0,LCA3S,0.6494,0.1521
BA_PYR1_1333,nonbinder,0,LCAM,0.5456,0.8608
BA_PYR1_1333,nonbinder,0,LCA3S,0.7872,0.2758
BA_PYR1_1335,nonbinder,0,LCAM,0.5124,0.4262
BA_PYR1_1335,nonbinder,0,LCA3S,0.7937,0.2263
BA_PYR1_1336,nonbinder,0,LCAM,0.7071,0.6015
BA_PYR1_1336,nonbinder,0,LCA3S,0.9192,0.5581
BA_PYR1_1337,nonbinder,0,LCAM,0.7848,0.6724
BA_PYR1_1337,nonbinder,0,LCA3S,0.831,0.1383
BA_PYR1_1338,nonbinder,0,LCAM,0.7038,0.5532
BA_PYR1_1338,nonbinder,0,LCA3S,0.8337,0.6039
BA_PYR1_1339,nonbinder,0,LCAM,0.6865,0.3798
BA_PYR1_1339,nonbinder,0,LCA3S,0.8452,0.2428
BA_PYR1_1340,nonbinder,0,LCAM,0.4931,0.4991
BA_PYR1_1340,nonbinder,0,LCA3S,0.6977,0.3718
BA_PYR1_1341,nonbinder,0,LCAM,0.6002,0.7442
BA_PYR1_1341,nonbinder,0,LCA3S,0.838,0.552
BA_PYR1_1342,nonbinder,0,LCAM,0.671,0.7171
BA_PYR1_1342,nonbinder,0,LCA3S,0.6759,0.447
BA_PYR1_1343,nonbinder,0,LCAM,0.8384,0.7252
BA_PYR1_1343,nonbinder,0,LCA3S,0.8193,0.3224
BA_PYR1_1344,nonbinder,0,LCAM,0.8601,0.8149
BA_PYR1_1344,nonbinder,0,LCA3S,0.7593,0.2942
BA_PYR1_1345,nonbinder,0,LCAM,0.5838,0.4981
BA_PYR1_1345,nonbinder,0,LCA3S,0.7753,0.8558
BA_PYR1_1346,nonbinder,0,LCAM,0.7918,0.4824
BA_PYR1_1346,nonbinder,0,LCA3S,0.8514,0.7518
BA_PYR1_1347,nonbinder,0,LCAM,0.8163,0.4446
BA_PYR1_1347,nonbinder,0,LCA3S,0.9234,0.2711
BA_PYR1_1348,nonbinder,0,LCAM,0.5833,0.4768
BA_PYR1_1348,nonbinder,0,LCA3S,0.7603,0.371
BA_PYR1_1349,nonbinder,1,LCAM,0.8428,0.9461
BA_PYR1_1349,nonbinder,1,LCA3S,0.8739,0.1865
BA_PYR1_1350,nonbinder,0,LCAM,0.763,0.9454
BA_PYR1_1350,nonbinder,0,LCA3S,0.8545,0.357
BA_PYR1_1351,nonbinder,0,LCAM,0.7721,0.5991
BA_PYR1_1351,nonbinder,0,LCA3S,0.6973,0.4834
BA_PYR1_1352,nonbinder,0,LCAM,0.7781,0.2772
BA_PYR1_1352,nonbinder,0,LCA3S,0.5848,0.4322
BA_PYR1_1353,nonbinder,0,LCAM,0.8814,0.34
BA_PYR1_1353,nonbinder,0,LCA3S,0.9095,0.4664
BA_PYR1_1354,nonbinder,0,LCAM,0.8205,0.8334
BA_PYR1_1354,nonbinder,0,LCA3S,0.9345,0.1427
BA_PYR1_1355,nonbinder,0,LCAM,0.8681,0.7029
BA_PYR1_1355,nonbinder,0,LCA3S,0.8353,0.4311
BA_PYR1_1356,nonbinder,0,LCAM,0.8805,0.8231
BA_PYR1_1356,nonbinder,0,LCA3S,0.9374,0.0369
BA_PYR1_1357,nonbinder,0,LCAM,0.6878,0.3167
BA_PYR1_1357,nonbinder,0,LCA3S,0.8781,0.8704
BA_PYR1_1358,nonbinder,0,LCAM,0.7231,0.2837
BA_PYR1_1358,nonbinder,0,LCA3S,0.5652,0.4007
BA_PYR1_1359,nonbinder,0,LCAM,0.5804,0.2571
BA_PYR1_1359,nonbinder,0,LCA3S,0.6127,0.2642
BA_PYR1_1360,nonbinder,0,LCAM,0.5633,0.3844
BA_PYR1_1360,nonbinder,0,LCA3S,0.5911,0.1773
BA_PYR1_1361,nonbinder,0,LCAM,0.4739,0.4839
BA_PYR1_1361,nonbinder,0,LCA3S,0.6803,0.6342
BA_PYR1_1368,nonbinder,0,LCAM,0.8998,0.7492
BA_PYR1_1368,nonbinder,0,LCA3S,0.9465,0.1052
BA_PYR1_1369,nonbinder,0,LCAM,0.5846,0.8279
BA_PYR1_1369,nonbinder,0,LCA3S,0.7762,0.8005
BA_PYR1_1370,nonbinder,0,LCAM,0.5054,0.5814
BA_PYR1_1370,nonbinder,0,LCA3S,0.8643,0.1613
BA_PYR1_1371,nonbinder,0,LCAM,0.5125,0.3666
BA_PYR1_1371,nonbinder,0,LCA3S,0.8644,0.4502
BA_PYR1_1372,nonbinder,0,LCAM,0.8173,0.4668
BA_PYR1_1372,nonbinder,0,LCA3S,0.925,0.1092
BA_PYR1_1375,binder,1,LCAM,0.6466,0.9703
BA_PYR1_1375,binder,1,LCA3S,0.8487,0.3886
BA_PYR1_1377,nonbinder,0,LCAM,0.6829,0.5682
BA_PYR1_1377,nonbinder,0,LCA3S,0.7633,0.1012
BA_PYR1_1378,nonbinder,0,LCAM,0.7433,0.5447
BA_PYR1_1378,nonbinder,0,LCA3S,0.7586,0.2474
BA_PYR1_1381,binder,1,LCAM,0.5931,0.1817
BA_PYR1_1381,binder,1,LCA3S,0.8105,0.3378
BA_PYR1_1382,nonbinder,0,LCAM,0.8094,0.4797
BA_PYR1_1382,nonbinder,0,LCA3S,0.9179,0.0872
BA_PYR1_1383,nonbinder,0,LCAM,0.6185,0.5506
BA_PYR1_1383,nonbinder,0,LCA3S,0.7838,0.3745
BA_PYR1_1384,binder,1,LCAM,0.7934,0.7533
BA_PYR1_1384,binder,1,LCA3S,0.8517,0.2867
BA_PYR1_1386,binder,1,LCAM,0.8895,0.7779
BA_PYR1_1386,binder,1,LCA3S,0.9083,0.4847
BA_PYR1_1388,binder,1,LCAM,0.8619,0.8253
BA_PYR1_1388,binder,1,LCA3S,0.8483,0.1102
BA_PYR1_1391,binder,1,LCAM,0.8575,0.9821
BA_PYR1_1391,binder,1,LCA3S,0.875,0.044
BA_PYR1_1392,binder,1,LCAM,0.8523,0.9484
BA_PYR1_1392,binder,1,LCA3S,0.8799,0.2171
BA_PYR1_1394,nonbinder,0,LCAM,0.568,0.4641
BA_PYR1_1394,nonbinder,0,LCA3S,0.8909,0.175
BA_PYR1_1395,nonbinder,0,LCAM,0.9134,0.4417
BA_PYR1_1395,nonbinder,0,LCA3S,0.9405,0.0869
BA_PYR1_1396,nonbinder,0,LCAM,0.894,0.5036
BA_PYR1_1396,nonbinder,0,LCA3S,0.9355,0.1884
BA_PYR1_1397,nonbinder,0,LCAM,0.8194,0.7081
BA_PYR1_1397,nonbinder,0,LCA3S,0.9002,0.1356
BA_PYR1_1398,nonbinder,1,LCAM,0.9029,0.7166
BA_PYR1_1398,nonbinder,1,LCA3S,0.9491,0.0471
BA_PYR1_1399,nonbinder,0,LCAM,0.7679,0.1914
BA_PYR1_1399,nonbinder,0,LCA3S,0.7933,0.2992
BA_PYR1_1400,nonbinder,0,LCAM,0.5886,0.5126
BA_PYR1_1400,nonbinder,0,LCA3S,0.57,0.4046
BA_PYR1_1401,nonbinder,0,LCAM,0.5879,0.1053
BA_PYR1_1401,nonbinder,0,LCA3S,0.5592,0.3832
BA_PYR1_1403,nonbinder,0,LCAM,0.6348,0.1602
BA_PYR1_1403,nonbinder,0,LCA3S,0.778,0.258
BA_PYR1_1404,nonbinder,0,LCAM,0.6477,0.8801
BA_PYR1_1404,nonbinder,0,LCA3S,0.7804,0.7666
BA_PYR1_1405,nonbinder,0,LCAM,0.6785,0.7246
BA_PYR1_1405,nonbinder,0,LCA3S,0.7284,0.2104
BA_PYR1_1406,nonbinder,0,LCAM,0.6849,0.6837
BA_PYR1_1406,nonbinder,0,LCA3S,0.7543,0.1469
BA_PYR1_1407,nonbinder,0,LCAM,0.5129,0.4507
BA_PYR1_1407,nonbinder,0,LCA3S,0.6757,0.22
BA_PYR1_1408,nonbinder,1,LCAM,0.7772,0.8097
BA_PYR1_1408,nonbinder,1,LCA3S,0.8941,0.3416
BA_PYR1_1409,nonbinder,0,LCAM,0.5228,0.1904
BA_PYR1_1409,nonbinder,0,LCA3S,0.572,0.7236
BA_PYR1_1410,nonbinder,0,LCAM,0.4893,0.6322
BA_PYR1_1410,nonbinder,0,LCA3S,0.5896,0.0973
BA_PYR1_1411,nonbinder,0,LCAM,0.4874,0.8135
BA_PYR1_1411,nonbinder,0,LCA3S,0.7007,0.3574
BA_PYR1_1412,nonbinder,0,LCAM,0.491,0.9081
BA_PYR1_1412,nonbinder,0,LCA3S,0.6707,0.5629
BA_PYR1_1413,nonbinder,0,LCAM,0.7078,0.4824
BA_PYR1_1413,nonbinder,0,LCA3S,0.5145,0.2881
BA_PYR1_1414,nonbinder,0,LCAM,0.5714,0.9535
BA_PYR1_1414,nonbinder,0,LCA3S,0.8179,0.4205
BA_PYR1_1415,nonbinder,0,LCAM,0.5688,0.5263
BA_PYR1_1415,nonbinder,0,LCA3S,0.6246,0.5993
BA_PYR1_1417,nonbinder,0,LCAM,0.6805,0.5119
BA_PYR1_1417,nonbinder,0,LCA3S,0.8655,0.6607
BA_PYR1_1426,nonbinder,0,LCAM,0.6451,0.7629
BA_PYR1_1426,nonbinder,0,LCA3S,0.8448,0.1844
BA_PYR1_1427,nonbinder,0,LCAM,0.6108,0.4745
BA_PYR1_1427,nonbinder,0,LCA3S,0.8748,0.5884
BA_PYR1_1428,nonbinder,0,LCAM,0.5457,0.7917
BA_PYR1_1428,nonbinder,0,LCA3S,0.7143,0.7059
BA_PYR1_1429,nonbinder,0,LCAM,0.718,0.6207
BA_PYR1_1429,nonbinder,0,LCA3S,0.8579,0.8141
BA_PYR1_1430,nonbinder,0,LCAM,0.847,0.6576
BA_PYR1_1430,nonbinder,0,LCA3S,0.8756,0.5068
BA_PYR1_1431,nonbinder,0,LCAM,0.887,0.6823
BA_PYR1_1431,nonbinder,0,LCA3S,0.9204,0.487
BA_PYR1_1432,nonbinder,0,LCAM,0.6699,0.4344
BA_PYR1_1432,nonbinder,0,LCA3S,0.8438,0.9144
BA_PYR1_1433,nonbinder,0,LCAM,0.8018,0.7204
BA_PYR1_1433,nonbinder,0,LCA3S,0.7785,0.416
BA_PYR1_1434,nonbinder,0,LCAM,0.7802,0.8084
BA_PYR1_1434,nonbinder,0,LCA3S,0.8577,0.1039
BA_PYR1_1435,nonbinder,0,LCAM,0.6374,0.313
BA_PYR1_1435,nonbinder,0,LCA3S,0.7874,0.9758
BA_PYR1_1437,nonbinder,0,LCAM,0.5031,0.415
BA_PYR1_1437,nonbinder,0,LCA3S,0.656,0.548
BA_PYR1_1440,nonbinder,0,LCAM,0.6616,0.7509
BA_PYR1_1440,nonbinder,0,LCA3S,0.7397,0.7595
BA_PYR1_1441,nonbinder,0,LCAM,0.8348,0.7213
BA_PYR1_1441,nonbinder,0,LCA3S,0.8648,0.3022
BA_PYR1_1442,nonbinder,0,LCAM,0.5647,0.6647
BA_PYR1_1442,nonbinder,0,LCA3S,0.7789,0.5335
BA_PYR1_1443,nonbinder,0,LCAM,0.8431,0.7497
BA_PYR1_1443,nonbinder,0,LCA3S,0.8728,0.3493
BA_PYR1_1444,nonbinder,0,LCAM,0.8831,0.6066
BA_PYR1_1444,nonbinder,0,LCA3S,0.8486,0.5339
BA_PYR1_1445,nonbinder,0,LCAM,0.5833,0.8731
BA_PYR1_1445,nonbinder,0,LCA3S,0.7901,0.2976
BA_PYR1_1446,nonbinder,0,LCAM,0.8165,0.6343
BA_PYR1_1446,nonbinder,0,LCA3S,0.918,0.3988
BA_PYR1_1447,nonbinder,0,LCAM,0.6964,0.7859
BA_PYR1_1447,nonbinder,0,LCA3S,0.7618,0.5196
BA_PYR1_1448,nonbinder,0,LCAM,0.8364,0.668
BA_PYR1_1448,nonbinder,0,LCA3S,0.8801,0.4867
BA_PYR1_1449,nonbinder,0,LCAM,0.7986,0.7057
BA_PYR1_1449,nonbinder,0,LCA3S,0.8533,0.4677
BA_PYR1_1450,nonbinder,0,LCAM,0.7249,0.8673
BA_PYR1_1450,nonbinder,0,LCA3S,0.7961,0.5267
BA_PYR1_1451,nonbinder,0,LCAM,0.7433,0.6872
BA_PYR1_1451,nonbinder,0,LCA3S,0.773,0.4869
BA_PYR1_1452,nonbinder,0,LCAM,0.6697,0.6186
BA_PYR1_1452,nonbinder,0,LCA3S,0.7937,0.5706
BA_PYR1_1453,nonbinder,0,LCAM,0.5163,0.4415
BA_PYR1_1453,nonbinder,0,LCA3S,0.6991,0.3847
BA_PYR1_1454,nonbinder,0,LCAM,0.667,0.5925
BA_PYR1_1454,nonbinder,0,LCA3S,0.6752,0.448
BA_PYR1_1455,nonbinder,0,LCAM,0.6176,0.872
BA_PYR1_1455,nonbinder,0,LCA3S,0.8306,0.539
BA_PYR1_1456,nonbinder,0,LCAM,0.85,0.6723
BA_PYR1_1456,nonbinder,0,LCA3S,0.8622,0.5201
BA_PYR1_1457,nonbinder,0,LCAM,0.7373,0.7346
BA_PYR1_1457,nonbinder,0,LCA3S,0.8478,0.6855
BA_PYR1_1458,nonbinder,0,LCAM,0.6027,0.4652
BA_PYR1_1458,nonbinder,0,LCA3S,0.8503,0.6908
BA_PYR1_1459,nonbinder,0,LCAM,0.8336,0.5029
BA_PYR1_1459,nonbinder,0,LCA3S,0.7177,0.2701
BA_PYR1_1460,nonbinder,0,LCAM,0.8153,0.7693
BA_PYR1_1460,nonbinder,0,LCA3S,0.6838,0.2884
BA_PYR1_1461,nonbinder,0,LCAM,0.8007,0.5265
BA_PYR1_1461,nonbinder,0,LCA3S,0.7495,0.1401
BA_PYR1_1462,nonbinder,0,LCAM,0.5066,0.4064
BA_PYR1_1462,nonbinder,0,LCA3S,0.5238,0.4506
BA_PYR1_1463,nonbinder,0,LCAM,0.5488,0.7405
BA_PYR1_1463,nonbinder,0,LCA3S,0.5955,0.3795
BA_PYR1_1464,nonbinder,0,LCAM,0.7555,0.4839
BA_PYR1_1464,nonbinder,0,LCA3S,0.8378,0.8169
BA_PYR1_1465,nonbinder,0,LCAM,0.565,0.5866
BA_PYR1_1465,nonbinder,0,LCA3S,0.695,0.2559
BA_PYR1_1466,nonbinder,0,LCAM,0.5314,0.5878
BA_PYR1_1466,nonbinder,0,LCA3S,0.7158,0.5064
BA_PYR1_1467,nonbinder,0,LCAM,0.6317,0.443
BA_PYR1_1467,nonbinder,0,LCA3S,0.8859,0.7077
BA_PYR1_1468,nonbinder,1,LCAM,0.8569,0.9784
BA_PYR1_1468,nonbinder,1,LCA3S,0.9077,0.1308
BA_PYR1_1470,nonbinder,1,LCAM,0.8759,0.5836
BA_PYR1_1470,nonbinder,1,LCA3S,0.8991,0.4757
BA_PYR1_1471,nonbinder,1,LCAM,0.7031,0.4806
BA_PYR1_1471,nonbinder,1,LCA3S,0.8652,0.3959
BA_PYR1_1472,nonbinder,0,LCAM,0.8088,0.5114
BA_PYR1_1472,nonbinder,0,LCA3S,0.8638,0.3051
BA_PYR1_1473,nonbinder,0,LCAM,0.503,0.4725
BA_PYR1_1473,nonbinder,0,LCA3S,0.8648,0.1265
BA_PYR1_1474,nonbinder,0,LCAM,0.6174,0.6644
BA_PYR1_1474,nonbinder,0,LCA3S,0.7946,0.1989
BA_PYR1_1475,nonbinder,1,LCAM,0.7373,0.8339
BA_PYR1_1475,nonbinder,1,LCA3S,0.8217,0.1847
BA_PYR1_1478,nonbinder,1,LCAM,0.8125,0.8746
BA_PYR1_1478,nonbinder,1,LCA3S,0.8687,0.5396
BA_PYR1_1481,nonbinder,0,LCAM,0.5197,0.4962
BA_PYR1_1481,nonbinder,0,LCA3S,0.644,0.5482
BA_PYR1_1482,nonbinder,0,LCAM,0.7415,0.4638
BA_PYR1_1482,nonbinder,0,LCA3S,0.8291,0.3019
BA_PYR1_1483,nonbinder,0,LCAM,0.7907,0.6859
BA_PYR1_1483,nonbinder,0,LCA3S,0.7407,0.2818
BA_PYR1_1484,nonbinder,0,LCAM,0.8255,0.1722
BA_PYR1_1484,nonbinder,0,LCA3S,0.8282,0.519
BA_PYR1_1486,nonbinder,0,LCAM,0.7798,0.8595
BA_PYR1_1486,nonbinder,0,LCA3S,0.8919,0.1502
BA_PYR1_1487,nonbinder,0,LCAM,0.8446,0.5257
BA_PYR1_1487,nonbinder,0,LCA3S,0.8761,0.5229
BA_PYR1_1488,nonbinder,0,LCAM,0.8307,0.4739
BA_PYR1_1488,nonbinder,0,LCA3S,0.7267,0.7778
BA_PYR1_1489,nonbinder,0,LCAM,0.7889,0.2953
BA_PYR1_1489,nonbinder,0,LCA3S,0.697,0.4396
BA_PYR1_1490,nonbinder,1,LCAM,0.7801,0.609
BA_PYR1_1490,nonbinder,1,LCA3S,0.783,0.2421
BA_PYR1_1491,nonbinder,1,LCAM,0.9371,0.641
BA_PYR1_1491,nonbinder,1,LCA3S,0.9594,0.1796
BA_PYR1_1492,nonbinder,0,LCAM,0.604,0.7718
BA_PYR1_1492,nonbinder,0,LCA3S,0.8788,0.2097
BA_PYR1_1493,nonbinder,1,LCAM,0.9348,0.2007
BA_PYR1_1493,nonbinder,1,LCA3S,0.9443,0.07
BA_PYR1_1494,nonbinder,0,LCAM,0.8674,0.4926
BA_PYR1_1494,nonbinder,0,LCA3S,0.9017,0.4857
BA_PYR1_1495,nonbinder,0,LCAM,0.7739,0.7542
BA_PYR1_1495,nonbinder,0,LCA3S,0.9273,0.0917
BA_PYR1_1496,nonbinder,1,LCAM,0.8665,0.7638
BA_PYR1_1496,nonbinder,1,LCA3S,0.9095,0.0399
BA_PYR1_1497,nonbinder,0,LCAM,0.8521,0.6282
BA_PYR1_1497,nonbinder,0,LCA3S,0.917,0.0681
BA_PYR1_1498,nonbinder,1,LCAM,0.9314,0.678
BA_PYR1_1498,nonbinder,1,LCA3S,0.9196,0.1901
BA_PYR1_1499,nonbinder,0,LCAM,0.8808,0.1605
BA_PYR1_1499,nonbinder,0,LCA3S,0.884,0.475
BA_PYR1_1500,nonbinder,1,LCAM,0.9194,0.533
BA_PYR1_1500,nonbinder,1,LCA3S,0.9409,0.4183
BA_PYR1_1501,nonbinder,0,LCAM,0.8978,0.2443
BA_PYR1_1501,nonbinder,0,LCA3S,0.9124,0.4745
BA_PYR1_1502,nonbinder,0,LCAM,0.8537,0.6322
BA_PYR1_1502,nonbinder,0,LCA3S,0.8616,0.4617
BA_PYR1_1503,nonbinder,0,LCAM,0.8863,0.8731
BA_PYR1_1503,nonbinder,0,LCA3S,0.9039,0.0934
BA_PYR1_1504,nonbinder,0,LCAM,0.8961,0.5813
BA_PYR1_1504,nonbinder,0,LCA3S,0.908,0.3968
BA_PYR1_1505,nonbinder,0,LCAM,0.8671,0.8207
BA_PYR1_1505,nonbinder,0,LCA3S,0.9288,0.3659
BA_PYR1_1506,nonbinder,0,LCAM,0.8651,0.7943
BA_PYR1_1506,nonbinder,0,LCA3S,0.9184,0.4681
BA_PYR1_1507,nonbinder,0,LCAM,0.9043,0.9697
BA_PYR1_1507,nonbinder,0,LCA3S,0.9577,0.151
BA_PYR1_1508,nonbinder,1,LCAM,0.87,0.8647
BA_PYR1_1508,nonbinder,1,LCA3S,0.9382,0.0769
BA_PYR1_1509,nonbinder,0,LCAM,0.8432,0.748
BA_PYR1_1509,nonbinder,0,LCA3S,0.9033,0.0795
BA_PYR1_1510,nonbinder,0,LCAM,0.8801,0.9131
BA_PYR1_1510,nonbinder,0,LCA3S,0.8675,0.4828
BA_PYR1_1511,nonbinder,0,LCAM,0.868,0.6858
BA_PYR1_1511,nonbinder,0,LCA3S,0.8372,0.5832
BA_PYR1_1512,nonbinder,0,LCAM,0.9129,0.2017
BA_PYR1_1512,nonbinder,0,LCA3S,0.9439,0.2674
BA_PYR1_1513,nonbinder,0,LCAM,0.8997,0.8008
BA_PYR1_1513,nonbinder,0,LCA3S,0.9142,0.3609
BA_PYR1_1514,nonbinder,0,LCAM,0.8883,0.6919
BA_PYR1_1514,nonbinder,0,LCA3S,0.8913,0.4514
BA_PYR1_1515,nonbinder,1,LCAM,0.9095,0.8957
BA_PYR1_1515,nonbinder,1,LCA3S,0.9473,0.0488
BA_PYR1_1516,nonbinder,0,LCAM,0.8905,0.7071
BA_PYR1_1516,nonbinder,0,LCA3S,0.9385,0.0531
BA_PYR1_1517,nonbinder,0,LCAM,0.7133,0.4572
BA_PYR1_1517,nonbinder,0,LCA3S,0.896,0.932
BA_PYR1_1518,nonbinder,0,LCAM,0.6051,0.4339
BA_PYR1_1518,nonbinder,0,LCA3S,0.7049,0.4051
BA_PYR1_1519,nonbinder,0,LCAM,0.7811,0.1763
BA_PYR1_1519,nonbinder,0,LCA3S,0.6486,0.5129
BA_PYR1_1520,nonbinder,0,LCAM,0.6236,0.8474
BA_PYR1_1520,nonbinder,0,LCA3S,0.8307,0.5835
BA_PYR1_1521,nonbinder,0,LCAM,0.8498,0.1755
BA_PYR1_1521,nonbinder,0,LCA3S,0.8649,0.3113
BA_PYR1_1522,nonbinder,0,LCAM,0.8395,0.1173
BA_PYR1_1522,nonbinder,0,LCA3S,0.8062,0.3749
BA_PYR1_1523,nonbinder,0,LCAM,0.8418,0.1792
BA_PYR1_1523,nonbinder,0,LCA3S,0.7514,0.3114
BA_PYR1_1524,nonbinder,0,LCAM,0.6406,0.2937
BA_PYR1_1524,nonbinder,0,LCA3S,0.8264,0.5219
BA_PYR1_1525,nonbinder,0,LCAM,0.5854,0.73
BA_PYR1_1525,nonbinder,0,LCA3S,0.8299,0.0845
BA_PYR1_1526,nonbinder,0,LCAM,0.8632,0.7999
BA_PYR1_1526,nonbinder,0,LCA3S,0.8929,0.1483
BA_PYR1_1527,nonbinder,0,LCAM,0.5265,0.4702
BA_PYR1_1527,nonbinder,0,LCA3S,0.7393,0.1849
BA_PYR1_1528,nonbinder,0,LCAM,0.6214,0.7663
BA_PYR1_1528,nonbinder,0,LCA3S,0.7582,0.5782
BA_PYR1_1529,nonbinder,0,LCAM,0.4943,0.6066
BA_PYR1_1529,nonbinder,0,LCA3S,0.6725,0.5345
BA_PYR1_1530,nonbinder,0,LCAM,0.8217,0.1786
BA_PYR1_1530,nonbinder,0,LCA3S,0.8281,0.4795
BA_PYR1_1531,nonbinder,0,LCAM,0.813,0.1693
BA_PYR1_1531,nonbinder,0,LCA3S,0.7734,0.3456
BA_PYR1_1532,nonbinder,0,LCAM,0.8715,0.7855
BA_PYR1_1532,nonbinder,0,LCA3S,0.9162,0.1902
BA_PYR1_1533,nonbinder,0,LCAM,0.7856,0.6021
BA_PYR1_1533,nonbinder,0,LCA3S,0.879,0.2675
BA_PYR1_1534,nonbinder,0,LCAM,0.9103,0.7072
BA_PYR1_1534,nonbinder,0,LCA3S,0.9356,0.4517
BA_PYR1_1535,nonbinder,0,LCAM,0.6083,0.8472
BA_PYR1_1535,nonbinder,0,LCA3S,0.7725,0.3953
BA_PYR1_1536,nonbinder,0,LCAM,0.6317,0.6792
BA_PYR1_1536,nonbinder,0,LCA3S,0.8125,0.0938
BA_PYR1_1542,nonbinder,0,LCAM,0.6762,0.7912
BA_PYR1_1542,nonbinder,0,LCA3S,0.7587,0.2709
BA_PYR1_1543,nonbinder,0,LCAM,0.6292,0.8302
BA_PYR1_1543,nonbinder,0,LCA3S,0.5262,0.5229
BA_PYR1_1544,nonbinder,0,LCAM,0.6899,0.5075
BA_PYR1_1544,nonbinder,0,LCA3S,0.8207,0.7644
BA_PYR1_1545,nonbinder,0,LCAM,0.8492,0.7229
BA_PYR1_1545,nonbinder,0,LCA3S,0.8759,0.4636
BA_PYR1_1546,nonbinder,0,LCAM,0.7718,0.864
BA_PYR1_1546,nonbinder,0,LCA3S,0.8511,0.1585
BA_PYR1_1547,nonbinder,0,LCAM,0.7981,0.683
BA_PYR1_1547,nonbinder,0,LCA3S,0.8109,0.1951
BA_PYR1_1549,nonbinder,0,LCAM,0.608,0.2603
BA_PYR1_1549,nonbinder,0,LCA3S,0.6634,0.1795
BA_PYR1_1550,nonbinder,0,LCAM,0.7628,0.6407
BA_PYR1_1550,nonbinder,0,LCA3S,0.6499,0.3171
BA_PYR1_1551,nonbinder,0,LCAM,0.5154,0.5347
BA_PYR1_1551,nonbinder,0,LCA3S,0.647,0.1654
BA_PYR1_1552,nonbinder,0,LCAM,0.583,0.4525
BA_PYR1_1552,nonbinder,0,LCA3S,0.7895,0.1757
BA_PYR1_1553,nonbinder,0,LCAM,0.7465,0.8851
BA_PYR1_1553,nonbinder,0,LCA3S,0.9064,0.0513
BA_PYR1_1554,nonbinder,1,LCAM,0.866,0.481
BA_PYR1_1554,nonbinder,1,LCA3S,0.7921,0.5178
BA_PYR1_1555,nonbinder,0,LCAM,0.7754,0.8786
BA_PYR1_1555,nonbinder,0,LCA3S,0.8704,0.1055
BA_PYR1_1556,nonbinder,0,LCAM,0.799,0.7404
BA_PYR1_1556,nonbinder,0,LCA3S,0.7787,0.1047
BA_PYR1_1557,nonbinder,0,LCAM,0.61,0.7602
BA_PYR1_1557,nonbinder,0,LCA3S,0.8116,0.4979
BA_PYR1_1558,nonbinder,0,LCAM,0.6571,0.5998
BA_PYR1_1558,nonbinder,0,LCA3S,0.6083,0.3505
BA_PYR1_1559,nonbinder,0,LCAM,0.7032,0.6044
BA_PYR1_1559,nonbinder,0,LCA3S,0.6436,0.2611
BA_PYR1_1560,nonbinder,0,LCAM,0.6595,0.5178
BA_PYR1_1560,nonbinder,0,LCA3S,0.596,0.3216
BA_PYR1_1561,nonbinder,0,LCAM,0.6867,0.5435
BA_PYR1_1561,nonbinder,0,LCA3S,0.7038,0.3267
BA_PYR1_1562,nonbinder,0,LCAM,0.6504,0.2875
BA_PYR1_1562,nonbinder,0,LCA3S,0.57,0.5769
BA_PYR1_1563,nonbinder,0,LCAM,0.7426,0.4711
BA_PYR1_1563,nonbinder,0,LCA3S,0.9058,0.3943
BA_PYR1_1564,nonbinder,0,LCAM,0.7726,0.8883
BA_PYR1_1564,nonbinder,0,LCA3S,0.8025,0.7931
BA_PYR1_1565,nonbinder,0,LCAM,0.5025,0.6337
BA_PYR1_1565,nonbinder,0,LCA3S,0.6837,0.2493
BA_PYR1_1566,nonbinder,0,LCAM,0.5579,0.2814
BA_PYR1_1566,nonbinder,0,LCA3S,0.5903,0.5462
BA_PYR1_1567,nonbinder,0,LCAM,0.6895,0.4805
BA_PYR1_1567,nonbinder,0,LCA3S,0.6607,0.5469
BA_PYR1_1568,nonbinder,0,LCAM,0.6451,0.3167
BA_PYR1_1568,nonbinder,0,LCA3S,0.6745,0.5298
BA_PYR1_1569,nonbinder,0,LCAM,0.8899,0.7401
BA_PYR1_1569,nonbinder,0,LCA3S,0.9106,0.3691
BA_PYR1_1570,nonbinder,0,LCAM,0.5131,0.8043
BA_PYR1_1570,nonbinder,0,LCA3S,0.7108,0.7949
BA_PYR1_1571,nonbinder,0,LCAM,0.7917,0.6999
BA_PYR1_1571,nonbinder,0,LCA3S,0.827,0.1618
BA_PYR1_1572,nonbinder,0,LCAM,0.5128,0.7002
BA_PYR1_1572,nonbinder,0,LCA3S,0.5977,0.5989
BA_PYR1_1573,nonbinder,0,LCAM,0.5484,0.2777
BA_PYR1_1573,nonbinder,0,LCA3S,0.6289,0.3026
BA_PYR1_1574,nonbinder,0,LCAM,0.5614,0.5882
BA_PYR1_1574,nonbinder,0,LCA3S,0.7065,0.5068
BA_PYR1_1575,nonbinder,0,LCAM,0.7354,0.4456
BA_PYR1_1575,nonbinder,0,LCA3S,0.6829,0.4052
BA_PYR1_1576,nonbinder,0,LCAM,0.7066,0.4713
BA_PYR1_1576,nonbinder,0,LCA3S,0.7252,0.1063
BA_PYR1_1577,nonbinder,0,LCAM,0.4897,0.4441
BA_PYR1_1577,nonbinder,0,LCA3S,0.6456,0.2825
BA_PYR1_1578,nonbinder,0,LCAM,0.5075,0.4825
BA_PYR1_1578,nonbinder,0,LCA3S,0.6175,0.1568
BA_PYR1_1579,nonbinder,0,LCAM,0.4194,0.5582
BA_PYR1_1579,nonbinder,0,LCA3S,0.5626,0.211
BA_PYR1_1580,nonbinder,0,LCAM,0.8274,0.8518
BA_PYR1_1580,nonbinder,0,LCA3S,0.9109,0.488
BA_PYR1_1581,nonbinder,0,LCAM,0.5481,0.6793
BA_PYR1_1581,nonbinder,0,LCA3S,0.6406,0.8151
BA_PYR1_1582,nonbinder,0,LCAM,0.6791,0.4655
BA_PYR1_1582,nonbinder,0,LCA3S,0.731,0.3076
BA_PYR1_1583,nonbinder,0,LCAM,0.7043,0.8163
BA_PYR1_1583,nonbinder,0,LCA3S,0.6146,0.4266
BA_PYR1_1584,nonbinder,0,LCAM,0.6525,0.675
BA_PYR1_1584,nonbinder,0,LCA3S,0.598,0.2595
BA_PYR1_1585,nonbinder,0,LCAM,0.6786,0.4117
BA_PYR1_1585,nonbinder,0,LCA3S,0.5492,0.3605
BA_PYR1_1586,nonbinder,0,LCAM,0.5911,0.6636
BA_PYR1_1586,nonbinder,0,LCA3S,0.7269,0.1994
BA_PYR1_1587,nonbinder,0,LCAM,0.4113,0.4979
BA_PYR1_1587,nonbinder,0,LCA3S,0.6762,0.3391
BA_PYR1_1588,nonbinder,0,LCAM,0.4864,0.7634
BA_PYR1_1588,nonbinder,0,LCA3S,0.5781,0.5296
BA_PYR1_1589,nonbinder,0,LCAM,0.6545,0.3584
BA_PYR1_1589,nonbinder,0,LCA3S,0.6386,0.7064
BA_PYR1_1590,nonbinder,0,LCAM,0.7069,0.3619
BA_PYR1_1590,nonbinder,0,LCA3S,0.6918,0.143
BA_PYR1_1591,nonbinder,0,LCAM,0.5479,0.5436
BA_PYR1_1591,nonbinder,0,LCA3S,0.6147,0.4683
BA_PYR1_1592,nonbinder,0,LCAM,0.4314,0.2701
BA_PYR1_1592,nonbinder,0,LCA3S,0.5428,0.4044
BA_PYR1_1593,nonbinder,1,LCAM,0.832,0.6302
BA_PYR1_1593,nonbinder,1,LCA3S,0.8742,0.4262
BA_PYR1_1594,nonbinder,0,LCAM,0.8113,0.4707
BA_PYR1_1594,nonbinder,0,LCA3S,0.7904,0.0863
BA_PYR1_1595,nonbinder,0,LCAM,0.4839,0.4715
BA_PYR1_1595,nonbinder,0,LCA3S,0.7096,0.314
BA_PYR1_1596,nonbinder,0,LCAM,0.7588,0.5069
BA_PYR1_1596,nonbinder,0,LCA3S,0.7564,0.4969
BA_PYR1_1597,nonbinder,0,LCAM,0.511,0.4203
BA_PYR1_1597,nonbinder,0,LCA3S,0.652,0.0761
BA_PYR1_1598,nonbinder,0,LCAM,0.6255,0.647
BA_PYR1_1598,nonbinder,0,LCA3S,0.6695,0.2152
BA_PYR1_1599,nonbinder,0,LCAM,0.6064,0.4814
BA_PYR1_1599,nonbinder,0,LCA3S,0.5991,0.5355
BA_PYR1_1600,nonbinder,0,LCAM,0.6508,0.6213
BA_PYR1_1600,nonbinder,0,LCA3S,0.6779,0.3215
BA_PYR1_1601,nonbinder,0,LCAM,0.6791,0.4765
BA_PYR1_1601,nonbinder,0,LCA3S,0.8447,0.4478
BA_PYR1_1602,nonbinder,0,LCAM,0.5734,0.5153
BA_PYR1_1602,nonbinder,0,LCA3S,0.7217,0.1356
BA_PYR1_1603,nonbinder,0,LCAM,0.595,0.2855
BA_PYR1_1603,nonbinder,0,LCA3S,0.8304,0.3586
BA_PYR1_1604,nonbinder,0,LCAM,0.7129,0.647
BA_PYR1_1604,nonbinder,0,LCA3S,0.6715,0.2615
BA_PYR1_1605,nonbinder,0,LCAM,0.7251,0.6554
BA_PYR1_1605,nonbinder,0,LCA3S,0.7232,0.4372
BA_PYR1_1606,nonbinder,0,LCAM,0.6562,0.2999
BA_PYR1_1606,nonbinder,0,LCA3S,0.6968,0.2332
BA_PYR1_1607,nonbinder,0,LCAM,0.6354,0.3063
BA_PYR1_1607,nonbinder,0,LCA3S,0.7021,0.1941
BA_PYR1_1608,nonbinder,0,LCAM,0.679,0.5279
BA_PYR1_1608,nonbinder,0,LCA3S,0.67,0.1015
BA_PYR1_1609,nonbinder,0,LCAM,0.8087,0.6933
BA_PYR1_1609,nonbinder,0,LCA3S,0.779,0.2459
BA_PYR1_1610,nonbinder,0,LCAM,0.8047,0.2751
BA_PYR1_1610,nonbinder,0,LCA3S,0.8034,0.3826
BA_PYR1_1611,nonbinder,0,LCAM,0.5223,0.7445
BA_PYR1_1611,nonbinder,0,LCA3S,0.7717,0.1314
BA_PYR1_1612,nonbinder,0,LCAM,0.5914,0.1495
BA_PYR1_1612,nonbinder,0,LCA3S,0.7771,0.4199
BA_PYR1_1613,nonbinder,0,LCAM,0.7803,0.76
BA_PYR1_1613,nonbinder,0,LCA3S,0.8122,0.0965
BA_PYR1_1614,nonbinder,0,LCAM,0.7828,0.6652
BA_PYR1_1614,nonbinder,0,LCA3S,0.8131,0.203
BA_PYR1_1615,nonbinder,0,LCAM,0.749,0.4428
BA_PYR1_1615,nonbinder,0,LCA3S,0.8161,0.5247
BA_PYR1_1616,nonbinder,0,LCAM,0.7845,0.4173
BA_PYR1_1616,nonbinder,0,LCA3S,0.7609,0.3579
BA_PYR1_1617,nonbinder,0,LCAM,0.7987,0.5418
BA_PYR1_1617,nonbinder,0,LCA3S,0.7904,0.4041
BA_PYR1_1618,nonbinder,0,LCAM,0.7616,0.5051
BA_PYR1_1618,nonbinder,0,LCA3S,0.6714,0.2529
BA_PYR1_1619,nonbinder,0,LCAM,0.7713,0.2603
BA_PYR1_1619,nonbinder,0,LCA3S,0.7436,0.4143
BA_PYR1_1620,nonbinder,0,LCAM,0.8026,0.6168
BA_PYR1_1620,nonbinder,0,LCA3S,0.7398,0.3641
BA_PYR1_1621,nonbinder,0,LCAM,0.8117,0.6308
BA_PYR1_1621,nonbinder,0,LCA3S,0.7824,0.3165
BA_PYR1_1622,nonbinder,0,LCAM,0.7909,0.5951
BA_PYR1_1622,nonbinder,0,LCA3S,0.7399,0.2321
BA_PYR1_1623,nonbinder,0,LCAM,0.7158,0.4362
BA_PYR1_1623,nonbinder,0,LCA3S,0.7516,0.1658
BA_PYR1_1624,nonbinder,0,LCAM,0.7513,0.6337
BA_PYR1_1624,nonbinder,0,LCA3S,0.8041,0.5048
BA_PYR1_1625,nonbinder,0,LCAM,0.5506,0.4734
BA_PYR1_1625,nonbinder,0,LCA3S,0.7479,0.2324
BA_PYR1_1626,nonbinder,0,LCAM,0.5889,0.4861
BA_PYR1_1626,nonbinder,0,LCA3S,0.8003,0.0953
BA_PYR1_1627,nonbinder,0,LCAM,0.7971,0.7788
BA_PYR1_1627,nonbinder,0,LCA3S,0.7765,0.5427
BA_PYR1_1628,nonbinder,0,LCAM,0.7936,0.7034
BA_PYR1_1628,nonbinder,0,LCA3S,0.7455,0.4249
BA_PYR1_1629,nonbinder,0,LCAM,0.6788,0.3971
BA_PYR1_1629,nonbinder,0,LCA3S,0.7164,0.1414
BA_PYR1_1630,nonbinder,0,LCAM,0.6818,0.4155
BA_PYR1_1630,nonbinder,0,LCA3S,0.6989,0.2865
BA_PYR1_1631,nonbinder,0,LCAM,0.4927,0.4331
BA_PYR1_1631,nonbinder,0,LCA3S,0.7741,0.9215
BA_PYR1_1632,nonbinder,0,LCAM,0.6129,0.7112
BA_PYR1_1632,nonbinder,0,LCA3S,0.6398,0.3889
BA_PYR1_1633,nonbinder,0,LCAM,0.7014,0.5459
BA_PYR1_1633,nonbinder,0,LCA3S,0.6924,0.3063
BA_PYR1_1634,nonbinder,0,LCAM,0.563,0.3607
BA_PYR1_1634,nonbinder,0,LCA3S,0.5939,0.424
BA_PYR1_1635,nonbinder,0,LCAM,0.6087,0.4701
BA_PYR1_1635,nonbinder,0,LCA3S,0.7195,0.1906
BA_PYR1_1636,nonbinder,0,LCAM,0.595,0.4521
BA_PYR1_1636,nonbinder,0,LCA3S,0.7254,0.1357
BA_PYR1_1637,nonbinder,0,LCAM,0.4569,0.3155
BA_PYR1_1637,nonbinder,0,LCA3S,0.6504,0.2322
BA_PYR1_1638,nonbinder,0,LCAM,0.4636,0.2781
BA_PYR1_1638,nonbinder,0,LCA3S,0.6589,0.2442
BA_PYR1_1639,nonbinder,0,LCAM,0.6366,0.3374
BA_PYR1_1639,nonbinder,0,LCA3S,0.6911,0.1156
BA_PYR1_1640,nonbinder,0,LCAM,0.4741,0.5645
BA_PYR1_1640,nonbinder,0,LCA3S,0.7076,0.1313
BA_PYR1_1641,nonbinder,0,LCAM,0.6782,0.3962
BA_PYR1_1641,nonbinder,0,LCA3S,0.737,0.1226
BA_PYR1_1642,nonbinder,0,LCAM,0.463,0.4105
BA_PYR1_1642,nonbinder,0,LCA3S,0.6384,0.2413
BA_PYR1_1643,nonbinder,0,LCAM,0.538,0.4531
BA_PYR1_1643,nonbinder,0,LCA3S,0.6346,0.2093
BA_PYR1_1644,nonbinder,0,LCAM,0.5766,0.4503
BA_PYR1_1644,nonbinder,0,LCA3S,0.7214,0.1809
BA_PYR1_1645,nonbinder,0,LCAM,0.756,0.2515
BA_PYR1_1645,nonbinder,0,LCA3S,0.6495,0.4569
BA_PYR1_1646,nonbinder,0,LCAM,0.4783,0.607
BA_PYR1_1646,nonbinder,0,LCA3S,0.6288,0.1398
BA_PYR1_1647,nonbinder,0,LCAM,0.5282,0.4491
BA_PYR1_1647,nonbinder,0,LCA3S,0.5965,0.324
BA_PYR1_1648,nonbinder,0,LCAM,0.5399,0.5518
BA_PYR1_1648,nonbinder,0,LCA3S,0.6754,0.3008
BA_PYR1_1649,nonbinder,0,LCAM,0.7216,0.8192
BA_PYR1_1649,nonbinder,0,LCA3S,0.6843,0.4307
BA_PYR1_1650,nonbinder,0,LCAM,0.8092,0.7268
BA_PYR1_1650,nonbinder,0,LCA3S,0.8683,0.5033
BA_PYR1_1651,nonbinder,0,LCAM,0.9007,0.6873
BA_PYR1_1651,nonbinder,0,LCA3S,0.9195,0.4981
BA_PYR1_1652,nonbinder,0,LCAM,0.4966,0.5382
BA_PYR1_1652,nonbinder,0,LCA3S,0.6417,0.7403
BA_PYR1_1653,nonbinder,0,LCAM,0.5359,0.2323
BA_PYR1_1653,nonbinder,0,LCA3S,0.6951,0.2111
BA_PYR1_1654,nonbinder,0,LCAM,0.6715,0.3601
BA_PYR1_1654,nonbinder,0,LCA3S,0.6213,0.4032
BA_PYR1_1655,nonbinder,1,LCAM,0.8667,0.7404
BA_PYR1_1655,nonbinder,1,LCA3S,0.8965,0.0972
BA_PYR1_1656,nonbinder,0,LCAM,0.6733,0.5196
BA_PYR1_1656,nonbinder,0,LCA3S,0.8708,0.3387
BA_PYR1_1657,nonbinder,0,LCAM,0.5331,0.9248
BA_PYR1_1657,nonbinder,0,LCA3S,0.7168,0.4235
BA_PYR1_1658,nonbinder,0,LCAM,0.626,0.5025
BA_PYR1_1658,nonbinder,0,LCA3S,0.6834,0.2733
BA_PYR1_1659,nonbinder,0,LCAM,0.7044,0.5564
BA_PYR1_1659,nonbinder,0,LCA3S,0.8017,0.5098
BA_PYR1_1660,nonbinder,0,LCAM,0.5746,0.4697
BA_PYR1_1660,nonbinder,0,LCA3S,0.6523,0.3299
BA_PYR1_1661,nonbinder,0,LCAM,0.6012,0.4919
BA_PYR1_1661,nonbinder,0,LCA3S,0.692,0.3499
BA_PYR1_1662,nonbinder,0,LCAM,0.6121,0.5193
BA_PYR1_1662,nonbinder,0,LCA3S,0.6558,0.4825
BA_PYR1_1663,nonbinder,0,LCAM,0.525,0.5223
BA_PYR1_1663,nonbinder,0,LCA3S,0.6891,0.4629
BA_PYR1_1664,nonbinder,0,LCAM,0.5068,0.6652
BA_PYR1_1664,nonbinder,0,LCA3S,0.61,0.4502
BA_PYR1_1665,nonbinder,0,LCAM,0.6549,0.8694
BA_PYR1_1665,nonbinder,0,LCA3S,0.7125,0.4612
BA_PYR1_1666,nonbinder,0,LCAM,0.5302,0.8105
BA_PYR1_1666,nonbinder,0,LCA3S,0.6633,0.7679
BA_PYR1_1667,nonbinder,0,LCAM,0.54,0.4635
BA_PYR1_1667,nonbinder,0,LCA3S,0.7328,0.2744
BA_PYR1_1668,nonbinder,0,LCAM,0.5706,0.4488
BA_PYR1_1668,nonbinder,0,LCA3S,0.5217,0.5066
BA_PYR1_1669,nonbinder,0,LCAM,0.7211,0.8773
BA_PYR1_1669,nonbinder,0,LCA3S,0.7903,0.3071
BA_PYR1_1671,nonbinder,0,LCAM,0.6221,0.2355
BA_PYR1_1671,nonbinder,0,LCA3S,0.6457,0.5303
BA_PYR1_1672,nonbinder,0,LCAM,0.7617,0.6616
BA_PYR1_1672,nonbinder,0,LCA3S,0.7835,0.3191
BA_PYR1_1673,nonbinder,0,LCAM,0.7073,0.2694
BA_PYR1_1673,nonbinder,0,LCA3S,0.6888,0.4142
BA_PYR1_1674,nonbinder,0,LCAM,0.6546,0.4667
BA_PYR1_1674,nonbinder,0,LCA3S,0.7216,0.9618
BA_PYR1_1675,nonbinder,0,LCAM,0.6197,0.3495
BA_PYR1_1675,nonbinder,0,LCA3S,0.6518,0.2409
BA_PYR1_1676,nonbinder,0,LCAM,0.5311,0.9439
BA_PYR1_1676,nonbinder,0,LCA3S,0.7065,0.3951
POS_G0,binder,1,LCAM,0.8577,0.6967
POS_G0,binder,1,LCA3S,0.8576,0.0729
POS_seq26,binder,1,LCAM,0.8921,0.349
POS_seq26,binder,1,LCA3S,0.8488,0.0861
